AGENCIA,CONTA,BANCO,TITULAR,OPERACAO,DATAHORA,VALOR
1520,1,SANTANDER,JOAO,DEPOSITO,2022-03-03T12:02:57,1030.57
1810,3,SANTANDER,CARLOS,DEPOSITO,2022-03-12T20:53:42,6439.44
1260,8,SANTANDER,BEATRIZ,DEPOSITO,2022-12-22T21:17:15,5096.59
2750,5,SANTANDER,ANA,DEPOSITO,2022-08-01T13:15:23,8522.11
3320,4,SANTANDER,MARIA,SAQUE,2022-11-29T18:20:29,9226.38
2870,9,SANTANDER,PAULO,SAQUE,2022-06-24T04:49:30,2251.89
1810,3,SANTANDER,CARLOS,SAQUE,2022-10-08T11:00:20,3204.44
3320,4,SANTANDER,MARIA,DEPOSITO,2022-08-30T03:45:53,5625.66
3090,6,SANTANDER,PEDRO,DEPOSITO,2022-09-05T22:54:05,3364.35
2870,9,SANTANDER,PAULO,SAQUE,2022-11-26T13:02:40,7771.82
1520,1,SANTANDER,JOAO,DEPOSITO,2022-06-10T11:41:42,5706.69
2750,5,SANTANDER,ANA,SAQUE,2022-05-29T06:58:58,2617.01
2750,5,SANTANDER,ANA,DEPOSITO,2022-12-06T17:35:15,6759.17
1044,2,SANTANDER,FELIPE,SAQUE,2022-05-28T23:26:10,9376.61
1260,8,SANTANDER,BEATRIZ,SAQUE,2022-05-12T12:53:52,586.5
3090,6,SANTANDER,PEDRO,SAQUE,2022-03-24T15:38:38,8994.31
4110,7,SANTANDER,LUCAS,SAQUE,2022-11-08T18:39:26,6598.07
2870,9,SANTANDER,PAULO,DEPOSITO,2022-11-09T01:04:31,578.32
2220,2,SANTANDER,JULIA,DEPOSITO,2022-04-24T10:29:02,6900.18
4110,7,SANTANDER,LUCAS,SAQUE,2022-07-01T16:45:36,7801.2
3320,4,SANTANDER,MARIA,DEPOSITO,2022-02-10T13:24:19,5448.29
3090,6,SANTANDER,PEDRO,DEPOSITO,2022-08-02T19:09:06,7962.36
4110,7,SANTANDER,LUCAS,SAQUE,2022-11-16T19:05:48,993.46
2220,2,SANTANDER,JULIA,DEPOSITO,2022-12-16T08:52:06,7245.01
3090,6,SANTANDER,PEDRO,SAQUE,2022-11-18T05:46:54,9205.34
2220,2,SANTANDER,JULIA,SAQUE,2022-08-14T07:51:01,4438.66
4110,7,SANTANDER,LUCAS,SAQUE,2022-07-29T11:04:29,5519.12
1810,3,SANTANDER,CARLOS,DEPOSITO,2022-05-02T16:40:46,5853.91
1044,2,SANTANDER,FELIPE,SAQUE,2022-07-10T15:21:06,5588.78
3090,6,SANTANDER,PEDRO,DEPOSITO,2022-03-05T14:10:11,2790.0
1044,2,SANTANDER,FELIPE,DEPOSITO,2022-04-09T03:48:57,9892.43
2750,5,SANTANDER,ANA,SAQUE,2022-12-20T08:13:43,7188.61
4110,7,SANTANDER,LUCAS,DEPOSITO,2022-09-08T14:01:23,8485.71
1520,1,SANTANDER,JOAO,SAQUE,2022-02-16T06:24:58,246.23
2750,5,SANTANDER,ANA,SAQUE,2022-11-13T21:59:05,3791.69
1260,8,SANTANDER,BEATRIZ,SAQUE,2022-08-10T16:29:07,2894.52
1810,3,SANTANDER,CARLOS,SAQUE,2022-03-22T21:09:10,4518.77
3090,6,SANTANDER,PEDRO,DEPOSITO,2022-11-27T13:43:33,1394.67
2750,5,SANTANDER,ANA,SAQUE,2022-04-10T02:50:27,2309.37
3090,6,SANTANDER,PEDRO,SAQUE,2022-06-10T08:13:35,9416.09
4110,7,SANTANDER,LUCAS,SAQUE,2022-03-12T20:46:01,3714.99
1044,2,SANTANDER,FELIPE,SAQUE,2022-03-19T21:15:19,7976.01
1044,2,SANTANDER,FELIPE,SAQUE,2022-06-24T16:18:56,2336.79
1044,2,SANTANDER,FELIPE,DEPOSITO,2022-03-01T21:06:45,3093.09
2870,9,SANTANDER,PAULO,SAQUE,2022-06-16T17:51:01,6410.46
3320,4,SANTANDER,MARIA,DEPOSITO,2022-10-15T13:42:43,8148.79
1044,2,SANTANDER,FELIPE,SAQUE,2022-10-01T21:41:55,6907.81
1260,8,SANTANDER,BEATRIZ,SAQUE,2022-10-19T05:46:05,4189.65
1260,8,SANTANDER,BEATRIZ,SAQUE,2022-05-04T03:14:03,1147.18
1260,8,SANTANDER,BEATRIZ,SAQUE,2022-08-20T05:53:39,3163.91
3090,6,SANTANDER,PEDRO,DEPOSITO,2022-12-05T20:26:17,3900.67
2220,2,SANTANDER,JULIA,DEPOSITO,2022-07-03T12:41:14,5499.17
1810,3,SANTANDER,CARLOS,SAQUE,2022-07-04T14:59:47,6041.19
2220,2,SANTANDER,JULIA,DEPOSITO,2022-11-11T22:20:28,2184.24
1520,1,SANTANDER,JOAO,DEPOSITO,2022-11-12T12:37:15,4793.98
1520,1,SANTANDER,JOAO,DEPOSITO,2022-10-30T23:43:07,5769.49
1044,2,SANTANDER,FELIPE,DEPOSITO,2022-05-02T23:03:40,7965.65
4110,7,SANTANDER,LUCAS,DEPOSITO,2022-12-02T02:34:55,4465.39
1044,2,SANTANDER,FELIPE,SAQUE,2022-10-29T23:31:08,7359.68
1520,1,SANTANDER,JOAO,SAQUE,2022-11-10T13:45:52,7341.72
1044,2,SANTANDER,FELIPE,DEPOSITO,2022-05-06T05:32:05,6570.26
2220,2,SANTANDER,JULIA,SAQUE,2022-05-14T06:24:01,8570.85
1044,2,SANTANDER,FELIPE,DEPOSITO,2022-06-15T09:16:55,4223.36
2220,2,SANTANDER,JULIA,SAQUE,2022-05-07T15:09:03,7043.04
3320,4,SANTANDER,MARIA,SAQUE,2022-03-31T02:22:36,5158.82
1810,3,SANTANDER,CARLOS,DEPOSITO,2022-06-30T09:10:53,8361.5
2220,2,SANTANDER,JULIA,DEPOSITO,2022-07-05T15:07:44,5608.73
3090,6,SANTANDER,PEDRO,DEPOSITO,2022-11-25T21:19:38,2109.97
1260,8,SANTANDER,BEATRIZ,DEPOSITO,2022-10-05T07:51:24,2408.07
2750,5,SANTANDER,ANA,DEPOSITO,2022-01-20T00:16:04,9386.47
1044,2,SANTANDER,FELIPE,DEPOSITO,2022-10-13T06:46:51,8238.97
1520,1,SANTANDER,JOAO,SAQUE,2022-06-29T09:15:07,1759.15
2750,5,SANTANDER,ANA,SAQUE,2022-12-20T08:13:43,7188.61
2870,9,SANTANDER,PAULO,SAQUE,2022-01-19T07:36:59,7147.15
2220,2,SANTANDER,JULIA,DEPOSITO,2022-04-28T05:12:21,4521.68
3090,6,SANTANDER,PEDRO,DEPOSITO,2022-06-01T10:28:35,2105.08
3320,4,SANTANDER,MARIA,SAQUE,2022-02-02T22:37:21,3602.3
4110,7,SANTANDER,LUCAS,SAQUE,2022-02-25T00:38:12,7691.51
1520,1,SANTANDER,JOAO,DEPOSITO,2022-11-23T06:52:04,7243.58
1044,2,SANTANDER,FELIPE,SAQUE,2022-11-24T01:29:39,8114.51
3320,4,SANTANDER,MARIA,SAQUE,2022-12-18T18:52:12,1092.17
2870,9,SANTANDER,PAULO,DEPOSITO,2022-02-13T16:23:17,6466.48
4110,7,SANTANDER,LUCAS,SAQUE,2022-01-05T09:36:22,4279.94
2220,2,SANTANDER,JULIA,DEPOSITO,2022-04-04T03:18:07,4105.79
3090,6,SANTANDER,PEDRO,DEPOSITO,2022-12-11T15:39:40,7527.52
4110,7,SANTANDER,LUCAS,SAQUE,2022-04-24T06:10:16,7086.74
2750,5,SANTANDER,ANA,SAQUE,2022-05-04T17:40:45,4388.03
1044,2,SANTANDER,FELIPE,DEPOSITO,2022-07-14T03:35:49,2959.29
1520,1,SANTANDER,JOAO,SAQUE,2022-12-26T22:50:01,4415.37
2750,5,SANTANDER,ANA,SAQUE,2022-01-28T06:50:43,8712.71
3320,4,SANTANDER,MARIA,DEPOSITO,2022-10-01T23:23:35,7495.51
1810,3,SANTANDER,CARLOS,DEPOSITO,2022-06-23T23:41:20,104.56
1260,8,SANTANDER,BEATRIZ,DEPOSITO,2022-07-18T10:38:33,7454.24
2220,2,SANTANDER,JULIA,SAQUE,2022-05-17T10:06:30,102.24
4110,7,SANTANDER,LUCAS,DEPOSITO,2022-12-17T04:58:41,4170.69
2870,9,SANTANDER,PAULO,DEPOSITO,2022-11-10T01:08:20,4057.24
2220,2,SANTANDER,JULIA,DEPOSITO,2022-07-06T06:56:24,3406.29
2750,5,SANTANDER,ANA,SAQUE,2022-07-27T22:12:48,8908.19
2750,5,SANTANDER,ANA,SAQUE,2022-04-02T02:17:14,9679.73
2750,5,SANTANDER,ANA,SAQUE,2022-10-15T23:18:57,8224.89
3090,6,SANTANDER,PEDRO,SAQUE,2022-11-13T04:47:19,6307.43
1044,2,SANTANDER,FELIPE,SAQUE,2022-03-31T20:42:55,4346.29
1260,8,SANTANDER,BEATRIZ,DEPOSITO,2022-11-08T19:47:50,1044.17
3320,4,SANTANDER,MARIA,SAQUE,2022-02-13T00:33:59,9914.52
3090,6,SANTANDER,PEDRO,DEPOSITO,2022-07-24T08:57:03,868.35
4110,7,SANTANDER,LUCAS,SAQUE,2022-08-19T22:39:19,8216.15
1520,1,SANTANDER,JOAO,SAQUE,2022-09-05T00:53:36,5320.21
3090,6,SANTANDER,PEDRO,DEPOSITO,2022-08-31T11:19:09,3946.12
1044,2,SANTANDER,FELIPE,DEPOSITO,2022-04-18T16:38:39,5747.48
1260,8,SANTANDER,BEATRIZ,DEPOSITO,2022-08-30T02:24:58,6067.2
1810,3,SANTANDER,CARLOS,DEPOSITO,2022-02-12T05:44:53,7389.08
1260,8,SANTANDER,BEATRIZ,DEPOSITO,2022-01-22T21:48:29,1794.56
3320,4,SANTANDER,MARIA,SAQUE,2022-08-24T17:37:55,9492.3
4110,7,SANTANDER,LUCAS,DEPOSITO,2022-03-14T13:47:05,7953.49
1044,2,SANTANDER,FELIPE,SAQUE,2022-06-27T01:23:57,1912.22
3090,6,SANTANDER,PEDRO,DEPOSITO,2022-04-13T00:57:39,2485.6
1044,2,SANTANDER,FELIPE,SAQUE,2022-03-12T12:19:13,9422.69
1260,8,SANTANDER,BEATRIZ,SAQUE,2022-08-22T04:01:25,4102.01
1044,2,SANTANDER,FELIPE,DEPOSITO,2022-04-05T13:30:29,9872.18
2870,9,SANTANDER,PAULO,DEPOSITO,2022-05-23T17:16:51,8049.25
2870,9,SANTANDER,PAULO,SAQUE,2022-12-16T04:50:36,9020.84
1810,3,SANTANDER,CARLOS,DEPOSITO,2022-04-05T00:46:14,8877.12
3320,4,SANTANDER,MARIA,DEPOSITO,2022-02-06T04:45:27,8831.09
1260,8,SANTANDER,BEATRIZ,DEPOSITO,2022-06-11T09:14:11,3098.46
2750,5,SANTANDER,ANA,SAQUE,2022-01-20T21:43:27,6746.83
1260,8,SANTANDER,BEATRIZ,SAQUE,2022-10-05T18:15:34,5164.99
2220,2,SANTANDER,JULIA,SAQUE,2022-11-17T00:52:21,2968.31
3090,6,SANTANDER,PEDRO,SAQUE,2022-07-03T20:22:51,6520.28
3090,6,SANTANDER,PEDRO,DEPOSITO,2022-02-21T15:46:55,3254.67
1260,8,SANTANDER,BEATRIZ,SAQUE,2022-06-19T23:01:16,4928.22
3090,6,SANTANDER,PEDRO,DEPOSITO,2022-06-25T03:43:26,4982.18
2870,9,SANTANDER,PAULO,DEPOSITO,2022-08-19T05:25:35,2192.73
3090,6,SANTANDER,PEDRO,SAQUE,2022-03-05T23:23:18,5324.43
3320,4,SANTANDER,MARIA,DEPOSITO,2022-10-20T01:56:27,8265.26
2220,2,SANTANDER,JULIA,DEPOSITO,2022-03-26T23:45:39,7998.74
2870,9,SANTANDER,PAULO,SAQUE,2022-01-26T23:48:41,8019.07
1520,1,SANTANDER,JOAO,SAQUE,2022-02-23T05:26:48,2458.61
2750,5,SANTANDER,ANA,DEPOSITO,2022-06-10T05:19:02,3042.31
2870,9,SANTANDER,PAULO,SAQUE,2022-07-21T15:35:40,7248.47
4110,7,SANTANDER,LUCAS,DEPOSITO,2022-04-04T07:44:33,467.8
2870,9,SANTANDER,PAULO,SAQUE,2022-10-15T20:37:21,5443.86
2220,2,SANTANDER,JULIA,SAQUE,2022-08-14T12:08:32,25.39
2870,9,SANTANDER,PAULO,DEPOSITO,2022-06-16T08:21:35,2443.38
2870,9,SANTANDER,PAULO,SAQUE,2022-10-14T19:05:00,3103.3
1044,2,SANTANDER,FELIPE,DEPOSITO,2022-03-15T22:36:44,1420.66
2870,9,SANTANDER,PAULO,SAQUE,2022-05-20T09:29:11,4716.63
2870,9,SANTANDER,PAULO,SAQUE,2022-01-19T09:48:02,3971.29
4110,7,SANTANDER,LUCAS,DEPOSITO,2022-06-14T17:52:53,7488.27
1520,1,SANTANDER,JOAO,SAQUE,2022-02-09T07:33:54,9245.31
2220,2,SANTANDER,JULIA,SAQUE,2022-07-17T22:40:33,3703.11
1810,3,SANTANDER,CARLOS,SAQUE,2022-07-13T22:22:34,2788.69
2220,2,SANTANDER,JULIA,DEPOSITO,2022-06-22T15:21:07,9153.03
1520,1,SANTANDER,JOAO,SAQUE,2022-11-03T05:22:30,9247.77
1810,3,SANTANDER,CARLOS,DEPOSITO,2022-07-27T14:37:30,1990.39
1810,3,SANTANDER,CARLOS,DEPOSITO,2022-08-03T12:14:46,2603.38
2220,2,SANTANDER,JULIA,SAQUE,2022-09-11T21:47:16,7267.93
3320,4,SANTANDER,MARIA,DEPOSITO,2022-10-23T23:41:38,5486.72
1044,2,SANTANDER,FELIPE,SAQUE,2022-08-26T16:31:49,2555.4
1810,3,SANTANDER,CARLOS,SAQUE,2022-12-27T16:33:22,5650.46
1810,3,SANTANDER,CARLOS,DEPOSITO,2022-04-13T16:38:56,365.82
1810,3,SANTANDER,CARLOS,DEPOSITO,2022-12-29T17:23:17,7952.22
1044,2,SANTANDER,FELIPE,DEPOSITO,2022-01-30T20:55:26,2209.69
1260,8,SANTANDER,BEATRIZ,DEPOSITO,2022-02-06T21:09:07,7455.0
2870,9,SANTANDER,PAULO,SAQUE,2022-08-31T23:37:38,3315.81
2870,9,SANTANDER,PAULO,DEPOSITO,2022-06-08T18:01:32,6627.48
3320,4,SANTANDER,MARIA,SAQUE,2022-02-17T05:53:26,4155.35
1520,1,SANTANDER,JOAO,SAQUE,2022-08-27T19:08:40,3749.61
1810,3,SANTANDER,CARLOS,DEPOSITO,2022-02-27T13:40:15,4755.4
1044,2,SANTANDER,FELIPE,DEPOSITO,2022-11-10T20:54:56,6456.13
1520,1,SANTANDER,JOAO,DEPOSITO,2022-06-22T10:24:05,222.53
2870,9,SANTANDER,PAULO,DEPOSITO,2022-10-06T21:40:29,9002.48
3090,6,SANTANDER,PEDRO,SAQUE,2022-10-08T07:25:54,3245.61
1260,8,SANTANDER,BEATRIZ,DEPOSITO,2022-11-09T07:40:20,1334.7
1044,2,SANTANDER,FELIPE,DEPOSITO,2022-07-25T16:39:37,8227.23
2750,5,SANTANDER,ANA,SAQUE,2022-06-04T12:09:46,1098.43
2870,9,SANTANDER,PAULO,DEPOSITO,2022-07-27T17:14:01,3716.84
1520,1,SANTANDER,JOAO,DEPOSITO,2022-02-07T11:27:34,7927.87
1044,2,SANTANDER,FELIPE,DEPOSITO,2022-06-03T11:27:56,5876.86
1520,1,SANTANDER,JOAO,SAQUE,2022-03-14T06:13:57,7451.05
4110,7,SANTANDER,LUCAS,DEPOSITO,2022-04-04T20:29:28,2169.43
1044,2,SANTANDER,FELIPE,SAQUE,2022-10-14T03:50:10,8970.38
3090,6,SANTANDER,PEDRO,SAQUE,2022-09-02T10:46:09,9522.01
1810,3,SANTANDER,CARLOS,SAQUE,2022-09-08T04:08:35,3025.85
2220,2,SANTANDER,JULIA,DEPOSITO,2022-06-25T16:41:21,3589.61
1044,2,SANTANDER,FELIPE,SAQUE,2022-02-11T05:40:50,9638.4
1520,1,SANTANDER,JOAO,DEPOSITO,2022-10-12T17:12:35,6441.36
1520,1,SANTANDER,JOAO,DEPOSITO,2022-04-18T02:03:48,2339.19
2750,5,SANTANDER,ANA,DEPOSITO,2022-05-16T08:42:09,3786.24
2870,9,SANTANDER,PAULO,SAQUE,2022-06-04T21:18:18,4744.93
2750,5,SANTANDER,ANA,DEPOSITO,2022-02-17T17:31:28,8026.65
1810,3,SANTANDER,CARLOS,SAQUE,2022-07-08T13:11:04,4003.79
1520,1,SANTANDER,JOAO,DEPOSITO,2022-02-17T11:13:49,1784.15
1044,2,SANTANDER,FELIPE,DEPOSITO,2022-06-04T23:57:17,2667.55
1520,1,SANTANDER,JOAO,DEPOSITO,2022-02-12T05:33:26,6723.58
2870,9,SANTANDER,PAULO,DEPOSITO,2022-03-19T21:59:11,2944.89
2870,9,SANTANDER,PAULO,DEPOSITO,2022-03-27T07:59:56,8130.11
3320,4,SANTANDER,MARIA,DEPOSITO,2022-03-15T02:05:52,8173.74
1260,8,SANTANDER,BEATRIZ,DEPOSITO,2022-10-12T07:03:27,165.87
3090,6,SANTANDER,PEDRO,DEPOSITO,2022-02-10T22:43:54,2278.62
4110,7,SANTANDER,LUCAS,DEPOSITO,2022-02-06T00:52:28,4458.65
1260,8,SANTANDER,BEATRIZ,DEPOSITO,2022-03-06T05:20:47,2622.67
2750,5,SANTANDER,ANA,SAQUE,2022-06-22T06:33:58,8159.11
1810,3,SANTANDER,CARLOS,SAQUE,2022-01-21T23:50:07,1047.16
4110,7,SANTANDER,LUCAS,DEPOSITO,2022-05-22T10:41:48,4784.26
2220,2,SANTANDER,JULIA,SAQUE,2022-08-19T22:26:13,1965.29
4110,7,SANTANDER,LUCAS,DEPOSITO,2022-08-15T08:02:38,2877.33
1810,3,SANTANDER,CARLOS,SAQUE,2022-03-14T01:30:06,590.83
1260,8,SANTANDER,BEATRIZ,DEPOSITO,2022-06-19T23:00:35,3843.88
2870,9,SANTANDER,PAULO,SAQUE,2022-11-26T01:29:46,9189.36
4110,7,SANTANDER,LUCAS,SAQUE,2022-01-03T09:57:53,122.28
3090,6,SANTANDER,PEDRO,SAQUE,2022-10-11T02:25:22,5134.44
1044,2,SANTANDER,FELIPE,DEPOSITO,2022-08-09T15:46:45,1449.72
1260,8,SANTANDER,BEATRIZ,SAQUE,2022-05-21T05:59:01,2945.94
2870,9,SANTANDER,PAULO,SAQUE,2022-12-28T13:42:42,4702.31
1810,3,SANTANDER,CARLOS,DEPOSITO,2022-08-22T19:46:55,837.1
3320,4,SANTANDER,MARIA,SAQUE,2022-03-08T14:47:07,8641.56
4110,7,SANTANDER,LUCAS,SAQUE,2022-11-10T22:01:22,3874.39
1044,2,SANTANDER,FELIPE,DEPOSITO,2022-06-11T03:22:48,3643.0
3090,6,SANTANDER,PEDRO,DEPOSITO,2022-06-22T23:01:39,6061.44
2220,2,SANTANDER,JULIA,DEPOSITO,2022-04-08T07:08:02,9396.6
1260,8,SANTANDER,BEATRIZ,DEPOSITO,2022-08-15T09:16:09,9854.77
1810,3,SANTANDER,CARLOS,SAQUE,2022-07-28T10:10:24,8871.23
1260,8,SANTANDER,BEATRIZ,SAQUE,2022-06-07T14:24:58,5814.45
1044,2,SANTANDER,FELIPE,SAQUE,2022-06-10T22:30:56,3744.15
1520,1,SANTANDER,JOAO,DEPOSITO,2022-04-06T18:32:21,9138.63
2750,5,SANTANDER,ANA,SAQUE,2022-01-16T16:43:26,2458.99
4110,7,SANTANDER,LUCAS,SAQUE,2022-02-03T18:29:21,537.89
3090,6,SANTANDER,PEDRO,SAQUE,2022-11-02T10:50:26,5728.09
1044,2,SANTANDER,FELIPE,SAQUE,2022-04-04T12:07:31,4376.62
1810,3,SANTANDER,CARLOS,DEPOSITO,2022-02-22T05:22:00,6065.75
1810,3,SANTANDER,CARLOS,DEPOSITO,2022-06-21T06:04:36,3435.95
4110,7,SANTANDER,LUCAS,SAQUE,2022-12-31T08:38:59,1778.54
1520,1,SANTANDER,JOAO,SAQUE,2022-12-20T23:23:00,2154.13
1810,3,SANTANDER,CARLOS,SAQUE,2022-07-16T22:36:31,2603.29
1810,3,SANTANDER,CARLOS,SAQUE,2022-09-26T06:42:18,9135.57
1044,2,SANTANDER,FELIPE,SAQUE,2022-06-01T14:40:01,7152.87
1044,2,SANTANDER,FELIPE,SAQUE,2022-08-04T07:09:25,3393.12
2870,9,SANTANDER,PAULO,DEPOSITO,2022-10-24T04:06:42,3386.25
2750,5,SANTANDER,ANA,SAQUE,2022-03-22T00:34:03,6971.33
1810,3,SANTANDER,CARLOS,DEPOSITO,2022-01-01T09:16:14,4072.95
1810,3,SANTANDER,CARLOS,SAQUE,2022-01-04T06:21:44,2158.65
3090,6,SANTANDER,PEDRO,DEPOSITO,2022-03-24T22:12:37,6151.15
2220,2,SANTANDER,JULIA,DEPOSITO,2022-01-15T00:29:14,470.38
3320,4,SANTANDER,MARIA,DEPOSITO,2022-09-07T02:44:02,70.44
1520,1,SANTANDER,JOAO,SAQUE,2022-08-25T19:36:45,4721.57
1810,3,SANTANDER,CARLOS,SAQUE,2022-08-18T00:07:16,8496.64
1520,1,SANTANDER,JOAO,SAQUE,2022-07-08T13:38:00,1691.36
4110,7,SANTANDER,LUCAS,DEPOSITO,2022-09-30T03:24:20,9102.92
2220,2,SANTANDER,JULIA,DEPOSITO,2022-11-20T02:42:19,5568.31
1044,2,SANTANDER,FELIPE,DEPOSITO,2022-06-23T09:08:37,6185.82
4110,7,SANTANDER,LUCAS,SAQUE,2022-05-29T01:45:31,3119.39
2220,2,SANTANDER,JULIA,SAQUE,2022-10-03T00:53:14,1559.47
2750,5,SANTANDER,ANA,SAQUE,2022-08-24T10:43:08,471.83
4110,7,SANTANDER,LUCAS,SAQUE,2022-06-02T00:55:58,5722.59
4110,7,SANTANDER,LUCAS,DEPOSITO,2022-04-07T03:39:19,5137.57
1260,8,SANTANDER,BEATRIZ,SAQUE,2022-08-09T18:00:54,6464.95
4110,7,SANTANDER,LUCAS,SAQUE,2022-01-22T08:39:11,6549.82
4110,7,SANTANDER,LUCAS,SAQUE,2022-07-26T12:45:27,3261.15
3320,4,SANTANDER,MARIA,SAQUE,2022-08-29T09:44:33,2152.27
1520,1,SANTANDER,JOAO,DEPOSITO,2022-04-12T19:20:21,6858.99
2220,2,SANTANDER,JULIA,SAQUE,2022-05-09T21:29:21,6984.61
1810,3,SANTANDER,CARLOS,SAQUE,2022-12-25T10:23:45,4530.28
1520,1,SANTANDER,JOAO,SAQUE,2022-01-25T04:17:30,7265.28
1810,3,SANTANDER,CARLOS,SAQUE,2022-12-15T07:39:14,9826.12
2220,2,SANTANDER,JULIA,DEPOSITO,2022-09-16T03:06:17,7792.34
1520,1,SANTANDER,JOAO,SAQUE,2022-07-14T04:16:03,8230.96
1520,1,SANTANDER,JOAO,SAQUE,2022-06-21T01:22:00,6901.03
2870,9,SANTANDER,PAULO,SAQUE,2022-06-18T05:24:16,5344.73
1520,1,SANTANDER,JOAO,DEPOSITO,2022-06-18T23:35:08,6077.97
1520,1,SANTANDER,JOAO,SAQUE,2022-02-09T10:18:03,8619.46
2870,9,SANTANDER,PAULO,DEPOSITO,2022-04-01T13:58:04,3742.28
1044,2,SANTANDER,FELIPE,SAQUE,2022-07-04T16:52:43,5308.76
2220,2,SANTANDER,JULIA,DEPOSITO,2022-09-26T08:45:05,7169.6
2750,5,SANTANDER,ANA,DEPOSITO,2022-01-29T19:55:23,7030.98
1044,2,SANTANDER,FELIPE,SAQUE,2022-03-21T18:29:00,2007.2
1810,3,SANTANDER,CARLOS,DEPOSITO,2022-11-29T14:41:18,4703.32
2750,5,SANTANDER,ANA,SAQUE,2022-11-29T23:32:18,1241.18
2220,2,SANTANDER,JULIA,DEPOSITO,2022-02-11T04:11:58,7932.95
1520,1,SANTANDER,JOAO,SAQUE,2022-05-01T06:26:44,2269.48
4110,7,SANTANDER,LUCAS,DEPOSITO,2022-12-31T01:54:16,522.54
1520,1,SANTANDER,JOAO,DEPOSITO,2022-07-18T15:44:04,5287.41
3090,6,SANTANDER,PEDRO,DEPOSITO,2022-03-26T05:09:28,3467.75
4110,7,SANTANDER,LUCAS,DEPOSITO,2022-04-13T23:39:28,8980.29
1520,1,SANTANDER,JOAO,SAQUE,2022-10-02T02:19:33,1455.08
3090,6,SANTANDER,PEDRO,SAQUE,2022-09-19T06:01:05,5632.7
3320,4,SANTANDER,MARIA,DEPOSITO,2022-09-18T14:22:36,300.81
2750,5,SANTANDER,ANA,DEPOSITO,2022-01-01T08:10:46,263.1
1810,3,SANTANDER,CARLOS,SAQUE,2022-10-21T16:44:07,600.18
4110,7,SANTANDER,LUCAS,DEPOSITO,2022-01-07T17:41:15,5139.62
1810,3,SANTANDER,CARLOS,SAQUE,2022-05-28T16:09:56,7606.1
1044,2,SANTANDER,FELIPE,SAQUE,2022-10-03T06:15:19,4596.34
1260,8,SANTANDER,BEATRIZ,DEPOSITO,2022-11-27T03:12:12,7793.97
1260,8,SANTANDER,BEATRIZ,SAQUE,2022-03-14T09:25:55,3062.45
2220,2,SANTANDER,JULIA,SAQUE,2022-09-01T00:54:33,6810.45
3320,4,SANTANDER,MARIA,SAQUE,2022-03-19T14:19:27,2409.38
1260,8,SANTANDER,BEATRIZ,DEPOSITO,2022-11-25T09:14:47,9176.5
2220,2,SANTANDER,JULIA,SAQUE,2022-01-05T03:33:06,7044.4
1044,2,SANTANDER,FELIPE,SAQUE,2022-04-09T20:51:32,7606.88
4110,7,SANTANDER,LUCAS,SAQUE,2022-08-18T19:31:43,8345.91
1810,3,SANTANDER,CARLOS,DEPOSITO,2022-05-10T19:56:18,3327.4
3320,4,SANTANDER,MARIA,DEPOSITO,2022-09-07T12:19:40,3805.22
1520,1,SANTANDER,JOAO,SAQUE,2022-12-22T01:17:23,3703.28
2220,2,SANTANDER,JULIA,DEPOSITO,2022-02-25T08:06:40,577.79
1810,3,SANTANDER,CARLOS,SAQUE,2022-12-26T04:48:27,9341.61
2870,9,SANTANDER,PAULO,DEPOSITO,2022-02-11T20:08:17,5263.82
1520,1,SANTANDER,JOAO,DEPOSITO,2022-01-23T07:23:56,5840.75
3090,6,SANTANDER,PEDRO,DEPOSITO,2022-11-24T08:38:16,3846.88
2750,5,SANTANDER,ANA,DEPOSITO,2022-06-12T05:31:39,2876.78
2870,9,SANTANDER,PAULO,SAQUE,2022-07-23T04:43:18,3960.06
2220,2,SANTANDER,JULIA,SAQUE,2022-01-07T00:28:34,7998.39
1520,1,SANTANDER,JOAO,SAQUE,2022-07-15T22:37:35,634.93
2870,9,SANTANDER,PAULO,DEPOSITO,2022-08-28T11:01:43,5620.49
2870,9,SANTANDER,PAULO,DEPOSITO,2022-11-24T19:40:38,1497.89
3320,4,SANTANDER,MARIA,DEPOSITO,2022-08-23T06:48:21,7970.85
3320,4,SANTANDER,MARIA,DEPOSITO,2022-07-12T23:03:22,2282.41
2870,9,SANTANDER,PAULO,SAQUE,2022-10-20T19:58:31,5734.13
2750,5,SANTANDER,ANA,DEPOSITO,2022-01-29T05:20:45,996.26
1260,8,SANTANDER,BEATRIZ,DEPOSITO,2022-10-13T22:49:17,9854.46
2220,2,SANTANDER,JULIA,DEPOSITO,2022-10-18T10:53:32,9687.73
1520,1,SANTANDER,JOAO,SAQUE,2022-04-09T19:55:57,4825.38
2220,2,SANTANDER,JULIA,SAQUE,2022-08-20T04:38:30,8069.2
2750,5,SANTANDER,ANA,DEPOSITO,2022-11-21T15:49:43,1539.47
3320,4,SANTANDER,MARIA,SAQUE,2022-09-18T12:27:23,6631.51
3320,4,SANTANDER,MARIA,DEPOSITO,2022-05-03T18:26:24,1554.19
1260,8,SANTANDER,BEATRIZ,DEPOSITO,2022-09-24T01:07:12,4328.49
1260,8,SANTANDER,BEATRIZ,SAQUE,2022-06-27T17:55:50,8387.82
3090,6,SANTANDER,PEDRO,DEPOSITO,2022-01-04T04:42:04,7105.58
3320,4,SANTANDER,MARIA,SAQUE,2022-04-28T02:21:14,1246.09
1044,2,SANTANDER,FELIPE,DEPOSITO,2022-07-16T03:27:53,4891.64
1260,8,SANTANDER,BEATRIZ,DEPOSITO,2022-01-18T21:05:25,7020.53
1520,1,SANTANDER,JOAO,DEPOSITO,2022-03-11T22:51:47,4952.91
3320,4,SANTANDER,MARIA,SAQUE,2022-02-20T19:36:16,8323.31
1810,3,SANTANDER,CARLOS,DEPOSITO,2022-02-05T08:30:07,6785.47
2870,9,SANTANDER,PAULO,DEPOSITO,2022-02-12T20:34:55,2236.83
2220,2,SANTANDER,JULIA,DEPOSITO,2022-08-04T04:18:03,2246.95
2220,2,SANTANDER,JULIA,DEPOSITO,2022-05-06T11:26:01,7283.61
1044,2,SANTANDER,FELIPE,DEPOSITO,2022-09-16T09:55:05,9742.53
1810,3,SANTANDER,CARLOS,SAQUE,2022-06-19T10:27:22,6856.81
2750,5,SANTANDER,ANA,DEPOSITO,2022-05-09T02:57:51,77.05
1044,2,SANTANDER,FELIPE,SAQUE,2022-10-07T12:53:13,1041.22
2220,2,SANTANDER,JULIA,SAQUE,2022-04-05T20:14:28,4046.8
4110,7,SANTANDER,LUCAS,SAQUE,2022-02-15T00:31:27,4362.48
3320,4,SANTANDER,MARIA,SAQUE,2022-02-06T19:04:04,4475.1
2750,5,SANTANDER,ANA,DEPOSITO,2022-11-17T01:59:59,2818.77
3320,4,SANTANDER,MARIA,DEPOSITO,2022-06-13T08:56:36,6231.14
2870,9,SANTANDER,PAULO,SAQUE,2022-12-13T13:20:34,937.69
2870,9,SANTANDER,PAULO,DEPOSITO,2022-03-23T18:11:50,7223.56
1520,1,SANTANDER,JOAO,DEPOSITO,2022-03-23T13:00:21,8904.34
3090,6,SANTANDER,PEDRO,SAQUE,2022-06-25T23:16:05,6741.69
2750,5,SANTANDER,ANA,SAQUE,2022-05-03T18:04:18,9036.91
1810,3,SANTANDER,CARLOS,DEPOSITO,2022-11-22T13:03:08,1293.49
1260,8,SANTANDER,BEATRIZ,DEPOSITO,2022-11-16T16:40:33,5456.54
1810,3,SANTANDER,CARLOS,SAQUE,2022-10-03T08:19:39,8488.3
1044,2,SANTANDER,FELIPE,SAQUE,2022-09-26T20:06:56,7054.77
3320,4,SANTANDER,MARIA,DEPOSITO,2022-10-05T01:30:35,5364.59
4110,7,SANTANDER,LUCAS,DEPOSITO,2022-02-04T12:17:25,873.91
3090,6,SANTANDER,PEDRO,DEPOSITO,2022-12-11T02:13:30,113.39
3090,6,SANTANDER,PEDRO,DEPOSITO,2022-01-10T08:05:05,3265.25
4110,7,SANTANDER,LUCAS,SAQUE,2022-03-29T06:24:10,1404.92
1520,1,SANTANDER,JOAO,SAQUE,2022-02-02T02:54:04,554.03
1260,8,SANTANDER,BEATRIZ,DEPOSITO,2022-07-09T03:48:27,3086.42
1260,8,SANTANDER,BEATRIZ,DEPOSITO,2022-11-28T17:25:54,4709.36
1260,8,SANTANDER,BEATRIZ,SAQUE,2022-12-28T06:42:58,8988.18
1260,8,SANTANDER,BEATRIZ,DEPOSITO,2022-01-24T17:09:43,9425.94
2870,9,SANTANDER,PAULO,DEPOSITO,2022-07-31T07:22:33,1207.88
1810,3,SANTANDER,CARLOS,SAQUE,2022-10-24T11:38:49,3805.75
2870,9,SANTANDER,PAULO,DEPOSITO,2022-12-23T11:20:53,3265.39
3320,4,SANTANDER,MARIA,DEPOSITO,2022-10-05T23:13:16,166.38
3090,6,SANTANDER,PEDRO,SAQUE,2022-05-14T07:49:37,9520.23
4110,7,SANTANDER,LUCAS,SAQUE,2022-05-14T18:43:47,2090.84
1260,8,SANTANDER,BEATRIZ,SAQUE,2022-09-03T05:33:32,1970.69
2220,2,SANTANDER,JULIA,SAQUE,2022-05-18T21:58:40,682.31
1810,3,SANTANDER,CARLOS,SAQUE,2022-10-06T18:42:18,9285.86
1044,2,SANTANDER,FELIPE,DEPOSITO,2022-09-01T08:22:32,331.39
1810,3,SANTANDER,CARLOS,DEPOSITO,2022-10-11T03:59:57,5056.84
2870,9,SANTANDER,PAULO,SAQUE,2022-04-25T01:45:44,1216.69
4110,7,SANTANDER,LUCAS,SAQUE,2022-06-15T15:10:27,364.75
1260,8,SANTANDER,BEATRIZ,DEPOSITO,2022-10-10T11:17:59,3278.16
1260,8,SANTANDER,BEATRIZ,SAQUE,2022-10-01T21:24:04,6353.08
2220,2,SANTANDER,JULIA,SAQUE,2022-03-09T01:21:39,8860.88
1260,8,SANTANDER,BEATRIZ,SAQUE,2022-05-01T15:00:58,8474.96
2750,5,SANTANDER,ANA,SAQUE,2022-12-28T04:41:41,6013.91
1520,1,SANTANDER,JOAO,DEPOSITO,2022-06-01T19:59:42,3980.18
3090,6,SANTANDER,PEDRO,DEPOSITO,2022-09-04T02:21:02,257.35
4110,7,SANTANDER,LUCAS,DEPOSITO,2022-04-27T23:59:00,9350.36
1520,1,SANTANDER,JOAO,SAQUE,2022-12-21T18:44:30,6855.5
1044,2,SANTANDER,FELIPE,DEPOSITO,2022-02-20T11:12:18,2455.07
1810,3,SANTANDER,CARLOS,DEPOSITO,2022-01-13T09:41:42,9912.25
2870,9,SANTANDER,PAULO,SAQUE,2022-07-23T09:55:26,1298.92
1810,3,SANTANDER,CARLOS,DEPOSITO,2022-07-19T20:08:48,499.48
2870,9,SANTANDER,PAULO,DEPOSITO,2022-03-24T16:54:22,7494.34
3090,6,SANTANDER,PEDRO,SAQUE,2022-08-31T22:56:09,5691.05
3320,4,SANTANDER,MARIA,DEPOSITO,2022-06-30T10:52:46,2797.84
3320,4,SANTANDER,MARIA,SAQUE,2022-07-06T23:41:06,4356.9
2870,9,SANTANDER,PAULO,SAQUE,2022-02-20T03:47:11,5914.13
2750,5,SANTANDER,ANA,SAQUE,2022-04-19T11:29:53,9323.57
2870,9,SANTANDER,PAULO,DEPOSITO,2022-06-20T20:01:13,7399.77
1810,3,SANTANDER,CARLOS,DEPOSITO,2022-05-02T11:30:19,3692.51
1260,8,SANTANDER,BEATRIZ,DEPOSITO,2022-11-11T21:34:14,9200.05
2750,5,SANTANDER,ANA,SAQUE,2022-05-06T07:43:47,6995.47
3320,4,SANTANDER,MARIA,DEPOSITO,2022-03-20T15:27:36,6689.12
2870,9,SANTANDER,PAULO,DEPOSITO,2022-01-13T11:01:59,6237.17
1810,3,SANTANDER,CARLOS,DEPOSITO,2022-02-23T18:04:13,6791.28
1810,3,SANTANDER,CARLOS,SAQUE,2022-04-27T00:52:42,6815.87
1810,3,SANTANDER,CARLOS,SAQUE,2022-10-26T14:14:29,5259.75
1260,8,SANTANDER,BEATRIZ,DEPOSITO,2022-12-29T13:51:41,2517.93
3090,6,SANTANDER,PEDRO,DEPOSITO,2022-01-17T23:57:18,4155.33
2220,2,SANTANDER,JULIA,SAQUE,2022-09-24T17:13:41,1634.99
1044,2,SANTANDER,FELIPE,DEPOSITO,2022-12-19T17:40:18,960.83
2220,2,SANTANDER,JULIA,SAQUE,2022-11-09T02:12:05,7132.66
2870,9,SANTANDER,PAULO,SAQUE,2022-12-21T03:01:56,369.58
2750,5,SANTANDER,ANA,DEPOSITO,2022-11-18T13:15:05,4349.0
1260,8,SANTANDER,BEATRIZ,SAQUE,2022-03-15T18:46:35,6624.95
3320,4,SANTANDER,MARIA,SAQUE,2022-06-16T17:52:40,9174.44
1810,3,SANTANDER,CARLOS,DEPOSITO,2022-10-25T12:00:17,7947.68
1260,8,SANTANDER,BEATRIZ,SAQUE,2022-05-27T08:38:58,6455.8
2750,5,SANTANDER,ANA,SAQUE,2022-12-12T04:43:24,1516.33
1044,2,SANTANDER,FELIPE,SAQUE,2022-09-14T18:34:53,5413.4
2750,5,SANTANDER,ANA,SAQUE,2022-10-07T08:47:40,7337.58
1044,2,SANTANDER,FELIPE,DEPOSITO,2022-12-08T17:37:15,6166.05
3320,4,SANTANDER,MARIA,SAQUE,2022-05-23T05:56:32,3233.64
3090,6,SANTANDER,PEDRO,SAQUE,2022-05-31T20:17:29,8457.41
1520,1,SANTANDER,JOAO,SAQUE,2022-07-27T13:28:40,3641.41
1520,1,SANTANDER,JOAO,SAQUE,2022-04-15T04:26:29,118.58
2870,9,SANTANDER,PAULO,DEPOSITO,2022-04-19T18:07:11,1732.26
3320,4,SANTANDER,MARIA,SAQUE,2022-05-29T18:47:36,6421.37
1260,8,SANTANDER,BEATRIZ,SAQUE,2022-12-30T22:35:31,3616.61
4110,7,SANTANDER,LUCAS,DEPOSITO,2022-04-09T04:59:06,7432.82
4110,7,SANTANDER,LUCAS,DEPOSITO,2022-06-18T18:41:07,5542.74
1810,3,SANTANDER,CARLOS,DEPOSITO,2022-11-05T04:52:40,614.3
3090,6,SANTANDER,PEDRO,DEPOSITO,2022-11-04T21:36:23,4312.83
3090,6,SANTANDER,PEDRO,DEPOSITO,2022-05-09T08:26:38,5020.64
1044,2,SANTANDER,FELIPE,DEPOSITO,2022-03-07T16:52:21,1819.24
4110,7,SANTANDER,LUCAS,SAQUE,2022-10-23T17:37:08,5319.08
3090,6,SANTANDER,PEDRO,DEPOSITO,2022-08-09T15:36:34,4578.04
3090,6,SANTANDER,PEDRO,SAQUE,2022-03-08T15:26:07,1786.67
1520,1,SANTANDER,JOAO,SAQUE,2022-06-25T01:27:25,4082.54
2750,5,SANTANDER,ANA,SAQUE,2022-04-10T00:20:13,1308.14
1260,8,SANTANDER,BEATRIZ,SAQUE,2022-07-28T11:02:26,6660.3
3320,4,SANTANDER,MARIA,DEPOSITO,2022-07-27T03:37:19,6852.6
1810,3,SANTANDER,CARLOS,DEPOSITO,2022-04-09T14:02:05,4231.4
2870,9,SANTANDER,PAULO,SAQUE,2022-09-26T23:14:14,2303.04
2220,2,SANTANDER,JULIA,SAQUE,2022-03-13T23:45:10,2230.1
1044,2,SANTANDER,FELIPE,SAQUE,2022-12-10T14:07:28,2015.22
2870,9,SANTANDER,PAULO,DEPOSITO,2022-07-06T02:24:25,8952.33
2870,9,SANTANDER,PAULO,DEPOSITO,2022-01-08T00:49:33,4427.94
1260,8,SANTANDER,BEATRIZ,SAQUE,2022-06-20T05:10:27,7096.96
3320,4,SANTANDER,MARIA,SAQUE,2022-01-11T18:24:50,778.72
1044,2,SANTANDER,FELIPE,DEPOSITO,2022-08-01T12:05:36,8882.98
1810,3,SANTANDER,CARLOS,SAQUE,2022-07-26T01:39:59,8980.26
1044,2,SANTANDER,FELIPE,SAQUE,2022-01-22T14:09:01,2337.51
2750,5,SANTANDER,ANA,DEPOSITO,2022-10-13T08:36:57,4590.49
1260,8,SANTANDER,BEATRIZ,SAQUE,2022-03-30T20:45:08,3011.06
2750,5,SANTANDER,ANA,DEPOSITO,2022-04-26T18:40:06,65.84
1520,1,SANTANDER,JOAO,SAQUE,2022-03-20T18:37:11,6558.3
3090,6,SANTANDER,PEDRO,DEPOSITO,2022-02-11T11:06:26,8601.87
4110,7,SANTANDER,LUCAS,SAQUE,2022-11-21T09:12:53,7512.48
1260,8,SANTANDER,BEATRIZ,SAQUE,2022-04-22T14:47:02,8576.5
4110,7,SANTANDER,LUCAS,SAQUE,2022-12-19T04:07:26,4218.08
2750,5,SANTANDER,ANA,DEPOSITO,2022-01-05T14:18:40,2122.98
1044,2,SANTANDER,FELIPE,SAQUE,2022-11-19T06:08:42,7260.05
1520,1,SANTANDER,JOAO,SAQUE,2022-10-10T22:44:26,9322.29
2750,5,SANTANDER,ANA,DEPOSITO,2022-09-12T20:22:27,7215.76
1260,8,SANTANDER,BEATRIZ,SAQUE,2022-03-30T21:34:57,3060.56
2870,9,SANTANDER,PAULO,SAQUE,2022-12-22T23:54:49,7325.84
3320,4,SANTANDER,MARIA,DEPOSITO,2022-11-21T07:00:35,2271.77
3090,6,SANTANDER,PEDRO,DEPOSITO,2022-02-01T16:06:34,2712.29
1044,2,SANTANDER,FELIPE,SAQUE,2022-02-10T00:29:13,320.9
3320,4,SANTANDER,MARIA,DEPOSITO,2022-02-12T22:36:11,8082.68
3090,6,SANTANDER,PEDRO,SAQUE,2022-07-06T23:11:40,4184.69
1044,2,SANTANDER,FELIPE,SAQUE,2022-11-22T23:19:25,575.5
1810,3,SANTANDER,CARLOS,SAQUE,2022-07-30T17:46:51,4290.16
2750,5,SANTANDER,ANA,SAQUE,2022-03-27T22:55:13,2233.89
1260,8,SANTANDER,BEATRIZ,SAQUE,2022-03-03T20:36:11,8250.55
2220,2,SANTANDER,JULIA,SAQUE,2022-05-02T00:06:42,7061.91
1520,1,SANTANDER,JOAO,DEPOSITO,2022-01-22T12:26:01,600.61
1044,2,SANTANDER,FELIPE,DEPOSITO,2022-10-16T15:43:17,6347.61
1044,2,SANTANDER,FELIPE,SAQUE,2022-11-09T10:52:51,7160.59
4110,7,SANTANDER,LUCAS,DEPOSITO,2022-03-26T14:35:19,7560.14
1260,8,SANTANDER,BEATRIZ,SAQUE,2022-07-18T13:27:14,4977.08
1520,1,SANTANDER,JOAO,SAQUE,2022-01-09T13:13:44,1154.46
2870,9,SANTANDER,PAULO,SAQUE,2022-10-27T17:18:59,2766.87
1044,2,SANTANDER,FELIPE,SAQUE,2022-09-02T08:07:40,5279.05
3320,4,SANTANDER,MARIA,SAQUE,2022-05-24T01:12:54,760.96
2750,5,SANTANDER,ANA,SAQUE,2022-06-17T11:59:08,9730.25
2750,5,SANTANDER,ANA,DEPOSITO,2022-11-14T10:24:10,5426.99
2750,5,SANTANDER,ANA,SAQUE,2022-04-09T15:43:30,6253.71
1044,2,SANTANDER,FELIPE,DEPOSITO,2022-10-20T04:41:37,1438.36
3320,4,SANTANDER,MARIA,SAQUE,2022-06-22T04:35:14,6560.83
2220,2,SANTANDER,JULIA,DEPOSITO,2022-05-24T02:07:24,7596.5
2870,9,SANTANDER,PAULO,SAQUE,2022-06-27T01:47:54,5841.94
2870,9,SANTANDER,PAULO,SAQUE,2022-10-11T08:08:45,2404.58
2870,9,SANTANDER,PAULO,DEPOSITO,2022-10-24T21:01:43,7888.77
1520,1,SANTANDER,JOAO,SAQUE,2022-12-01T00:59:22,4976.59
3320,4,SANTANDER,MARIA,DEPOSITO,2022-04-06T04:51:05,3016.41
2870,9,SANTANDER,PAULO,SAQUE,2022-07-25T13:41:59,5756.86
3090,6,SANTANDER,PEDRO,DEPOSITO,2022-07-26T18:26:14,1610.33
4110,7,SANTANDER,LUCAS,SAQUE,2022-12-18T02:49:26,4608.37
1260,8,SANTANDER,BEATRIZ,DEPOSITO,2022-08-30T12:45:13,7476.04
1520,1,SANTANDER,JOAO,DEPOSITO,2022-04-11T06:44:26,3615.67
1520,1,SANTANDER,JOAO,DEPOSITO,2022-12-30T03:11:40,8676.06
2870,9,SANTANDER,PAULO,DEPOSITO,2022-12-26T21:30:32,589.12
3090,6,SANTANDER,PEDRO,SAQUE,2022-06-30T08:43:47,9120.89
2870,9,SANTANDER,PAULO,SAQUE,2022-01-05T02:01:19,7714.81
1520,1,SANTANDER,JOAO,SAQUE,2022-09-25T20:39:16,1498.74
2870,9,SANTANDER,PAULO,SAQUE,2022-01-24T15:51:06,4431.83
3320,4,SANTANDER,MARIA,DEPOSITO,2022-11-08T14:44:18,5099.9
2870,9,SANTANDER,PAULO,DEPOSITO,2022-02-10T02:34:48,8619.24
2870,9,SANTANDER,PAULO,DEPOSITO,2022-02-05T18:22:42,4899.99
3090,6,SANTANDER,PEDRO,DEPOSITO,2022-01-08T09:59:15,8511.43
3320,4,SANTANDER,MARIA,SAQUE,2022-10-28T12:07:28,6337.8
2220,2,SANTANDER,JULIA,SAQUE,2022-02-08T19:56:06,1955.39
1520,1,SANTANDER,JOAO,SAQUE,2022-06-29T04:53:11,2513.0
2220,2,SANTANDER,JULIA,DEPOSITO,2022-05-06T06:14:31,2365.55
4110,7,SANTANDER,LUCAS,SAQUE,2022-02-19T07:37:49,547.43
4110,7,SANTANDER,LUCAS,SAQUE,2022-03-14T02:01:16,6840.76
2870,9,SANTANDER,PAULO,SAQUE,2022-11-17T06:49:41,3752.02
3320,4,SANTANDER,MARIA,DEPOSITO,2022-04-07T02:06:23,8546.3
3320,4,SANTANDER,MARIA,DEPOSITO,2022-08-26T05:59:43,855.54
2750,5,SANTANDER,ANA,SAQUE,2022-10-12T04:59:30,8076.09
4110,7,SANTANDER,LUCAS,DEPOSITO,2022-05-02T05:04:07,6572.08
1260,8,SANTANDER,BEATRIZ,DEPOSITO,2022-04-27T14:35:33,9627.64
1520,1,SANTANDER,JOAO,SAQUE,2022-03-09T09:58:54,583.15
1260,8,SANTANDER,BEATRIZ,SAQUE,2022-10-28T06:50:10,1973.11
1044,2,SANTANDER,FELIPE,SAQUE,2022-06-21T01:06:21,7314.77
1810,3,SANTANDER,CARLOS,DEPOSITO,2022-11-03T07:59:13,6453.28
1260,8,SANTANDER,BEATRIZ,DEPOSITO,2022-02-02T19:14:53,9609.52
1044,2,SANTANDER,FELIPE,DEPOSITO,2022-01-11T15:01:55,2187.44
1810,3,SANTANDER,CARLOS,SAQUE,2022-02-15T10:06:28,5415.89
2750,5,SANTANDER,ANA,DEPOSITO,2022-12-10T00:12:16,9153.29
1044,2,SANTANDER,FELIPE,DEPOSITO,2022-01-24T22:11:22,8418.97
2220,2,SANTANDER,JULIA,SAQUE,2022-05-04T22:08:12,5431.99
2750,5,SANTANDER,ANA,SAQUE,2022-08-31T18:13:03,8873.91
2870,9,SANTANDER,PAULO,DEPOSITO,2022-01-17T04:34:58,5172.05
1044,2,SANTANDER,FELIPE,DEPOSITO,2022-09-22T09:59:43,9050.04
2870,9,SANTANDER,PAULO,SAQUE,2022-01-17T16:09:09,7020.86
1520,1,SANTANDER,JOAO,SAQUE,2022-05-26T04:59:34,7489.14
2870,9,SANTANDER,PAULO,DEPOSITO,2022-01-04T17:07:47,6462.64
1810,3,SANTANDER,CARLOS,DEPOSITO,2022-07-14T22:02:44,9522.02
2220,2,SANTANDER,JULIA,SAQUE,2022-01-18T06:48:54,9070.43
2220,2,SANTANDER,JULIA,DEPOSITO,2022-05-02T21:11:21,5118.13
1260,8,SANTANDER,BEATRIZ,SAQUE,2022-05-05T14:52:50,4171.12
2870,9,SANTANDER,PAULO,DEPOSITO,2022-03-05T04:32:07,6627.17
2220,2,SANTANDER,JULIA,DEPOSITO,2022-04-03T00:54:43,5285.91
1810,3,SANTANDER,CARLOS,DEPOSITO,2022-07-14T01:02:49,5419.78
1044,2,SANTANDER,FELIPE,SAQUE,2022-06-21T07:53:58,819.64
1810,3,SANTANDER,CARLOS,SAQUE,2022-01-03T19:46:34,822.34
2750,5,SANTANDER,ANA,DEPOSITO,2022-05-28T02:27:05,4305.82
3090,6,SANTANDER,PEDRO,SAQUE,2022-12-16T11:25:03,5667.1
1520,1,SANTANDER,JOAO,DEPOSITO,2022-11-15T06:03:46,4210.37
2220,2,SANTANDER,JULIA,SAQUE,2022-05-05T12:45:46,6245.73
1044,2,SANTANDER,FELIPE,SAQUE,2022-07-11T05:49:20,2246.84
2220,2,SANTANDER,JULIA,SAQUE,2022-06-23T06:59:16,1200.29
3090,6,SANTANDER,PEDRO,SAQUE,2022-09-15T15:17:47,7837.6
1260,8,SANTANDER,BEATRIZ,DEPOSITO,2022-05-25T01:03:18,3099.96
2750,5,SANTANDER,ANA,DEPOSITO,2022-11-15T03:43:56,9456.71
1520,1,SANTANDER,JOAO,SAQUE,2022-09-16T01:14:40,6150.76
3320,4,SANTANDER,MARIA,SAQUE,2022-05-09T19:04:34,1243.68
2750,5,SANTANDER,ANA,DEPOSITO,2022-01-29T19:55:23,7030.98
2220,2,SANTANDER,JULIA,DEPOSITO,2022-05-15T20:05:18,5581.53
2750,5,SANTANDER,ANA,SAQUE,2022-12-25T12:37:42,6104.44
3090,6,SANTANDER,PEDRO,SAQUE,2022-12-12T02:42:03,6808.66
3090,6,SANTANDER,PEDRO,DEPOSITO,2022-03-13T20:08:54,925.24
2750,5,SANTANDER,ANA,SAQUE,2022-01-31T01:34:55,2840.16
2750,5,SANTANDER,ANA,SAQUE,2022-10-04T09:55:02,192.77
1260,8,SANTANDER,BEATRIZ,SAQUE,2022-01-24T08:39:37,6021.08
3090,6,SANTANDER,PEDRO,SAQUE,2022-02-11T07:30:34,6835.52
1520,1,SANTANDER,JOAO,DEPOSITO,2022-05-01T05:04:56,4368.92
1260,8,SANTANDER,BEATRIZ,SAQUE,2022-10-17T19:22:21,9997.89
1044,2,SANTANDER,FELIPE,DEPOSITO,2022-02-03T23:39:39,7791.77
2870,9,SANTANDER,PAULO,DEPOSITO,2022-08-24T16:24:15,2492.45
1520,1,SANTANDER,JOAO,SAQUE,2022-03-05T03:29:04,8847.64
3320,4,SANTANDER,MARIA,DEPOSITO,2022-12-01T19:03:20,376.86
2870,9,SANTANDER,PAULO,DEPOSITO,2022-12-25T07:14:47,2607.85
3090,6,SANTANDER,PEDRO,DEPOSITO,2022-04-06T05:42:31,9890.63
1260,8,SANTANDER,BEATRIZ,DEPOSITO,2022-04-28T20:23:41,535.06
2220,2,SANTANDER,JULIA,DEPOSITO,2022-02-02T17:15:43,1802.57
2870,9,SANTANDER,PAULO,SAQUE,2022-11-25T10:38:53,669.55
1044,2,SANTANDER,FELIPE,SAQUE,2022-11-14T04:01:25,2571.71
1044,2,SANTANDER,FELIPE,SAQUE,2022-08-22T22:34:38,5365.4
2870,9,SANTANDER,PAULO,SAQUE,2022-01-23T19:48:49,8393.29
3320,4,SANTANDER,MARIA,SAQUE,2022-06-16T03:21:39,2582.45
1260,8,SANTANDER,BEATRIZ,SAQUE,2022-03-08T02:15:36,9891.41
4110,7,SANTANDER,LUCAS,SAQUE,2022-10-01T16:29:14,6766.84
2220,2,SANTANDER,JULIA,SAQUE,2022-11-03T22:25:47,2528.02
1260,8,SANTANDER,BEATRIZ,SAQUE,2022-10-16T10:39:58,640.32
2220,2,SANTANDER,JULIA,DEPOSITO,2022-04-07T08:18:26,8814.77
2750,5,SANTANDER,ANA,SAQUE,2022-08-26T03:47:47,3322.0
3320,4,SANTANDER,MARIA,DEPOSITO,2022-09-19T16:23:08,1559.48
2220,2,SANTANDER,JULIA,DEPOSITO,2022-08-27T00:40:49,9005.51
4110,7,SANTANDER,LUCAS,SAQUE,2022-07-19T20:58:48,8004.0
1260,8,SANTANDER,BEATRIZ,DEPOSITO,2022-01-30T18:46:41,4021.94
1260,8,SANTANDER,BEATRIZ,DEPOSITO,2022-01-03T23:54:46,1896.86
2870,9,SANTANDER,PAULO,SAQUE,2022-03-23T17:32:19,8610.61
2750,5,SANTANDER,ANA,SAQUE,2022-09-08T22:16:23,951.84
2220,2,SANTANDER,JULIA,SAQUE,2022-12-07T01:02:55,4663.7
2870,9,SANTANDER,PAULO,SAQUE,2022-01-22T00:50:02,7197.73
1260,8,SANTANDER,BEATRIZ,SAQUE,2022-03-07T10:17:24,6452.95
2220,2,SANTANDER,JULIA,SAQUE,2022-01-21T17:57:59,8461.32
2220,2,SANTANDER,JULIA,SAQUE,2022-12-13T14:32:35,9690.53
2870,9,SANTANDER,PAULO,SAQUE,2022-10-16T12:43:05,6554.15
2870,9,SANTANDER,PAULO,DEPOSITO,2022-05-29T20:20:01,4354.86
1260,8,SANTANDER,BEATRIZ,DEPOSITO,2022-11-16T16:40:33,5456.54
4110,7,SANTANDER,LUCAS,DEPOSITO,2022-12-12T13:51:48,8784.35
1520,1,SANTANDER,JOAO,SAQUE,2022-03-12T21:29:16,259.2
2870,9,SANTANDER,PAULO,DEPOSITO,2022-09-29T12:30:19,4473.93
2220,2,SANTANDER,JULIA,DEPOSITO,2022-01-19T04:13:01,7964.43
1520,1,SANTANDER,JOAO,DEPOSITO,2022-10-17T00:40:31,3088.3
1260,8,SANTANDER,BEATRIZ,DEPOSITO,2022-03-23T22:27:16,7621.82
1260,8,SANTANDER,BEATRIZ,DEPOSITO,2022-07-28T15:12:47,4770.03
1260,8,SANTANDER,BEATRIZ,SAQUE,2022-12-24T01:29:12,6067.79
3320,4,SANTANDER,MARIA,SAQUE,2022-07-11T02:19:25,9629.52
1810,3,SANTANDER,CARLOS,SAQUE,2022-07-30T06:57:38,119.49
2220,2,SANTANDER,JULIA,DEPOSITO,2022-12-22T12:37:00,8347.6
3090,6,SANTANDER,PEDRO,SAQUE,2022-03-15T10:03:31,7398.17
3320,4,SANTANDER,MARIA,SAQUE,2022-03-30T12:59:45,420.88
1810,3,SANTANDER,CARLOS,DEPOSITO,2022-04-19T18:35:56,1748.54
3320,4,SANTANDER,MARIA,DEPOSITO,2022-12-04T16:31:49,4569.5
3320,4,SANTANDER,MARIA,DEPOSITO,2022-03-29T23:27:40,2746.81
3090,6,SANTANDER,PEDRO,DEPOSITO,2022-10-07T11:59:06,7534.37
3090,6,SANTANDER,PEDRO,SAQUE,2022-05-04T06:23:42,7578.49
2750,5,SANTANDER,ANA,SAQUE,2022-01-31T01:34:55,2840.16
1260,8,SANTANDER,BEATRIZ,SAQUE,2022-04-16T08:52:53,421.86
1520,1,SANTANDER,JOAO,SAQUE,2022-01-17T08:00:54,2772.43
4110,7,SANTANDER,LUCAS,SAQUE,2022-03-09T14:02:28,685.26
2750,5,SANTANDER,ANA,DEPOSITO,2022-01-11T03:31:54,2149.78
3090,6,SANTANDER,PEDRO,DEPOSITO,2022-06-06T22:27:48,1838.05
2220,2,SANTANDER,JULIA,SAQUE,2022-12-11T09:02:27,8362.1
2220,2,SANTANDER,JULIA,DEPOSITO,2022-08-01T00:37:02,4968.32
1810,3,SANTANDER,CARLOS,SAQUE,2022-12-15T02:29:28,3713.01
3320,4,SANTANDER,MARIA,DEPOSITO,2022-04-08T11:54:02,685.89
2870,9,SANTANDER,PAULO,DEPOSITO,2022-09-17T11:56:53,6778.46
1260,8,SANTANDER,BEATRIZ,SAQUE,2022-05-24T23:36:40,5576.91
2220,2,SANTANDER,JULIA,SAQUE,2022-10-03T03:25:42,7949.97
3320,4,SANTANDER,MARIA,DEPOSITO,2022-02-03T10:30:19,9523.29
3320,4,SANTANDER,MARIA,DEPOSITO,2022-03-16T15:20:23,2714.62
2220,2,SANTANDER,JULIA,SAQUE,2022-08-11T11:40:50,7278.46
3320,4,SANTANDER,MARIA,SAQUE,2022-12-20T13:12:01,4781.62
2870,9,SANTANDER,PAULO,SAQUE,2022-09-08T19:18:54,4467.29
1260,8,SANTANDER,BEATRIZ,SAQUE,2022-12-12T20:01:07,4454.63
1810,3,SANTANDER,CARLOS,SAQUE,2022-04-19T05:09:10,3607.91
1810,3,SANTANDER,CARLOS,SAQUE,2022-08-15T05:21:37,5918.69
2870,9,SANTANDER,PAULO,DEPOSITO,2022-04-14T12:28:39,1138.72
2750,5,SANTANDER,ANA,DEPOSITO,2022-07-22T13:35:32,8289.94
2870,9,SANTANDER,PAULO,DEPOSITO,2022-12-09T18:23:51,2650.01
4110,7,SANTANDER,LUCAS,DEPOSITO,2022-01-27T15:42:18,1554.42
1520,1,SANTANDER,JOAO,DEPOSITO,2022-07-05T03:43:27,7033.84
3090,6,SANTANDER,PEDRO,SAQUE,2022-05-07T09:03:40,3286.02
3090,6,SANTANDER,PEDRO,DEPOSITO,2022-04-09T09:14:33,5460.21
1520,1,SANTANDER,JOAO,DEPOSITO,2022-01-03T18:42:09,9533.91
1044,2,SANTANDER,FELIPE,DEPOSITO,2022-04-01T06:35:17,7082.63
1520,1,SANTANDER,JOAO,DEPOSITO,2022-03-27T21:13:25,3923.3
2750,5,SANTANDER,ANA,SAQUE,2022-05-15T07:14:38,9414.33
4110,7,SANTANDER,LUCAS,DEPOSITO,2022-12-30T01:44:32,6252.56
3090,6,SANTANDER,PEDRO,SAQUE,2022-05-05T02:25:07,6757.64
1810,3,SANTANDER,CARLOS,SAQUE,2022-09-27T21:15:16,4101.64
3090,6,SANTANDER,PEDRO,DEPOSITO,2022-06-16T03:09:43,6543.17
3090,6,SANTANDER,PEDRO,DEPOSITO,2022-12-15T11:57:37,7336.12
2870,9,SANTANDER,PAULO,DEPOSITO,2022-01-29T14:34:16,700.28
4110,7,SANTANDER,LUCAS,DEPOSITO,2022-01-19T18:05:56,56.62
2750,5,SANTANDER,ANA,SAQUE,2022-12-09T15:30:22,4081.46
3320,4,SANTANDER,MARIA,SAQUE,2022-05-17T15:32:58,7199.88
1044,2,SANTANDER,FELIPE,SAQUE,2022-08-31T05:20:14,9120.1
1810,3,SANTANDER,CARLOS,DEPOSITO,2022-01-04T00:12:59,9053.29
3090,6,SANTANDER,PEDRO,SAQUE,2022-10-25T16:42:15,5597.2
1044,2,SANTANDER,FELIPE,SAQUE,2022-10-09T22:41:50,1631.63
1520,1,SANTANDER,JOAO,DEPOSITO,2022-01-10T13:18:03,7400.88
2750,5,SANTANDER,ANA,SAQUE,2022-12-02T00:52:36,7474.43
1520,1,SANTANDER,JOAO,SAQUE,2022-05-06T19:36:46,6373.02
1810,3,SANTANDER,CARLOS,SAQUE,2022-03-25T02:34:28,5679.16
1810,3,SANTANDER,CARLOS,SAQUE,2022-08-25T12:19:51,3705.9
1044,2,SANTANDER,FELIPE,SAQUE,2022-06-27T06:23:32,863.71
1260,8,SANTANDER,BEATRIZ,SAQUE,2022-12-18T11:37:08,735.29
3090,6,SANTANDER,PEDRO,SAQUE,2022-01-03T19:56:41,7229.89
1810,3,SANTANDER,CARLOS,DEPOSITO,2022-12-11T01:13:39,3772.65
1810,3,SANTANDER,CARLOS,DEPOSITO,2022-08-05T14:01:47,6680.98
2870,9,SANTANDER,PAULO,SAQUE,2022-11-01T19:35:22,6754.31
1260,8,SANTANDER,BEATRIZ,SAQUE,2022-11-15T19:00:16,6398.74
3320,4,SANTANDER,MARIA,DEPOSITO,2022-08-26T07:36:01,8559.88
2750,5,SANTANDER,ANA,SAQUE,2022-04-05T17:19:13,3758.6
2750,5,SANTANDER,ANA,DEPOSITO,2022-07-02T22:15:00,5861.8
2220,2,SANTANDER,JULIA,DEPOSITO,2022-06-19T22:17:54,8250.44
2870,9,SANTANDER,PAULO,DEPOSITO,2022-11-03T01:36:34,6795.01
4110,7,SANTANDER,LUCAS,DEPOSITO,2022-08-27T12:00:47,9549.39
1260,8,SANTANDER,BEATRIZ,DEPOSITO,2022-03-17T20:49:51,6834.75
4110,7,SANTANDER,LUCAS,DEPOSITO,2022-04-09T13:44:07,6187.4
2220,2,SANTANDER,JULIA,SAQUE,2022-05-15T07:02:19,6105.52
2220,2,SANTANDER,JULIA,DEPOSITO,2022-12-23T04:47:36,7638.73
3090,6,SANTANDER,PEDRO,SAQUE,2022-11-07T05:42:22,9071.97
1810,3,SANTANDER,CARLOS,SAQUE,2022-04-22T12:56:06,7860.53
1260,8,SANTANDER,BEATRIZ,SAQUE,2022-05-03T18:13:06,4697.52
1810,3,SANTANDER,CARLOS,SAQUE,2022-07-22T07:34:09,4435.35
1044,2,SANTANDER,FELIPE,DEPOSITO,2022-11-08T17:40:22,9924.57
1520,1,SANTANDER,JOAO,SAQUE,2022-05-10T07:39:49,5451.56
2870,9,SANTANDER,PAULO,DEPOSITO,2022-04-05T23:42:24,3180.92
2220,2,SANTANDER,JULIA,SAQUE,2022-06-27T11:42:48,2981.39
1260,8,SANTANDER,BEATRIZ,DEPOSITO,2022-05-30T07:26:05,952.16
2220,2,SANTANDER,JULIA,DEPOSITO,2022-07-13T10:46:02,5106.78
1520,1,SANTANDER,JOAO,DEPOSITO,2022-07-10T17:23:31,771.87
1044,2,SANTANDER,FELIPE,SAQUE,2022-08-06T08:37:11,2787.73
1520,1,SANTANDER,JOAO,DEPOSITO,2022-08-06T14:57:07,5125.05
4110,7,SANTANDER,LUCAS,DEPOSITO,2022-11-14T10:53:57,1268.29
1044,2,SANTANDER,FELIPE,SAQUE,2022-04-22T18:58:50,9192.96
1044,2,SANTANDER,FELIPE,SAQUE,2022-07-08T02:45:23,308.93
1260,8,SANTANDER,BEATRIZ,DEPOSITO,2022-08-28T16:13:47,231.96
2750,5,SANTANDER,ANA,SAQUE,2022-01-13T21:22:39,3303.0
2220,2,SANTANDER,JULIA,SAQUE,2022-11-16T14:57:09,8548.12
1044,2,SANTANDER,FELIPE,DEPOSITO,2022-01-15T22:23:59,9849.47
1044,2,SANTANDER,FELIPE,SAQUE,2022-11-19T10:10:14,930.86
2870,9,SANTANDER,PAULO,DEPOSITO,2022-08-31T21:21:23,126.99
1044,2,SANTANDER,FELIPE,DEPOSITO,2022-03-27T07:09:05,3157.13
1520,1,SANTANDER,JOAO,DEPOSITO,2022-07-20T14:52:42,9549.47
4110,7,SANTANDER,LUCAS,DEPOSITO,2022-10-23T08:01:33,7685.7
2870,9,SANTANDER,PAULO,DEPOSITO,2022-05-17T21:57:25,8279.31
2750,5,SANTANDER,ANA,SAQUE,2022-03-25T09:50:41,3068.11
1044,2,SANTANDER,FELIPE,DEPOSITO,2022-09-09T07:50:58,9853.22
3320,4,SANTANDER,MARIA,DEPOSITO,2022-02-23T20:34:31,1131.48
2870,9,SANTANDER,PAULO,DEPOSITO,2022-03-05T08:18:21,846.04
2870,9,SANTANDER,PAULO,DEPOSITO,2022-09-12T01:10:36,5077.5
2750,5,SANTANDER,ANA,DEPOSITO,2022-08-23T01:56:28,4872.31
2870,9,SANTANDER,PAULO,DEPOSITO,2022-09-20T20:36:22,9926.85
2870,9,SANTANDER,PAULO,DEPOSITO,2022-07-26T00:07:07,626.18
3090,6,SANTANDER,PEDRO,DEPOSITO,2022-05-11T20:20:14,4712.57
2750,5,SANTANDER,ANA,SAQUE,2022-05-25T08:35:24,7761.69
1260,8,SANTANDER,BEATRIZ,DEPOSITO,2022-04-10T00:59:00,5721.35
2220,2,SANTANDER,JULIA,DEPOSITO,2022-12-28T03:58:21,2865.43
1260,8,SANTANDER,BEATRIZ,DEPOSITO,2022-05-21T09:54:14,6719.65
1044,2,SANTANDER,FELIPE,DEPOSITO,2022-04-03T04:26:31,2131.15
3320,4,SANTANDER,MARIA,SAQUE,2022-04-14T01:36:25,9857.43
4110,7,SANTANDER,LUCAS,DEPOSITO,2022-08-24T03:08:22,9224.26
2750,5,SANTANDER,ANA,DEPOSITO,2022-06-13T14:53:53,3928.73
3320,4,SANTANDER,MARIA,SAQUE,2022-09-17T06:00:41,7015.62
1260,8,SANTANDER,BEATRIZ,DEPOSITO,2022-10-02T07:18:12,9363.72
2750,5,SANTANDER,ANA,DEPOSITO,2022-07-13T21:27:54,1983.51
3320,4,SANTANDER,MARIA,SAQUE,2022-09-28T04:39:43,2710.81
1260,8,SANTANDER,BEATRIZ,SAQUE,2022-02-20T08:59:28,1974.62
1520,1,SANTANDER,JOAO,SAQUE,2022-03-10T18:33:42,4417.0
2220,2,SANTANDER,JULIA,DEPOSITO,2022-12-03T07:16:18,6955.16
2870,9,SANTANDER,PAULO,SAQUE,2022-06-13T14:22:37,3190.69
2220,2,SANTANDER,JULIA,SAQUE,2022-05-10T02:43:58,7643.78
2750,5,SANTANDER,ANA,SAQUE,2022-04-01T21:01:52,436.36
1520,1,SANTANDER,JOAO,DEPOSITO,2022-06-02T15:59:36,2067.28
2220,2,SANTANDER,JULIA,SAQUE,2022-08-13T09:55:59,5498.63
4110,7,SANTANDER,LUCAS,DEPOSITO,2022-09-29T22:42:56,6703.11
4110,7,SANTANDER,LUCAS,DEPOSITO,2022-10-24T00:51:22,8883.66
4110,7,SANTANDER,LUCAS,DEPOSITO,2022-05-07T19:05:42,1947.2
3090,6,SANTANDER,PEDRO,SAQUE,2022-02-12T07:08:30,9439.62
2220,2,SANTANDER,JULIA,SAQUE,2022-12-07T01:02:55,4663.7
2870,9,SANTANDER,PAULO,SAQUE,2022-05-19T22:43:22,1132.56
1520,1,SANTANDER,JOAO,DEPOSITO,2022-05-11T00:38:12,7945.1
1520,1,SANTANDER,JOAO,DEPOSITO,2022-03-24T05:24:02,804.71
3320,4,SANTANDER,MARIA,SAQUE,2022-12-22T17:23:34,9808.2
2870,9,SANTANDER,PAULO,SAQUE,2022-05-06T18:31:42,745.0
4110,7,SANTANDER,LUCAS,SAQUE,2022-10-19T15:07:24,1577.3
1044,2,SANTANDER,FELIPE,SAQUE,2022-01-20T18:54:54,3871.91
3090,6,SANTANDER,PEDRO,SAQUE,2022-12-29T18:40:51,2553.53
2220,2,SANTANDER,JULIA,SAQUE,2022-09-13T07:05:17,2731.14
1044,2,SANTANDER,FELIPE,SAQUE,2022-10-17T09:05:32,7718.18
3320,4,SANTANDER,MARIA,DEPOSITO,2022-02-23T12:28:11,168.3
3090,6,SANTANDER,PEDRO,DEPOSITO,2022-05-07T23:30:54,4154.79
3320,4,SANTANDER,MARIA,SAQUE,2022-10-17T07:41:38,1894.35
1260,8,SANTANDER,BEATRIZ,SAQUE,2022-12-12T20:01:07,4454.63
1260,8,SANTANDER,BEATRIZ,SAQUE,2022-10-31T16:14:23,9380.38
2870,9,SANTANDER,PAULO,DEPOSITO,2022-04-05T15:33:37,2156.26
4110,7,SANTANDER,LUCAS,DEPOSITO,2022-07-14T12:52:09,209.43
2750,5,SANTANDER,ANA,SAQUE,2022-08-24T10:43:08,471.83
1260,8,SANTANDER,BEATRIZ,DEPOSITO,2022-08-31T14:33:16,1592.29
1810,3,SANTANDER,CARLOS,DEPOSITO,2022-08-21T04:42:35,2235.49
1260,8,SANTANDER,BEATRIZ,DEPOSITO,2022-09-01T00:50:54,5702.14
3320,4,SANTANDER,MARIA,DEPOSITO,2022-10-17T20:22:42,1750.37
2870,9,SANTANDER,PAULO,DEPOSITO,2022-02-05T22:37:53,9719.05
1260,8,SANTANDER,BEATRIZ,DEPOSITO,2022-03-08T17:18:50,4312.47
1260,8,SANTANDER,BEATRIZ,DEPOSITO,2022-02-01T19:14:03,2691.0
4110,7,SANTANDER,LUCAS,SAQUE,2022-05-16T04:06:57,8652.29
3090,6,SANTANDER,PEDRO,DEPOSITO,2022-01-18T21:39:13,3563.44
4110,7,SANTANDER,LUCAS,DEPOSITO,2022-04-20T15:17:03,9442.66
1520,1,SANTANDER,JOAO,SAQUE,2022-01-30T20:43:20,5297.38
2870,9,SANTANDER,PAULO,SAQUE,2022-01-17T15:28:11,7898.42
2870,9,SANTANDER,PAULO,DEPOSITO,2022-05-17T16:59:33,5056.26
1810,3,SANTANDER,CARLOS,SAQUE,2022-04-10T13:16:55,1831.48
2870,9,SANTANDER,PAULO,SAQUE,2022-02-23T13:23:05,1970.79
4110,7,SANTANDER,LUCAS,DEPOSITO,2022-11-20T15:17:37,4591.13
1044,2,SANTANDER,FELIPE,DEPOSITO,2022-12-05T10:46:39,6508.11
2220,2,SANTANDER,JULIA,SAQUE,2022-10-13T09:46:50,9633.13
1260,8,SANTANDER,BEATRIZ,SAQUE,2022-06-18T03:50:10,4338.17
1260,8,SANTANDER,BEATRIZ,SAQUE,2022-05-05T02:41:30,4922.0
3320,4,SANTANDER,MARIA,SAQUE,2022-02-27T10:19:08,9819.58
1044,2,SANTANDER,FELIPE,DEPOSITO,2022-02-23T08:56:43,9463.5
2870,9,SANTANDER,PAULO,SAQUE,2022-12-26T17:19:59,9928.39
1044,2,SANTANDER,FELIPE,DEPOSITO,2022-02-17T22:47:47,9021.62
2870,9,SANTANDER,PAULO,SAQUE,2022-02-16T07:13:20,7360.58
2870,9,SANTANDER,PAULO,SAQUE,2022-03-05T11:12:52,9557.8
1044,2,SANTANDER,FELIPE,DEPOSITO,2022-03-29T22:33:47,6923.68
4110,7,SANTANDER,LUCAS,SAQUE,2022-04-28T20:41:08,5364.7
1260,8,SANTANDER,BEATRIZ,SAQUE,2022-11-07T15:15:19,8327.87
3090,6,SANTANDER,PEDRO,SAQUE,2022-01-17T07:50:25,8888.17
1044,2,SANTANDER,FELIPE,SAQUE,2022-05-13T10:35:25,3276.05
2220,2,SANTANDER,JULIA,SAQUE,2022-08-19T09:03:51,5225.1
1260,8,SANTANDER,BEATRIZ,DEPOSITO,2022-01-17T12:08:36,7621.38
1260,8,SANTANDER,BEATRIZ,SAQUE,2022-05-15T21:10:01,5017.89
3090,6,SANTANDER,PEDRO,SAQUE,2022-10-27T07:03:26,5655.59
1044,2,SANTANDER,FELIPE,DEPOSITO,2022-03-15T22:36:44,1420.66
1810,3,SANTANDER,CARLOS,DEPOSITO,2022-07-23T04:10:51,3121.88
3320,4,SANTANDER,MARIA,SAQUE,2022-10-15T22:08:25,1338.98
2870,9,SANTANDER,PAULO,DEPOSITO,2022-10-20T21:07:21,7420.12
2750,5,SANTANDER,ANA,SAQUE,2022-01-03T11:33:31,8328.96
2870,9,SANTANDER,PAULO,SAQUE,2022-09-28T20:06:59,9742.44
3320,4,SANTANDER,MARIA,SAQUE,2022-09-07T13:32:46,1932.83
1810,3,SANTANDER,CARLOS,SAQUE,2022-06-14T04:59:41,4439.97
1520,1,SANTANDER,JOAO,DEPOSITO,2022-08-04T22:52:15,5980.32
4110,7,SANTANDER,LUCAS,SAQUE,2022-01-08T02:46:25,6434.26
1044,2,SANTANDER,FELIPE,SAQUE,2022-10-27T12:33:24,6203.13
1044,2,SANTANDER,FELIPE,SAQUE,2022-01-06T09:56:11,4689.23
1810,3,SANTANDER,CARLOS,DEPOSITO,2022-03-25T19:17:00,5393.91
4110,7,SANTANDER,LUCAS,SAQUE,2022-04-30T22:55:20,7296.19
1260,8,SANTANDER,BEATRIZ,DEPOSITO,2022-05-16T21:57:05,4053.45
1044,2,SANTANDER,FELIPE,SAQUE,2022-08-19T15:42:15,4331.28
2220,2,SANTANDER,JULIA,SAQUE,2022-12-26T18:54:14,8836.2
1044,2,SANTANDER,FELIPE,DEPOSITO,2022-09-27T19:44:55,1718.37
2870,9,SANTANDER,PAULO,DEPOSITO,2022-06-25T06:54:29,5893.74
2750,5,SANTANDER,ANA,SAQUE,2022-09-29T20:14:38,7627.15
1810,3,SANTANDER,CARLOS,SAQUE,2022-04-11T13:06:03,7878.95
2870,9,SANTANDER,PAULO,DEPOSITO,2022-03-08T19:30:10,6925.59
1044,2,SANTANDER,FELIPE,SAQUE,2022-04-23T01:38:23,2863.05
4110,7,SANTANDER,LUCAS,DEPOSITO,2022-09-14T20:53:26,9016.67
2220,2,SANTANDER,JULIA,SAQUE,2022-05-08T06:23:11,745.4
1810,3,SANTANDER,CARLOS,SAQUE,2022-11-15T09:53:52,9875.71
1520,1,SANTANDER,JOAO,SAQUE,2022-11-28T01:05:17,2639.09
1260,8,SANTANDER,BEATRIZ,DEPOSITO,2022-02-13T10:30:15,9509.84
1044,2,SANTANDER,FELIPE,DEPOSITO,2022-04-03T01:14:12,8778.76
2870,9,SANTANDER,PAULO,DEPOSITO,2022-08-13T21:17:31,532.58
1520,1,SANTANDER,JOAO,SAQUE,2022-09-30T02:56:45,9745.95
3320,4,SANTANDER,MARIA,SAQUE,2022-08-04T14:38:49,1309.78
4110,7,SANTANDER,LUCAS,SAQUE,2022-07-07T08:42:59,1110.04
1260,8,SANTANDER,BEATRIZ,SAQUE,2022-05-15T21:10:01,5017.89
1810,3,SANTANDER,CARLOS,DEPOSITO,2022-04-10T15:43:08,9191.54
2870,9,SANTANDER,PAULO,DEPOSITO,2022-08-29T00:30:39,118.95
2220,2,SANTANDER,JULIA,DEPOSITO,2022-03-26T09:41:46,1675.62
1810,3,SANTANDER,CARLOS,DEPOSITO,2022-12-01T05:10:57,2416.97
1810,3,SANTANDER,CARLOS,SAQUE,2022-11-23T12:22:52,1337.09
1810,3,SANTANDER,CARLOS,SAQUE,2022-09-02T14:26:06,3212.33
1260,8,SANTANDER,BEATRIZ,SAQUE,2022-09-23T14:30:35,4107.7
2750,5,SANTANDER,ANA,SAQUE,2022-06-29T04:06:01,5462.98
1810,3,SANTANDER,CARLOS,DEPOSITO,2022-02-19T05:53:20,6985.81
1810,3,SANTANDER,CARLOS,DEPOSITO,2022-01-01T17:20:51,1501.99
1520,1,SANTANDER,JOAO,DEPOSITO,2022-05-23T12:31:41,7171.75
1260,8,SANTANDER,BEATRIZ,SAQUE,2022-05-09T17:25:48,2001.34
2750,5,SANTANDER,ANA,SAQUE,2022-08-10T19:44:14,805.58
3090,6,SANTANDER,PEDRO,SAQUE,2022-09-24T04:09:39,5049.14
2750,5,SANTANDER,ANA,DEPOSITO,2022-04-18T16:36:14,6045.53
2870,9,SANTANDER,PAULO,DEPOSITO,2022-01-10T01:48:51,3395.34
3090,6,SANTANDER,PEDRO,DEPOSITO,2022-09-07T15:40:22,3741.01
1044,2,SANTANDER,FELIPE,DEPOSITO,2022-12-12T23:11:04,9316.48
1810,3,SANTANDER,CARLOS,SAQUE,2022-02-16T15:10:44,9260.85
2750,5,SANTANDER,ANA,SAQUE,2022-07-31T14:33:21,4806.06
3320,4,SANTANDER,MARIA,SAQUE,2022-12-26T16:41:25,3450.38
2870,9,SANTANDER,PAULO,DEPOSITO,2022-05-12T20:24:12,7366.08
2750,5,SANTANDER,ANA,DEPOSITO,2022-09-17T17:29:18,4535.08
1520,1,SANTANDER,JOAO,SAQUE,2022-03-10T20:41:46,1238.95
2870,9,SANTANDER,PAULO,DEPOSITO,2022-11-08T05:46:41,6339.76
3320,4,SANTANDER,MARIA,DEPOSITO,2022-02-01T18:07:25,8750.74
4110,7,SANTANDER,LUCAS,SAQUE,2022-07-12T14:29:25,6745.35
4110,7,SANTANDER,LUCAS,SAQUE,2022-03-29T08:25:23,5802.84
3320,4,SANTANDER,MARIA,DEPOSITO,2022-04-28T18:29:18,5478.38
1810,3,SANTANDER,CARLOS,SAQUE,2022-02-02T07:06:59,842.41
1260,8,SANTANDER,BEATRIZ,DEPOSITO,2022-07-19T20:54:22,3276.41
1520,1,SANTANDER,JOAO,DEPOSITO,2022-10-04T10:00:30,4089.8
4110,7,SANTANDER,LUCAS,DEPOSITO,2022-04-06T10:06:59,2376.1
2220,2,SANTANDER,JULIA,DEPOSITO,2022-02-28T18:58:42,6711.82
1260,8,SANTANDER,BEATRIZ,SAQUE,2022-10-23T23:37:29,9386.4
1810,3,SANTANDER,CARLOS,DEPOSITO,2022-04-07T03:21:55,4461.5
1520,1,SANTANDER,JOAO,DEPOSITO,2022-12-26T01:35:44,1289.2
1044,2,SANTANDER,FELIPE,SAQUE,2022-09-30T05:21:17,4284.86
2870,9,SANTANDER,PAULO,SAQUE,2022-05-05T22:43:15,8844.88
3090,6,SANTANDER,PEDRO,SAQUE,2022-03-11T07:03:41,9139.04
3090,6,SANTANDER,PEDRO,SAQUE,2022-04-01T20:56:55,9466.71
1520,1,SANTANDER,JOAO,SAQUE,2022-08-06T15:19:03,6920.46
4110,7,SANTANDER,LUCAS,SAQUE,2022-04-06T14:23:46,9745.18
1260,8,SANTANDER,BEATRIZ,DEPOSITO,2022-05-09T01:39:49,769.6
2220,2,SANTANDER,JULIA,DEPOSITO,2022-12-21T14:44:26,9878.13
2870,9,SANTANDER,PAULO,DEPOSITO,2022-08-21T19:34:06,4744.26
2220,2,SANTANDER,JULIA,SAQUE,2022-02-11T05:49:25,3421.99
3090,6,SANTANDER,PEDRO,DEPOSITO,2022-09-13T17:27:36,9215.79
1044,2,SANTANDER,FELIPE,SAQUE,2022-02-01T02:55:41,1358.76
2750,5,SANTANDER,ANA,SAQUE,2022-06-23T12:20:02,896.88
1520,1,SANTANDER,JOAO,DEPOSITO,2022-07-01T03:33:45,8008.43
2220,2,SANTANDER,JULIA,SAQUE,2022-05-23T02:30:17,7970.31
2870,9,SANTANDER,PAULO,DEPOSITO,2022-03-05T16:43:17,9553.39
2220,2,SANTANDER,JULIA,DEPOSITO,2022-02-10T10:46:37,8120.18
1520,1,SANTANDER,JOAO,SAQUE,2022-12-29T10:00:59,6592.22
1260,8,SANTANDER,BEATRIZ,SAQUE,2022-07-17T12:50:10,6244.62
1520,1,SANTANDER,JOAO,SAQUE,2022-04-04T04:40:33,4339.79
1260,8,SANTANDER,BEATRIZ,DEPOSITO,2022-02-18T14:32:23,6300.56
1044,2,SANTANDER,FELIPE,DEPOSITO,2022-10-01T14:38:13,6757.37
2220,2,SANTANDER,JULIA,DEPOSITO,2022-06-08T12:27:32,5713.54
3320,4,SANTANDER,MARIA,DEPOSITO,2022-01-09T10:34:41,4034.64
1810,3,SANTANDER,CARLOS,DEPOSITO,2022-12-04T23:26:43,2275.19
2870,9,SANTANDER,PAULO,DEPOSITO,2022-11-02T23:25:49,5779.13
2750,5,SANTANDER,ANA,SAQUE,2022-01-26T05:48:54,9195.16
1260,8,SANTANDER,BEATRIZ,SAQUE,2022-11-02T23:02:26,759.09
1810,3,SANTANDER,CARLOS,SAQUE,2022-04-19T05:09:10,3607.91
3090,6,SANTANDER,PEDRO,DEPOSITO,2022-03-21T14:45:41,7826.62
2870,9,SANTANDER,PAULO,DEPOSITO,2022-02-24T07:21:26,1610.92
4110,7,SANTANDER,LUCAS,DEPOSITO,2022-08-25T17:23:05,5425.57
3320,4,SANTANDER,MARIA,DEPOSITO,2022-07-04T22:12:42,4041.83
3090,6,SANTANDER,PEDRO,DEPOSITO,2022-10-13T18:26:05,3985.28
1810,3,SANTANDER,CARLOS,SAQUE,2022-10-26T17:29:05,4015.66
1044,2,SANTANDER,FELIPE,SAQUE,2022-02-09T05:01:58,7615.33
1520,1,SANTANDER,JOAO,SAQUE,2022-08-01T05:10:09,1160.99
4110,7,SANTANDER,LUCAS,DEPOSITO,2022-06-01T18:02:18,4150.64
2750,5,SANTANDER,ANA,SAQUE,2022-05-16T07:39:28,3321.49
1260,8,SANTANDER,BEATRIZ,SAQUE,2022-08-11T18:58:19,6539.65
1260,8,SANTANDER,BEATRIZ,DEPOSITO,2022-11-03T23:42:07,5352.0
3090,6,SANTANDER,PEDRO,DEPOSITO,2022-11-05T07:27:48,3759.21
2750,5,SANTANDER,ANA,DEPOSITO,2022-08-30T16:05:20,9226.37
1044,2,SANTANDER,FELIPE,DEPOSITO,2022-03-30T16:43:00,4438.04
3320,4,SANTANDER,MARIA,DEPOSITO,2022-12-02T00:28:18,11.37
3090,6,SANTANDER,PEDRO,SAQUE,2022-03-05T14:58:42,2394.96
2220,2,SANTANDER,JULIA,SAQUE,2022-04-20T15:04:23,592.19
1260,8,SANTANDER,BEATRIZ,SAQUE,2022-06-30T19:09:37,318.71
2220,2,SANTANDER,JULIA,DEPOSITO,2022-04-08T09:46:22,1363.01
3090,6,SANTANDER,PEDRO,DEPOSITO,2022-08-10T14:40:05,4910.06
3320,4,SANTANDER,MARIA,SAQUE,2022-07-24T13:31:16,6046.57
2750,5,SANTANDER,ANA,DEPOSITO,2022-03-17T01:33:47,5148.54
1520,1,SANTANDER,JOAO,SAQUE,2022-02-20T07:41:00,7659.55
3320,4,SANTANDER,MARIA,DEPOSITO,2022-11-25T06:42:42,1257.65
4110,7,SANTANDER,LUCAS,SAQUE,2022-06-16T14:18:44,872.66
2220,2,SANTANDER,JULIA,SAQUE,2022-03-06T21:57:18,2494.82
1520,1,SANTANDER,JOAO,SAQUE,2022-09-03T17:43:15,3219.44
4110,7,SANTANDER,LUCAS,SAQUE,2022-09-13T17:07:13,5958.73
3090,6,SANTANDER,PEDRO,SAQUE,2022-07-01T22:05:54,7943.69
1044,2,SANTANDER,FELIPE,SAQUE,2022-05-11T12:43:16,8611.22
2220,2,SANTANDER,JULIA,DEPOSITO,2022-08-25T16:16:11,5704.99
2220,2,SANTANDER,JULIA,SAQUE,2022-08-15T17:31:21,2411.91
4110,7,SANTANDER,LUCAS,SAQUE,2022-08-20T00:49:20,9790.75
4110,7,SANTANDER,LUCAS,DEPOSITO,2022-10-23T10:20:06,189.43
2220,2,SANTANDER,JULIA,DEPOSITO,2022-10-02T22:56:51,4751.78
2870,9,SANTANDER,PAULO,DEPOSITO,2022-05-16T11:35:12,972.27
2750,5,SANTANDER,ANA,SAQUE,2022-03-02T20:52:14,5973.35
1520,1,SANTANDER,JOAO,SAQUE,2022-01-24T14:25:29,2210.8
3090,6,SANTANDER,PEDRO,DEPOSITO,2022-04-30T02:12:58,2962.67
1260,8,SANTANDER,BEATRIZ,DEPOSITO,2022-02-21T10:34:37,2560.82
4110,7,SANTANDER,LUCAS,SAQUE,2022-11-19T20:29:26,5735.79
3320,4,SANTANDER,MARIA,SAQUE,2022-01-27T04:33:32,5544.55
4110,7,SANTANDER,LUCAS,SAQUE,2022-10-30T15:30:12,4528.72
1044,2,SANTANDER,FELIPE,DEPOSITO,2022-04-04T02:37:36,6185.35
2750,5,SANTANDER,ANA,DEPOSITO,2022-10-26T09:33:18,7418.84
3090,6,SANTANDER,PEDRO,DEPOSITO,2022-04-02T20:20:56,4036.92
3090,6,SANTANDER,PEDRO,SAQUE,2022-08-17T08:20:23,8389.76
3320,4,SANTANDER,MARIA,DEPOSITO,2022-03-11T20:24:20,5066.6
2870,9,SANTANDER,PAULO,SAQUE,2022-09-27T15:53:47,2524.59
3320,4,SANTANDER,MARIA,SAQUE,2022-10-15T14:58:17,143.53
2220,2,SANTANDER,JULIA,SAQUE,2022-05-28T08:24:33,577.57
2870,9,SANTANDER,PAULO,DEPOSITO,2022-04-22T17:53:51,7140.92
4110,7,SANTANDER,LUCAS,DEPOSITO,2022-09-03T16:12:59,52.87
3090,6,SANTANDER,PEDRO,SAQUE,2022-04-26T11:52:49,7885.72
4110,7,SANTANDER,LUCAS,DEPOSITO,2022-11-13T09:33:22,1965.77
1260,8,SANTANDER,BEATRIZ,SAQUE,2022-04-13T23:13:10,9231.76
3320,4,SANTANDER,MARIA,DEPOSITO,2022-08-14T21:54:42,9114.38
1810,3,SANTANDER,CARLOS,DEPOSITO,2022-02-07T15:27:28,406.07
3320,4,SANTANDER,MARIA,DEPOSITO,2022-08-05T22:51:50,9478.9
2870,9,SANTANDER,PAULO,DEPOSITO,2022-06-11T11:14:14,9134.05
2750,5,SANTANDER,ANA,SAQUE,2022-09-11T22:11:39,1661.13
1044,2,SANTANDER,FELIPE,DEPOSITO,2022-08-06T00:01:16,5153.12
2220,2,SANTANDER,JULIA,SAQUE,2022-11-18T23:02:57,5032.24
3320,4,SANTANDER,MARIA,DEPOSITO,2022-12-25T17:48:31,4941.19
4110,7,SANTANDER,LUCAS,SAQUE,2022-11-10T11:35:16,9142.26
1810,3,SANTANDER,CARLOS,DEPOSITO,2022-01-08T21:26:47,1169.2
2750,5,SANTANDER,ANA,DEPOSITO,2022-01-29T15:40:06,5586.71
3320,4,SANTANDER,MARIA,SAQUE,2022-05-26T08:18:16,2747.47
4110,7,SANTANDER,LUCAS,DEPOSITO,2022-10-04T12:38:35,4280.45
4110,7,SANTANDER,LUCAS,SAQUE,2022-05-19T20:40:09,3608.4
2750,5,SANTANDER,ANA,SAQUE,2022-06-15T18:10:13,8279.48
1044,2,SANTANDER,FELIPE,DEPOSITO,2022-02-14T02:25:18,5918.33
1520,1,SANTANDER,JOAO,SAQUE,2022-06-19T04:18:19,6879.54
1520,1,SANTANDER,JOAO,SAQUE,2022-07-28T20:53:23,2236.86
1260,8,SANTANDER,BEATRIZ,SAQUE,2022-03-26T20:28:57,6598.01
3320,4,SANTANDER,MARIA,SAQUE,2022-09-14T12:00:51,4223.12
2870,9,SANTANDER,PAULO,SAQUE,2022-06-27T06:49:15,807.04
3320,4,SANTANDER,MARIA,SAQUE,2022-08-14T01:05:18,5358.32
1810,3,SANTANDER,CARLOS,SAQUE,2022-07-20T03:56:45,9165.98
2220,2,SANTANDER,JULIA,SAQUE,2022-03-20T04:20:49,8551.53
3090,6,SANTANDER,PEDRO,SAQUE,2022-05-16T22:34:16,3978.15
2750,5,SANTANDER,ANA,DEPOSITO,2022-10-22T23:14:21,7549.6
2870,9,SANTANDER,PAULO,DEPOSITO,2022-12-20T10:16:47,4707.96
2750,5,SANTANDER,ANA,DEPOSITO,2022-01-04T18:34:53,616.76
1044,2,SANTANDER,FELIPE,SAQUE,2022-04-01T05:04:34,8237.14
2750,5,SANTANDER,ANA,SAQUE,2022-02-16T11:36:19,3605.26
1260,8,SANTANDER,BEATRIZ,SAQUE,2022-11-02T22:27:52,5478.91
2220,2,SANTANDER,JULIA,DEPOSITO,2022-03-01T04:10:12,1469.66
1810,3,SANTANDER,CARLOS,DEPOSITO,2022-11-19T23:59:38,3568.09
1520,1,SANTANDER,JOAO,DEPOSITO,2022-07-16T17:09:29,1512.62
3090,6,SANTANDER,PEDRO,SAQUE,2022-05-14T15:06:01,7355.2
4110,7,SANTANDER,LUCAS,SAQUE,2022-03-07T00:23:09,9465.64
2220,2,SANTANDER,JULIA,SAQUE,2022-08-16T11:26:25,4835.88
1810,3,SANTANDER,CARLOS,DEPOSITO,2022-12-06T21:11:22,2617.98
2750,5,SANTANDER,ANA,SAQUE,2022-06-16T21:00:22,2847.65
3090,6,SANTANDER,PEDRO,SAQUE,2022-12-22T05:53:01,7084.5
2870,9,SANTANDER,PAULO,SAQUE,2022-04-05T13:05:54,7425.54
3090,6,SANTANDER,PEDRO,DEPOSITO,2022-01-19T16:23:59,7300.06
2220,2,SANTANDER,JULIA,DEPOSITO,2022-01-20T00:18:16,5841.63
1260,8,SANTANDER,BEATRIZ,DEPOSITO,2022-12-21T17:02:39,407.26
2870,9,SANTANDER,PAULO,DEPOSITO,2022-05-27T09:46:27,4296.96
4110,7,SANTANDER,LUCAS,DEPOSITO,2022-01-02T15:36:46,5646.57
2220,2,SANTANDER,JULIA,DEPOSITO,2022-12-06T06:31:48,443.1
2750,5,SANTANDER,ANA,DEPOSITO,2022-05-04T02:49:31,809.15
1044,2,SANTANDER,FELIPE,DEPOSITO,2022-06-05T17:53:13,6929.97
3090,6,SANTANDER,PEDRO,SAQUE,2022-12-14T13:30:14,1184.49
4110,7,SANTANDER,LUCAS,SAQUE,2022-01-19T14:53:19,9333.16
4110,7,SANTANDER,LUCAS,DEPOSITO,2022-06-20T06:55:42,6210.34
1810,3,SANTANDER,CARLOS,DEPOSITO,2022-09-11T23:42:29,3142.66
1260,8,SANTANDER,BEATRIZ,DEPOSITO,2022-09-02T13:19:57,6637.63
1810,3,SANTANDER,CARLOS,SAQUE,2022-01-06T16:08:02,9279.18
1520,1,SANTANDER,JOAO,SAQUE,2022-01-29T16:27:57,7328.32
2220,2,SANTANDER,JULIA,SAQUE,2022-01-22T15:38:48,9880.3
1810,3,SANTANDER,CARLOS,DEPOSITO,2022-08-12T09:50:29,8423.4
3090,6,SANTANDER,PEDRO,SAQUE,2022-02-19T09:18:53,4393.88
2220,2,SANTANDER,JULIA,SAQUE,2022-07-06T11:33:17,376.08
3320,4,SANTANDER,MARIA,DEPOSITO,2022-04-01T19:30:10,4426.48
1044,2,SANTANDER,FELIPE,SAQUE,2022-05-31T06:36:59,4623.54
1044,2,SANTANDER,FELIPE,SAQUE,2022-02-14T05:30:56,522.55
3090,6,SANTANDER,PEDRO,DEPOSITO,2022-06-22T07:33:40,6326.42
2750,5,SANTANDER,ANA,SAQUE,2022-03-04T22:30:23,6564.53
1260,8,SANTANDER,BEATRIZ,DEPOSITO,2022-10-01T01:23:08,264.2
4110,7,SANTANDER,LUCAS,SAQUE,2022-10-28T17:55:43,54.78
3090,6,SANTANDER,PEDRO,DEPOSITO,2022-08-08T04:47:28,2599.69
1044,2,SANTANDER,FELIPE,DEPOSITO,2022-05-19T10:21:42,1156.1
3090,6,SANTANDER,PEDRO,DEPOSITO,2022-04-15T03:22:41,187.72
1044,2,SANTANDER,FELIPE,DEPOSITO,2022-07-16T06:52:53,9622.8
3090,6,SANTANDER,PEDRO,SAQUE,2022-10-23T02:54:44,6534.57
1044,2,SANTANDER,FELIPE,SAQUE,2022-06-30T12:17:43,9104.81
3320,4,SANTANDER,MARIA,DEPOSITO,2022-12-11T09:23:57,4380.49
1044,2,SANTANDER,FELIPE,SAQUE,2022-08-31T04:05:59,6785.28
2870,9,SANTANDER,PAULO,SAQUE,2022-05-16T08:47:12,4640.36
1044,2,SANTANDER,FELIPE,SAQUE,2022-12-15T05:09:16,6721.22
1044,2,SANTANDER,FELIPE,DEPOSITO,2022-07-24T17:47:58,4994.58
1810,3,SANTANDER,CARLOS,SAQUE,2022-05-22T15:12:16,8153.79
2220,2,SANTANDER,JULIA,SAQUE,2022-10-09T08:54:24,5514.53
4110,7,SANTANDER,LUCAS,SAQUE,2022-02-01T01:27:40,6426.79
3090,6,SANTANDER,PEDRO,DEPOSITO,2022-05-05T16:39:12,5136.74
2220,2,SANTANDER,JULIA,DEPOSITO,2022-03-19T08:39:59,4176.61
2750,5,SANTANDER,ANA,DEPOSITO,2022-08-02T14:06:22,7514.93
2750,5,SANTANDER,ANA,SAQUE,2022-01-20T00:35:33,6347.89
3090,6,SANTANDER,PEDRO,SAQUE,2022-01-09T09:37:35,7639.7
1044,2,SANTANDER,FELIPE,SAQUE,2022-07-11T07:08:35,5164.22
3320,4,SANTANDER,MARIA,SAQUE,2022-05-19T19:16:08,6952.07
4110,7,SANTANDER,LUCAS,SAQUE,2022-11-24T05:13:25,5798.63
1520,1,SANTANDER,JOAO,SAQUE,2022-04-10T19:50:02,266.04
3320,4,SANTANDER,MARIA,SAQUE,2022-05-25T23:41:11,3129.79
3090,6,SANTANDER,PEDRO,SAQUE,2022-07-10T08:26:13,119.26
1044,2,SANTANDER,FELIPE,DEPOSITO,2022-03-15T04:19:31,609.66
1260,8,SANTANDER,BEATRIZ,SAQUE,2022-10-28T06:50:10,1973.11
3320,4,SANTANDER,MARIA,DEPOSITO,2022-04-29T07:07:29,8554.37
3090,6,SANTANDER,PEDRO,SAQUE,2022-07-16T04:21:04,8130.74
2870,9,SANTANDER,PAULO,SAQUE,2022-03-30T12:05:58,1817.5
2870,9,SANTANDER,PAULO,DEPOSITO,2022-05-17T11:39:40,2519.52
1044,2,SANTANDER,FELIPE,DEPOSITO,2022-07-12T00:18:16,9076.5
1260,8,SANTANDER,BEATRIZ,DEPOSITO,2022-02-07T11:09:48,3254.52
3090,6,SANTANDER,PEDRO,SAQUE,2022-09-21T23:06:38,5473.12
1044,2,SANTANDER,FELIPE,SAQUE,2022-03-20T03:13:49,5439.19
1260,8,SANTANDER,BEATRIZ,SAQUE,2022-03-23T03:15:25,1125.03
1810,3,SANTANDER,CARLOS,DEPOSITO,2022-10-17T05:32:25,4475.88
4110,7,SANTANDER,LUCAS,SAQUE,2022-12-18T13:17:13,4657.85
1044,2,SANTANDER,FELIPE,SAQUE,2022-06-23T20:05:46,6800.16
3320,4,SANTANDER,MARIA,SAQUE,2022-07-19T02:06:56,1264.18
3320,4,SANTANDER,MARIA,DEPOSITO,2022-11-17T11:16:48,8812.67
1810,3,SANTANDER,CARLOS,SAQUE,2022-12-13T19:58:17,1702.57
3090,6,SANTANDER,PEDRO,DEPOSITO,2022-06-21T04:31:31,7367.45
1520,1,SANTANDER,JOAO,DEPOSITO,2022-10-06T01:19:29,5899.87
2750,5,SANTANDER,ANA,SAQUE,2022-12-25T07:39:45,8507.02
2750,5,SANTANDER,ANA,DEPOSITO,2022-04-24T23:06:36,9302.63
1520,1,SANTANDER,JOAO,DEPOSITO,2022-02-08T18:06:49,3356.63
3090,6,SANTANDER,PEDRO,SAQUE,2022-12-09T02:46:42,417.71
1260,8,SANTANDER,BEATRIZ,DEPOSITO,2022-12-04T13:07:47,3804.94
2750,5,SANTANDER,ANA,SAQUE,2022-03-31T12:33:27,400.27
1044,2,SANTANDER,FELIPE,SAQUE,2022-02-14T10:50:04,1101.7
4110,7,SANTANDER,LUCAS,DEPOSITO,2022-01-24T20:34:35,7204.71
4110,7,SANTANDER,LUCAS,DEPOSITO,2022-04-28T21:34:44,9934.99
2870,9,SANTANDER,PAULO,SAQUE,2022-04-13T14:42:49,1764.53
3090,6,SANTANDER,PEDRO,DEPOSITO,2022-11-22T13:32:40,2966.71
2750,5,SANTANDER,ANA,DEPOSITO,2022-09-12T10:29:21,7031.03
1260,8,SANTANDER,BEATRIZ,SAQUE,2022-11-11T23:08:35,1343.52
3090,6,SANTANDER,PEDRO,SAQUE,2022-05-18T15:57:09,3133.95
1520,1,SANTANDER,JOAO,DEPOSITO,2022-02-23T00:09:54,47.29
3090,6,SANTANDER,PEDRO,DEPOSITO,2022-11-07T06:56:14,1142.97
1044,2,SANTANDER,FELIPE,SAQUE,2022-09-28T08:29:55,546.75
4110,7,SANTANDER,LUCAS,DEPOSITO,2022-04-12T22:46:39,7065.79
4110,7,SANTANDER,LUCAS,DEPOSITO,2022-07-11T13:40:21,2180.86
1520,1,SANTANDER,JOAO,SAQUE,2022-10-10T13:05:00,4923.99
1044,2,SANTANDER,FELIPE,SAQUE,2022-11-20T03:42:24,6452.62
2220,2,SANTANDER,JULIA,SAQUE,2022-10-06T15:26:06,4425.36
1260,8,SANTANDER,BEATRIZ,SAQUE,2022-01-02T22:33:17,3786.3
1044,2,SANTANDER,FELIPE,DEPOSITO,2022-11-17T11:57:42,3726.52
2870,9,SANTANDER,PAULO,DEPOSITO,2022-07-14T12:26:55,7582.28
3090,6,SANTANDER,PEDRO,DEPOSITO,2022-05-15T04:27:10,5494.64
2750,5,SANTANDER,ANA,DEPOSITO,2022-01-30T10:22:37,6192.01
3320,4,SANTANDER,MARIA,DEPOSITO,2022-05-12T03:01:17,8273.85
1044,2,SANTANDER,FELIPE,SAQUE,2022-08-26T22:53:47,3240.08
1810,3,SANTANDER,CARLOS,DEPOSITO,2022-04-14T14:31:42,9514.02
3090,6,SANTANDER,PEDRO,SAQUE,2022-05-24T13:39:17,7520.09
3320,4,SANTANDER,MARIA,SAQUE,2022-07-18T22:35:19,3426.82
1810,3,SANTANDER,CARLOS,SAQUE,2022-10-22T19:04:01,1413.57
1810,3,SANTANDER,CARLOS,SAQUE,2022-06-27T08:18:53,6430.67
2220,2,SANTANDER,JULIA,DEPOSITO,2022-09-05T06:28:18,5621.47
1520,1,SANTANDER,JOAO,SAQUE,2022-05-09T18:49:55,4183.5
4110,7,SANTANDER,LUCAS,DEPOSITO,2022-09-03T09:00:41,897.23
1810,3,SANTANDER,CARLOS,SAQUE,2022-05-02T07:39:15,6192.64
2220,2,SANTANDER,JULIA,SAQUE,2022-12-18T13:53:30,1451.0
1044,2,SANTANDER,FELIPE,SAQUE,2022-01-15T10:58:05,7496.91
2220,2,SANTANDER,JULIA,SAQUE,2022-10-04T14:38:41,8334.27
1260,8,SANTANDER,BEATRIZ,SAQUE,2022-03-23T11:23:14,7435.71
1044,2,SANTANDER,FELIPE,DEPOSITO,2022-11-27T10:53:31,1315.45
4110,7,SANTANDER,LUCAS,SAQUE,2022-07-05T11:28:11,7052.72
1520,1,SANTANDER,JOAO,SAQUE,2022-01-17T08:00:54,2772.43
1044,2,SANTANDER,FELIPE,SAQUE,2022-09-30T02:12:28,1487.2
2750,5,SANTANDER,ANA,SAQUE,2022-10-03T21:10:56,3174.37
2750,5,SANTANDER,ANA,SAQUE,2022-03-06T11:44:05,4936.33
2870,9,SANTANDER,PAULO,SAQUE,2022-07-23T06:54:06,9281.38
3090,6,SANTANDER,PEDRO,SAQUE,2022-05-04T04:06:03,7121.15
4110,7,SANTANDER,LUCAS,SAQUE,2022-09-04T23:17:19,4936.81
2220,2,SANTANDER,JULIA,DEPOSITO,2022-01-25T17:32:04,8667.12
2870,9,SANTANDER,PAULO,DEPOSITO,2022-08-27T21:04:16,9243.35
1810,3,SANTANDER,CARLOS,DEPOSITO,2022-07-16T22:30:48,1326.34
1520,1,SANTANDER,JOAO,DEPOSITO,2022-12-12T22:45:20,1145.81
3090,6,SANTANDER,PEDRO,SAQUE,2022-06-03T21:54:34,6716.54
4110,7,SANTANDER,LUCAS,SAQUE,2022-05-08T12:50:52,1425.45
1260,8,SANTANDER,BEATRIZ,DEPOSITO,2022-12-20T01:49:01,919.13
2870,9,SANTANDER,PAULO,SAQUE,2022-01-07T21:09:57,5348.04
1810,3,SANTANDER,CARLOS,SAQUE,2022-08-02T05:56:15,2624.01
1520,1,SANTANDER,JOAO,DEPOSITO,2022-04-29T06:04:32,8928.08
1260,8,SANTANDER,BEATRIZ,DEPOSITO,2022-12-22T12:10:43,102.38
1520,1,SANTANDER,JOAO,DEPOSITO,2022-05-12T07:18:19,2653.93
2220,2,SANTANDER,JULIA,SAQUE,2022-08-14T19:47:06,9552.41
2870,9,SANTANDER,PAULO,SAQUE,2022-03-01T14:22:28,9382.67
2750,5,SANTANDER,ANA,SAQUE,2022-04-18T12:43:27,4378.66
1260,8,SANTANDER,BEATRIZ,SAQUE,2022-11-23T22:06:01,4131.95
1810,3,SANTANDER,CARLOS,DEPOSITO,2022-11-19T08:26:11,3672.61
1810,3,SANTANDER,CARLOS,DEPOSITO,2022-02-16T23:46:30,1882.32
2870,9,SANTANDER,PAULO,SAQUE,2022-02-08T22:04:48,7248.56
3320,4,SANTANDER,MARIA,DEPOSITO,2022-12-09T17:58:51,9810.74
2220,2,SANTANDER,JULIA,SAQUE,2022-06-18T17:58:36,7109.64
2220,2,SANTANDER,JULIA,SAQUE,2022-10-07T09:38:40,7414.1
3090,6,SANTANDER,PEDRO,DEPOSITO,2022-08-21T00:17:27,6690.66
2750,5,SANTANDER,ANA,SAQUE,2022-07-06T12:59:30,8331.04
1810,3,SANTANDER,CARLOS,SAQUE,2022-07-20T03:30:57,1026.94
3090,6,SANTANDER,PEDRO,SAQUE,2022-06-08T11:58:30,4912.09
1260,8,SANTANDER,BEATRIZ,SAQUE,2022-03-07T10:01:37,500.62
1260,8,SANTANDER,BEATRIZ,DEPOSITO,2022-09-30T18:31:18,5306.74
3320,4,SANTANDER,MARIA,SAQUE,2022-01-18T09:27:30,6766.1
3320,4,SANTANDER,MARIA,SAQUE,2022-04-10T21:38:27,3265.75
2750,5,SANTANDER,ANA,DEPOSITO,2022-07-16T09:27:43,8077.12
1520,1,SANTANDER,JOAO,SAQUE,2022-10-27T04:20:21,6819.2
3090,6,SANTANDER,PEDRO,SAQUE,2022-04-06T23:44:57,6327.71
2220,2,SANTANDER,JULIA,SAQUE,2022-02-04T15:26:29,144.95
2870,9,SANTANDER,PAULO,SAQUE,2022-07-31T15:37:41,2859.32
2750,5,SANTANDER,ANA,DEPOSITO,2022-09-28T19:20:56,143.43
1044,2,SANTANDER,FELIPE,DEPOSITO,2022-10-04T13:56:51,7434.64
4110,7,SANTANDER,LUCAS,DEPOSITO,2022-08-25T11:26:58,4336.04
2220,2,SANTANDER,JULIA,SAQUE,2022-04-19T07:11:39,5532.93
1520,1,SANTANDER,JOAO,DEPOSITO,2022-09-23T11:01:42,4043.6
3320,4,SANTANDER,MARIA,SAQUE,2022-12-06T23:58:50,6908.18
2220,2,SANTANDER,JULIA,SAQUE,2022-08-19T21:09:02,715.95
3090,6,SANTANDER,PEDRO,DEPOSITO,2022-12-14T08:29:50,8082.91
1810,3,SANTANDER,CARLOS,SAQUE,2022-05-21T12:00:03,5760.35
1044,2,SANTANDER,FELIPE,SAQUE,2022-06-03T05:09:50,8643.1
4110,7,SANTANDER,LUCAS,SAQUE,2022-05-05T08:57:39,6234.41
3320,4,SANTANDER,MARIA,DEPOSITO,2022-01-01T11:44:56,9442.19
3320,4,SANTANDER,MARIA,DEPOSITO,2022-04-25T14:25:43,1391.06
3320,4,SANTANDER,MARIA,DEPOSITO,2022-09-29T11:51:27,2381.16
4110,7,SANTANDER,LUCAS,DEPOSITO,2022-12-23T23:14:38,727.68
1520,1,SANTANDER,JOAO,DEPOSITO,2022-04-03T06:57:30,2790.16
4110,7,SANTANDER,LUCAS,DEPOSITO,2022-03-10T13:44:02,1516.69
1520,1,SANTANDER,JOAO,DEPOSITO,2022-01-15T23:06:31,1457.59
1260,8,SANTANDER,BEATRIZ,DEPOSITO,2022-12-26T22:26:05,4148.37
3320,4,SANTANDER,MARIA,SAQUE,2022-07-28T14:07:15,1234.45
1044,2,SANTANDER,FELIPE,DEPOSITO,2022-11-23T14:38:22,5664.19
2870,9,SANTANDER,PAULO,SAQUE,2022-11-11T16:37:57,9146.71
2870,9,SANTANDER,PAULO,DEPOSITO,2022-07-23T13:18:13,4605.12
1044,2,SANTANDER,FELIPE,DEPOSITO,2022-03-04T00:04:26,6610.99
3320,4,SANTANDER,MARIA,SAQUE,2022-11-19T09:57:07,6800.9
3090,6,SANTANDER,PEDRO,DEPOSITO,2022-06-13T01:38:18,797.47
3320,4,SANTANDER,MARIA,DEPOSITO,2022-08-20T18:10:53,6293.66
3090,6,SANTANDER,PEDRO,SAQUE,2022-05-24T16:01:05,4523.38
4110,7,SANTANDER,LUCAS,SAQUE,2022-04-06T23:26:37,8376.97
1520,1,SANTANDER,JOAO,SAQUE,2022-07-07T20:23:55,2615.53
1044,2,SANTANDER,FELIPE,DEPOSITO,2022-10-20T12:03:10,2628.03
3090,6,SANTANDER,PEDRO,SAQUE,2022-12-08T09:31:19,6456.97
1260,8,SANTANDER,BEATRIZ,SAQUE,2022-01-25T20:09:43,2717.67
1810,3,SANTANDER,CARLOS,DEPOSITO,2022-03-15T05:03:43,863.9
2750,5,SANTANDER,ANA,SAQUE,2022-11-12T10:45:20,5414.8
2870,9,SANTANDER,PAULO,DEPOSITO,2022-09-18T22:58:15,6047.28
4110,7,SANTANDER,LUCAS,SAQUE,2022-07-13T22:05:10,1842.87
1810,3,SANTANDER,CARLOS,DEPOSITO,2022-02-14T23:05:03,4838.81
2750,5,SANTANDER,ANA,DEPOSITO,2022-04-17T01:15:33,6751.32
2220,2,SANTANDER,JULIA,DEPOSITO,2022-08-14T19:10:10,7153.12
3320,4,SANTANDER,MARIA,DEPOSITO,2022-06-05T03:52:36,5781.25
3090,6,SANTANDER,PEDRO,DEPOSITO,2022-08-22T01:00:42,9151.7
1044,2,SANTANDER,FELIPE,SAQUE,2022-06-26T10:18:08,470.63
3090,6,SANTANDER,PEDRO,DEPOSITO,2022-06-03T17:57:12,2675.79
1044,2,SANTANDER,FELIPE,DEPOSITO,2022-03-04T05:28:30,7904.39
3320,4,SANTANDER,MARIA,DEPOSITO,2022-06-19T00:34:56,2976.69
2870,9,SANTANDER,PAULO,DEPOSITO,2022-07-01T10:39:47,1832.36
2220,2,SANTANDER,JULIA,DEPOSITO,2022-09-19T11:35:16,9743.71
4110,7,SANTANDER,LUCAS,DEPOSITO,2022-05-08T23:24:07,3814.3
1520,1,SANTANDER,JOAO,SAQUE,2022-05-21T12:24:17,3675.07
2750,5,SANTANDER,ANA,DEPOSITO,2022-12-25T13:14:46,8965.09
2220,2,SANTANDER,JULIA,DEPOSITO,2022-01-22T15:31:28,1122.93
3320,4,SANTANDER,MARIA,DEPOSITO,2022-07-13T03:27:28,8529.6
3090,6,SANTANDER,PEDRO,DEPOSITO,2022-02-28T07:43:28,6712.34
2870,9,SANTANDER,PAULO,DEPOSITO,2022-09-27T13:50:18,3912.83
1260,8,SANTANDER,BEATRIZ,DEPOSITO,2022-06-17T19:04:12,2014.91
1810,3,SANTANDER,CARLOS,DEPOSITO,2022-06-02T03:57:36,8012.64
1044,2,SANTANDER,FELIPE,DEPOSITO,2022-06-13T03:38:34,2315.24
1044,2,SANTANDER,FELIPE,SAQUE,2022-06-02T09:50:04,6326.71
2750,5,SANTANDER,ANA,DEPOSITO,2022-07-27T06:20:58,1751.86
2220,2,SANTANDER,JULIA,SAQUE,2022-12-23T03:08:42,2468.28
1260,8,SANTANDER,BEATRIZ,DEPOSITO,2022-07-20T01:28:42,9592.0
4110,7,SANTANDER,LUCAS,DEPOSITO,2022-12-23T03:35:41,803.79
3320,4,SANTANDER,MARIA,SAQUE,2022-10-13T15:29:06,1920.48
1260,8,SANTANDER,BEATRIZ,SAQUE,2022-06-21T18:43:40,6112.47
3320,4,SANTANDER,MARIA,DEPOSITO,2022-10-11T11:03:23,2844.16
4110,7,SANTANDER,LUCAS,SAQUE,2022-12-01T06:30:23,5447.45
3090,6,SANTANDER,PEDRO,SAQUE,2022-01-04T01:38:56,8631.53
2750,5,SANTANDER,ANA,DEPOSITO,2022-08-10T13:58:48,3454.03
2870,9,SANTANDER,PAULO,SAQUE,2022-12-28T21:46:04,8445.22
1520,1,SANTANDER,JOAO,SAQUE,2022-07-29T11:12:19,685.99
1810,3,SANTANDER,CARLOS,SAQUE,2022-07-02T21:29:31,5641.13
3090,6,SANTANDER,PEDRO,DEPOSITO,2022-11-05T03:18:30,5155.48
1520,1,SANTANDER,JOAO,DEPOSITO,2022-03-30T23:07:28,4588.28
2870,9,SANTANDER,PAULO,DEPOSITO,2022-10-28T01:14:50,9778.97
3090,6,SANTANDER,PEDRO,DEPOSITO,2022-06-14T14:55:42,4461.28
4110,7,SANTANDER,LUCAS,DEPOSITO,2022-04-16T22:09:00,4756.08
2220,2,SANTANDER,JULIA,SAQUE,2022-12-13T12:02:37,7033.5
3320,4,SANTANDER,MARIA,SAQUE,2022-02-04T13:09:29,1235.5
3320,4,SANTANDER,MARIA,SAQUE,2022-12-25T14:54:02,4981.27
2870,9,SANTANDER,PAULO,DEPOSITO,2022-11-17T01:10:27,2503.81
1520,1,SANTANDER,JOAO,DEPOSITO,2022-05-03T22:58:54,206.77
1520,1,SANTANDER,JOAO,DEPOSITO,2022-12-26T07:39:40,8819.3
3090,6,SANTANDER,PEDRO,DEPOSITO,2022-11-05T07:18:50,5260.55
3090,6,SANTANDER,PEDRO,SAQUE,2022-11-17T08:47:07,4531.38
4110,7,SANTANDER,LUCAS,DEPOSITO,2022-05-28T03:19:43,2661.33
2750,5,SANTANDER,ANA,DEPOSITO,2022-09-01T05:31:01,9108.93
2750,5,SANTANDER,ANA,DEPOSITO,2022-04-06T23:24:49,3471.03
4110,7,SANTANDER,LUCAS,SAQUE,2022-09-04T23:08:09,7072.13
1810,3,SANTANDER,CARLOS,SAQUE,2022-01-26T23:25:26,7142.79
2750,5,SANTANDER,ANA,DEPOSITO,2022-09-20T20:51:29,7219.9
1260,8,SANTANDER,BEATRIZ,DEPOSITO,2022-04-26T17:22:21,195.46
1260,8,SANTANDER,BEATRIZ,SAQUE,2022-03-12T07:57:39,5833.35
2750,5,SANTANDER,ANA,SAQUE,2022-09-15T14:06:44,7414.27
1520,1,SANTANDER,JOAO,SAQUE,2022-04-16T14:43:49,5708.58
3320,4,SANTANDER,MARIA,SAQUE,2022-08-04T16:19:31,7626.06
1044,2,SANTANDER,FELIPE,DEPOSITO,2022-04-27T09:59:58,620.13
2220,2,SANTANDER,JULIA,DEPOSITO,2022-04-14T06:00:18,7264.69
2870,9,SANTANDER,PAULO,DEPOSITO,2022-03-16T05:01:30,2418.23
1520,1,SANTANDER,JOAO,SAQUE,2022-04-04T00:17:10,3607.22
1044,2,SANTANDER,FELIPE,DEPOSITO,2022-03-15T16:12:59,6638.35
1044,2,SANTANDER,FELIPE,SAQUE,2022-07-15T01:29:47,587.08
3320,4,SANTANDER,MARIA,SAQUE,2022-08-07T11:19:02,4639.64
4110,7,SANTANDER,LUCAS,SAQUE,2022-11-12T11:29:08,4570.95
2220,2,SANTANDER,JULIA,SAQUE,2022-03-16T01:51:57,8676.49
2220,2,SANTANDER,JULIA,DEPOSITO,2022-01-10T18:10:00,4186.92
4110,7,SANTANDER,LUCAS,DEPOSITO,2022-06-02T23:53:43,2313.99
3320,4,SANTANDER,MARIA,SAQUE,2022-02-06T15:34:26,7189.0
1044,2,SANTANDER,FELIPE,SAQUE,2022-07-27T01:17:27,5952.24
2870,9,SANTANDER,PAULO,SAQUE,2022-05-31T03:00:45,3200.23
1520,1,SANTANDER,JOAO,DEPOSITO,2022-08-18T19:09:34,3475.66
3090,6,SANTANDER,PEDRO,DEPOSITO,2022-08-31T00:45:27,5674.24
1520,1,SANTANDER,JOAO,DEPOSITO,2022-08-04T13:58:31,4766.09
4110,7,SANTANDER,LUCAS,SAQUE,2022-10-01T13:30:03,7850.56
1044,2,SANTANDER,FELIPE,DEPOSITO,2022-04-30T19:54:18,1217.88
1810,3,SANTANDER,CARLOS,DEPOSITO,2022-01-09T02:38:22,7089.29
4110,7,SANTANDER,LUCAS,SAQUE,2022-10-24T23:03:50,8632.2
2870,9,SANTANDER,PAULO,SAQUE,2022-05-01T10:41:39,9349.56
2870,9,SANTANDER,PAULO,DEPOSITO,2022-04-16T05:47:14,4227.24
4110,7,SANTANDER,LUCAS,SAQUE,2022-06-16T20:24:20,8361.76
2220,2,SANTANDER,JULIA,SAQUE,2022-07-06T09:08:40,1760.41
3090,6,SANTANDER,PEDRO,SAQUE,2022-05-21T13:22:47,3261.01
2870,9,SANTANDER,PAULO,SAQUE,2022-06-15T05:33:39,9710.2
3090,6,SANTANDER,PEDRO,SAQUE,2022-03-05T02:29:03,1928.8
1260,8,SANTANDER,BEATRIZ,DEPOSITO,2022-12-29T11:54:18,3434.42
1044,2,SANTANDER,FELIPE,SAQUE,2022-02-28T08:34:50,7502.35
2750,5,SANTANDER,ANA,DEPOSITO,2022-02-24T05:53:12,6000.86
3090,6,SANTANDER,PEDRO,DEPOSITO,2022-01-28T18:33:42,9966.35
4110,7,SANTANDER,LUCAS,SAQUE,2022-10-23T06:35:55,3705.92
2220,2,SANTANDER,JULIA,SAQUE,2022-05-10T03:52:24,5058.51
4110,7,SANTANDER,LUCAS,DEPOSITO,2022-03-19T13:54:20,5369.94
3320,4,SANTANDER,MARIA,DEPOSITO,2022-08-29T18:08:48,2892.92
4110,7,SANTANDER,LUCAS,SAQUE,2022-01-10T02:19:18,3755.0
3090,6,SANTANDER,PEDRO,SAQUE,2022-04-18T22:41:22,1667.96
2870,9,SANTANDER,PAULO,SAQUE,2022-06-04T04:49:47,6355.94
2870,9,SANTANDER,PAULO,SAQUE,2022-02-01T01:47:15,2682.13
4110,7,SANTANDER,LUCAS,SAQUE,2022-12-06T03:42:50,7055.3
2220,2,SANTANDER,JULIA,SAQUE,2022-08-14T08:12:28,763.4
4110,7,SANTANDER,LUCAS,DEPOSITO,2022-10-21T12:02:17,9644.16
1260,8,SANTANDER,BEATRIZ,DEPOSITO,2022-11-14T19:12:50,1317.65
4110,7,SANTANDER,LUCAS,SAQUE,2022-03-12T04:48:50,6163.12
3320,4,SANTANDER,MARIA,SAQUE,2022-02-17T04:25:40,2124.35
2220,2,SANTANDER,JULIA,SAQUE,2022-12-20T10:48:59,6564.76
2220,2,SANTANDER,JULIA,DEPOSITO,2022-07-27T03:19:22,4527.96
1810,3,SANTANDER,CARLOS,DEPOSITO,2022-09-14T13:39:54,7063.49
4110,7,SANTANDER,LUCAS,DEPOSITO,2022-03-12T01:57:19,2506.28
1260,8,SANTANDER,BEATRIZ,SAQUE,2022-08-14T01:22:34,7918.44
2750,5,SANTANDER,ANA,DEPOSITO,2022-12-10T19:57:44,7869.11
2220,2,SANTANDER,JULIA,SAQUE,2022-10-03T13:19:12,9185.11
2220,2,SANTANDER,JULIA,SAQUE,2022-11-28T22:53:51,497.77
1810,3,SANTANDER,CARLOS,SAQUE,2022-12-16T13:56:59,2994.94
2750,5,SANTANDER,ANA,SAQUE,2022-02-17T22:16:17,6236.58
1520,1,SANTANDER,JOAO,DEPOSITO,2022-06-10T13:24:02,1954.59
2220,2,SANTANDER,JULIA,SAQUE,2022-06-18T12:43:40,5766.42
4110,7,SANTANDER,LUCAS,DEPOSITO,2022-08-14T18:01:40,5977.81
1044,2,SANTANDER,FELIPE,SAQUE,2022-10-22T05:01:28,7781.95
2870,9,SANTANDER,PAULO,SAQUE,2022-03-10T04:57:33,5075.34
2870,9,SANTANDER,PAULO,DEPOSITO,2022-05-18T10:29:29,6561.93
1260,8,SANTANDER,BEATRIZ,SAQUE,2022-06-04T16:23:12,8211.91
1810,3,SANTANDER,CARLOS,SAQUE,2022-10-06T17:54:00,3528.86
2750,5,SANTANDER,ANA,DEPOSITO,2022-11-24T00:19:44,4962.79
3090,6,SANTANDER,PEDRO,SAQUE,2022-03-05T01:18:07,2040.4
3320,4,SANTANDER,MARIA,SAQUE,2022-12-21T16:51:39,1804.75
3320,4,SANTANDER,MARIA,SAQUE,2022-10-23T23:46:26,2158.32
1260,8,SANTANDER,BEATRIZ,DEPOSITO,2022-10-20T16:47:31,2236.44
1044,2,SANTANDER,FELIPE,SAQUE,2022-11-22T21:00:16,5466.28
1520,1,SANTANDER,JOAO,DEPOSITO,2022-06-18T04:50:48,2620.76
1810,3,SANTANDER,CARLOS,SAQUE,2022-11-05T05:08:52,3559.22
4110,7,SANTANDER,LUCAS,DEPOSITO,2022-08-17T23:46:14,9665.68
3090,6,SANTANDER,PEDRO,DEPOSITO,2022-09-07T06:28:40,8373.4
2870,9,SANTANDER,PAULO,SAQUE,2022-03-07T23:01:44,338.19
4110,7,SANTANDER,LUCAS,SAQUE,2022-10-11T15:08:01,1630.27
1260,8,SANTANDER,BEATRIZ,DEPOSITO,2022-05-17T07:48:14,2674.98
1520,1,SANTANDER,JOAO,SAQUE,2022-10-21T20:16:43,5061.57
1520,1,SANTANDER,JOAO,SAQUE,2022-01-27T12:05:20,9256.42
1260,8,SANTANDER,BEATRIZ,DEPOSITO,2022-08-12T07:35:18,2240.03
1520,1,SANTANDER,JOAO,DEPOSITO,2022-05-19T12:12:32,984.35
1044,2,SANTANDER,FELIPE,SAQUE,2022-06-10T18:42:15,4950.68
3320,4,SANTANDER,MARIA,SAQUE,2022-01-16T16:56:32,7578.31
3090,6,SANTANDER,PEDRO,SAQUE,2022-02-04T00:50:39,1965.73
2750,5,SANTANDER,ANA,DEPOSITO,2022-01-19T14:53:14,6884.06
3320,4,SANTANDER,MARIA,SAQUE,2022-06-08T01:23:42,4230.5
3320,4,SANTANDER,MARIA,DEPOSITO,2022-05-24T00:53:06,4960.38
3320,4,SANTANDER,MARIA,SAQUE,2022-12-02T19:58:36,3129.39
3320,4,SANTANDER,MARIA,SAQUE,2022-07-11T08:23:51,9001.97
2870,9,SANTANDER,PAULO,SAQUE,2022-03-29T03:58:03,7790.5
2750,5,SANTANDER,ANA,DEPOSITO,2022-11-30T13:53:11,2661.24
4110,7,SANTANDER,LUCAS,SAQUE,2022-10-18T00:49:57,6193.23
1520,1,SANTANDER,JOAO,SAQUE,2022-11-13T06:53:44,4805.05
1260,8,SANTANDER,BEATRIZ,DEPOSITO,2022-05-22T12:32:25,5543.37
1044,2,SANTANDER,FELIPE,SAQUE,2022-10-01T21:41:55,6907.81
1810,3,SANTANDER,CARLOS,DEPOSITO,2022-03-14T17:07:57,1621.82
4110,7,SANTANDER,LUCAS,DEPOSITO,2022-09-01T12:57:53,5140.24
3090,6,SANTANDER,PEDRO,DEPOSITO,2022-04-28T00:21:20,2217.97
2870,9,SANTANDER,PAULO,DEPOSITO,2022-10-27T03:35:03,485.69
1810,3,SANTANDER,CARLOS,SAQUE,2022-05-22T22:30:11,2686.06
2220,2,SANTANDER,JULIA,DEPOSITO,2022-04-05T07:36:14,3927.23
4110,7,SANTANDER,LUCAS,DEPOSITO,2022-06-03T15:07:41,9290.82
1044,2,SANTANDER,FELIPE,SAQUE,2022-05-28T10:32:11,2187.45
1810,3,SANTANDER,CARLOS,DEPOSITO,2022-11-14T23:28:02,3218.84
2870,9,SANTANDER,PAULO,SAQUE,2022-01-30T04:15:16,839.02
4110,7,SANTANDER,LUCAS,DEPOSITO,2022-08-09T11:41:54,3402.99
1810,3,SANTANDER,CARLOS,SAQUE,2022-12-21T23:23:24,2394.64
2870,9,SANTANDER,PAULO,DEPOSITO,2022-04-17T14:25:36,9001.61
1260,8,SANTANDER,BEATRIZ,DEPOSITO,2022-10-07T19:13:48,6844.8
2750,5,SANTANDER,ANA,DEPOSITO,2022-04-07T00:27:13,7164.88
3320,4,SANTANDER,MARIA,SAQUE,2022-07-20T19:34:55,1651.48
1520,1,SANTANDER,JOAO,SAQUE,2022-05-19T09:02:40,4216.95
1044,2,SANTANDER,FELIPE,SAQUE,2022-06-27T17:10:10,5524.66
2870,9,SANTANDER,PAULO,DEPOSITO,2022-09-14T05:16:52,4446.17
3090,6,SANTANDER,PEDRO,DEPOSITO,2022-10-19T16:34:02,6133.34
4110,7,SANTANDER,LUCAS,SAQUE,2022-07-08T03:28:37,6033.39
1520,1,SANTANDER,JOAO,SAQUE,2022-02-09T00:22:44,4889.37
1044,2,SANTANDER,FELIPE,SAQUE,2022-10-17T21:42:44,3162.12
1044,2,SANTANDER,FELIPE,SAQUE,2022-11-07T01:25:00,3869.31
1044,2,SANTANDER,FELIPE,SAQUE,2022-04-16T18:16:18,3198.04
3320,4,SANTANDER,MARIA,DEPOSITO,2022-02-03T21:45:27,1599.84
4110,7,SANTANDER,LUCAS,SAQUE,2022-03-10T01:42:56,9292.33
1044,2,SANTANDER,FELIPE,SAQUE,2022-05-17T10:55:39,6927.9
1260,8,SANTANDER,BEATRIZ,SAQUE,2022-06-08T11:02:38,1428.06
1810,3,SANTANDER,CARLOS,SAQUE,2022-07-12T21:17:40,8018.59
2750,5,SANTANDER,ANA,DEPOSITO,2022-08-16T08:40:44,163.62
4110,7,SANTANDER,LUCAS,SAQUE,2022-08-30T13:19:46,9923.11
3090,6,SANTANDER,PEDRO,SAQUE,2022-09-09T22:02:23,210.64
1260,8,SANTANDER,BEATRIZ,SAQUE,2022-04-14T14:28:41,6123.24
3320,4,SANTANDER,MARIA,SAQUE,2022-02-18T23:12:41,2820.61
1044,2,SANTANDER,FELIPE,SAQUE,2022-03-12T07:48:29,1878.91
2750,5,SANTANDER,ANA,DEPOSITO,2022-02-15T09:13:14,9317.14
4110,7,SANTANDER,LUCAS,DEPOSITO,2022-01-09T07:02:35,149.95
2220,2,SANTANDER,JULIA,DEPOSITO,2022-09-14T18:18:07,6474.73
1044,2,SANTANDER,FELIPE,DEPOSITO,2022-03-26T15:40:27,7492.97
1260,8,SANTANDER,BEATRIZ,SAQUE,2022-07-30T12:44:18,4236.31
1044,2,SANTANDER,FELIPE,SAQUE,2022-02-28T07:40:17,8603.31
1810,3,SANTANDER,CARLOS,SAQUE,2022-01-25T15:52:10,9178.83
2870,9,SANTANDER,PAULO,SAQUE,2022-08-13T13:26:34,5917.09
1044,2,SANTANDER,FELIPE,SAQUE,2022-12-29T05:38:22,3500.54
1044,2,SANTANDER,FELIPE,DEPOSITO,2022-02-10T03:54:59,1678.32
1810,3,SANTANDER,CARLOS,SAQUE,2022-05-16T11:12:48,2646.89
1044,2,SANTANDER,FELIPE,DEPOSITO,2022-03-24T15:36:56,4196.48
3090,6,SANTANDER,PEDRO,SAQUE,2022-06-17T20:22:12,6244.1
2220,2,SANTANDER,JULIA,SAQUE,2022-09-06T06:55:43,1433.75
3320,4,SANTANDER,MARIA,DEPOSITO,2022-02-17T13:19:57,2041.03
3320,4,SANTANDER,MARIA,SAQUE,2022-12-05T23:17:22,4156.78
1260,8,SANTANDER,BEATRIZ,SAQUE,2022-05-06T10:15:11,1519.54
2220,2,SANTANDER,JULIA,DEPOSITO,2022-01-15T00:29:14,470.38
2220,2,SANTANDER,JULIA,SAQUE,2022-02-05T02:24:35,311.07
1520,1,SANTANDER,JOAO,DEPOSITO,2022-09-07T15:41:17,9386.03
1260,8,SANTANDER,BEATRIZ,DEPOSITO,2022-06-03T12:26:04,8294.61
3090,6,SANTANDER,PEDRO,SAQUE,2022-08-30T15:17:29,2475.1
2870,9,SANTANDER,PAULO,SAQUE,2022-08-11T06:31:33,4463.09
2870,9,SANTANDER,PAULO,DEPOSITO,2022-06-21T04:42:22,4910.76
2220,2,SANTANDER,JULIA,SAQUE,2022-04-20T15:04:23,592.19
3090,6,SANTANDER,PEDRO,DEPOSITO,2022-07-22T14:55:42,6515.92
2220,2,SANTANDER,JULIA,DEPOSITO,2022-12-25T02:30:35,5474.91
2870,9,SANTANDER,PAULO,SAQUE,2022-07-28T04:56:27,7173.09
3090,6,SANTANDER,PEDRO,SAQUE,2022-05-12T17:50:07,6576.21
3090,6,SANTANDER,PEDRO,SAQUE,2022-11-17T14:22:33,7231.69
1810,3,SANTANDER,CARLOS,DEPOSITO,2022-07-09T00:58:22,2080.29
2870,9,SANTANDER,PAULO,DEPOSITO,2022-05-12T23:53:43,5738.06
3090,6,SANTANDER,PEDRO,SAQUE,2022-01-29T00:05:21,9354.37
2220,2,SANTANDER,JULIA,DEPOSITO,2022-04-06T13:02:14,8361.77
1520,1,SANTANDER,JOAO,DEPOSITO,2022-08-10T09:41:33,4277.29
2870,9,SANTANDER,PAULO,DEPOSITO,2022-11-09T01:04:31,578.32
1260,8,SANTANDER,BEATRIZ,SAQUE,2022-11-29T21:14:50,5219.43
2870,9,SANTANDER,PAULO,DEPOSITO,2022-06-20T03:15:59,9097.08
1810,3,SANTANDER,CARLOS,DEPOSITO,2022-09-08T00:39:04,6291.34
1810,3,SANTANDER,CARLOS,SAQUE,2022-02-27T04:53:41,9442.54
4110,7,SANTANDER,LUCAS,SAQUE,2022-10-10T17:35:08,6836.6
4110,7,SANTANDER,LUCAS,SAQUE,2022-07-22T04:41:29,3302.7
3090,6,SANTANDER,PEDRO,DEPOSITO,2022-02-27T09:02:44,9563.84
1810,3,SANTANDER,CARLOS,DEPOSITO,2022-07-13T23:38:05,6118.3
1260,8,SANTANDER,BEATRIZ,DEPOSITO,2022-08-31T04:04:52,2953.35
1260,8,SANTANDER,BEATRIZ,SAQUE,2022-04-25T15:49:51,6675.26
1260,8,SANTANDER,BEATRIZ,SAQUE,2022-11-02T17:51:06,9621.44
2220,2,SANTANDER,JULIA,SAQUE,2022-09-24T01:07:45,9532.48
1044,2,SANTANDER,FELIPE,SAQUE,2022-07-25T14:51:35,3829.35
1520,1,SANTANDER,JOAO,DEPOSITO,2022-11-03T07:18:23,9915.99
1810,3,SANTANDER,CARLOS,SAQUE,2022-06-12T02:15:34,4570.09
2750,5,SANTANDER,ANA,DEPOSITO,2022-03-07T12:32:29,6551.13
2750,5,SANTANDER,ANA,DEPOSITO,2022-12-02T03:03:59,5317.66
2750,5,SANTANDER,ANA,SAQUE,2022-08-28T06:49:55,9796.84
1520,1,SANTANDER,JOAO,DEPOSITO,2022-10-21T21:05:46,7897.75
1810,3,SANTANDER,CARLOS,SAQUE,2022-10-12T22:26:47,528.67
4110,7,SANTANDER,LUCAS,DEPOSITO,2022-10-04T21:42:36,9724.28
3320,4,SANTANDER,MARIA,SAQUE,2022-03-08T12:39:47,3021.45
2750,5,SANTANDER,ANA,SAQUE,2022-06-04T06:31:49,7748.64
2870,9,SANTANDER,PAULO,SAQUE,2022-04-22T22:25:57,7939.81
2750,5,SANTANDER,ANA,SAQUE,2022-02-07T17:30:28,8514.03
1520,1,SANTANDER,JOAO,DEPOSITO,2022-11-04T18:52:25,2305.87
3090,6,SANTANDER,PEDRO,SAQUE,2022-02-04T14:06:11,8020.58
2220,2,SANTANDER,JULIA,SAQUE,2022-08-20T11:00:17,6532.26
1260,8,SANTANDER,BEATRIZ,SAQUE,2022-06-10T14:55:29,5229.01
1044,2,SANTANDER,FELIPE,SAQUE,2022-12-30T18:53:28,9111.34
1260,8,SANTANDER,BEATRIZ,SAQUE,2022-03-03T16:46:02,8656.44
3320,4,SANTANDER,MARIA,SAQUE,2022-08-10T03:05:40,5557.38
4110,7,SANTANDER,LUCAS,DEPOSITO,2022-01-29T22:05:13,9822.37
1044,2,SANTANDER,FELIPE,DEPOSITO,2022-05-19T10:56:11,7681.58
3090,6,SANTANDER,PEDRO,DEPOSITO,2022-08-20T16:13:37,3788.24
4110,7,SANTANDER,LUCAS,DEPOSITO,2022-10-26T09:44:57,8667.68
2220,2,SANTANDER,JULIA,SAQUE,2022-09-23T13:03:58,4376.87
3090,6,SANTANDER,PEDRO,SAQUE,2022-03-29T09:49:34,4176.51
1520,1,SANTANDER,JOAO,SAQUE,2022-06-04T08:19:25,495.41
4110,7,SANTANDER,LUCAS,SAQUE,2022-09-02T05:36:46,606.53
2870,9,SANTANDER,PAULO,SAQUE,2022-06-06T07:26:49,6433.73
2750,5,SANTANDER,ANA,SAQUE,2022-09-16T23:08:01,3978.7
2750,5,SANTANDER,ANA,SAQUE,2022-09-17T13:56:28,8426.01
2750,5,SANTANDER,ANA,DEPOSITO,2022-05-12T15:11:32,9497.42
1260,8,SANTANDER,BEATRIZ,SAQUE,2022-03-21T10:36:43,8244.3
3090,6,SANTANDER,PEDRO,DEPOSITO,2022-12-08T00:49:38,6191.41
2220,2,SANTANDER,JULIA,SAQUE,2022-04-12T06:51:40,9407.89
1260,8,SANTANDER,BEATRIZ,DEPOSITO,2022-08-23T19:40:03,5742.7
1810,3,SANTANDER,CARLOS,DEPOSITO,2022-04-07T09:46:40,3366.0
1044,2,SANTANDER,FELIPE,DEPOSITO,2022-07-09T18:16:00,8675.23
1260,8,SANTANDER,BEATRIZ,SAQUE,2022-08-22T19:35:21,7817.51
3320,4,SANTANDER,MARIA,SAQUE,2022-03-01T01:46:09,5213.81
3320,4,SANTANDER,MARIA,DEPOSITO,2022-04-18T03:56:53,8929.33
2870,9,SANTANDER,PAULO,DEPOSITO,2022-09-27T13:50:18,3912.83
1044,2,SANTANDER,FELIPE,DEPOSITO,2022-09-25T14:28:17,4539.46
2220,2,SANTANDER,JULIA,SAQUE,2022-05-29T19:22:49,9964.65
3090,6,SANTANDER,PEDRO,DEPOSITO,2022-10-26T23:39:23,5637.01
2750,5,SANTANDER,ANA,SAQUE,2022-08-01T12:42:42,4209.78
4110,7,SANTANDER,LUCAS,SAQUE,2022-04-23T01:10:11,3540.38
2750,5,SANTANDER,ANA,SAQUE,2022-10-08T10:26:27,8456.53
1520,1,SANTANDER,JOAO,SAQUE,2022-01-22T15:30:46,4275.17
2870,9,SANTANDER,PAULO,DEPOSITO,2022-09-25T07:39:09,9899.82
1260,8,SANTANDER,BEATRIZ,DEPOSITO,2022-04-01T15:58:42,4261.55
2870,9,SANTANDER,PAULO,DEPOSITO,2022-09-20T12:58:59,7773.72
1260,8,SANTANDER,BEATRIZ,DEPOSITO,2022-09-14T07:09:32,9574.27
1520,1,SANTANDER,JOAO,SAQUE,2022-05-13T04:08:23,3787.59
1260,8,SANTANDER,BEATRIZ,SAQUE,2022-06-13T10:26:23,3118.2
3320,4,SANTANDER,MARIA,DEPOSITO,2022-09-03T00:36:35,1719.63
2870,9,SANTANDER,PAULO,SAQUE,2022-08-31T10:04:13,8302.16
3320,4,SANTANDER,MARIA,DEPOSITO,2022-07-09T10:35:53,4019.3
2870,9,SANTANDER,PAULO,DEPOSITO,2022-01-07T21:14:28,5269.84
3320,4,SANTANDER,MARIA,SAQUE,2022-04-13T20:05:58,6190.97
2220,2,SANTANDER,JULIA,DEPOSITO,2022-03-13T22:15:40,1999.48
1260,8,SANTANDER,BEATRIZ,DEPOSITO,2022-03-25T20:23:12,6682.48
3090,6,SANTANDER,PEDRO,SAQUE,2022-01-21T08:08:36,6810.47
3320,4,SANTANDER,MARIA,SAQUE,2022-06-27T12:30:33,6712.25
1044,2,SANTANDER,FELIPE,DEPOSITO,2022-03-18T05:15:22,1694.89
3320,4,SANTANDER,MARIA,DEPOSITO,2022-02-15T14:50:34,3389.09
2220,2,SANTANDER,JULIA,SAQUE,2022-04-13T00:09:10,6059.93
1520,1,SANTANDER,JOAO,SAQUE,2022-09-27T16:47:39,6606.08
2870,9,SANTANDER,PAULO,DEPOSITO,2022-07-31T15:40:10,2218.85
2220,2,SANTANDER,JULIA,SAQUE,2022-09-14T13:49:40,4522.88
3090,6,SANTANDER,PEDRO,DEPOSITO,2022-06-22T12:27:58,7998.58
1520,1,SANTANDER,JOAO,DEPOSITO,2022-03-09T23:47:01,7889.63
2870,9,SANTANDER,PAULO,DEPOSITO,2022-03-06T11:59:24,2345.42
1520,1,SANTANDER,JOAO,DEPOSITO,2022-01-03T04:36:29,6882.81
1260,8,SANTANDER,BEATRIZ,DEPOSITO,2022-03-09T13:04:33,6323.53
1260,8,SANTANDER,BEATRIZ,DEPOSITO,2022-04-18T01:48:09,2946.07
2870,9,SANTANDER,PAULO,DEPOSITO,2022-05-28T14:30:34,2797.4
3090,6,SANTANDER,PEDRO,DEPOSITO,2022-11-03T20:36:26,3952.18
1260,8,SANTANDER,BEATRIZ,DEPOSITO,2022-08-24T00:53:08,5823.11
1260,8,SANTANDER,BEATRIZ,DEPOSITO,2022-03-05T22:59:26,9203.13
1044,2,SANTANDER,FELIPE,SAQUE,2022-05-28T08:20:14,1979.97
2870,9,SANTANDER,PAULO,DEPOSITO,2022-09-21T18:29:23,9410.34
2220,2,SANTANDER,JULIA,SAQUE,2022-11-06T12:36:45,9856.75
2870,9,SANTANDER,PAULO,SAQUE,2022-06-24T05:13:34,9980.84
1810,3,SANTANDER,CARLOS,SAQUE,2022-09-02T11:42:27,6256.56
2220,2,SANTANDER,JULIA,SAQUE,2022-02-20T09:46:38,5686.83
1520,1,SANTANDER,JOAO,DEPOSITO,2022-08-23T05:42:45,5654.38
1810,3,SANTANDER,CARLOS,SAQUE,2022-04-19T05:15:24,3523.59
2750,5,SANTANDER,ANA,SAQUE,2022-11-17T03:49:36,736.96
4110,7,SANTANDER,LUCAS,DEPOSITO,2022-05-15T19:07:06,4960.23
1810,3,SANTANDER,CARLOS,DEPOSITO,2022-10-12T21:15:42,7512.06
1044,2,SANTANDER,FELIPE,DEPOSITO,2022-05-01T23:01:07,6074.46
3320,4,SANTANDER,MARIA,SAQUE,2022-04-07T01:25:28,7914.27
2220,2,SANTANDER,JULIA,SAQUE,2022-12-04T03:48:32,4848.94
3090,6,SANTANDER,PEDRO,DEPOSITO,2022-03-22T22:30:29,7583.62
1044,2,SANTANDER,FELIPE,SAQUE,2022-04-13T09:20:41,5754.78
2870,9,SANTANDER,PAULO,SAQUE,2022-04-02T17:19:34,6064.76
1260,8,SANTANDER,BEATRIZ,DEPOSITO,2022-08-19T08:43:15,2306.77
1044,2,SANTANDER,FELIPE,SAQUE,2022-11-13T21:52:35,9124.41
2750,5,SANTANDER,ANA,DEPOSITO,2022-02-16T22:08:35,2314.23
3320,4,SANTANDER,MARIA,DEPOSITO,2022-03-09T16:31:13,1074.25
3090,6,SANTANDER,PEDRO,DEPOSITO,2022-02-21T00:17:53,2495.17
1810,3,SANTANDER,CARLOS,DEPOSITO,2022-08-04T08:44:51,5220.17
2220,2,SANTANDER,JULIA,DEPOSITO,2022-05-23T23:27:36,9699.38
1810,3,SANTANDER,CARLOS,DEPOSITO,2022-10-21T14:14:42,1799.28
3090,6,SANTANDER,PEDRO,DEPOSITO,2022-12-22T13:20:20,5675.66
1520,1,SANTANDER,JOAO,DEPOSITO,2022-07-22T21:03:24,2003.13
4110,7,SANTANDER,LUCAS,DEPOSITO,2022-04-07T02:53:02,623.64
1044,2,SANTANDER,FELIPE,SAQUE,2022-05-28T19:24:22,5549.35
1810,3,SANTANDER,CARLOS,SAQUE,2022-09-02T16:31:44,372.56
2220,2,SANTANDER,JULIA,SAQUE,2022-02-22T23:40:43,121.39
3320,4,SANTANDER,MARIA,SAQUE,2022-11-21T05:20:46,6689.22
1260,8,SANTANDER,BEATRIZ,DEPOSITO,2022-09-13T01:49:21,222.5
1044,2,SANTANDER,FELIPE,DEPOSITO,2022-11-18T19:52:30,3982.01
1520,1,SANTANDER,JOAO,DEPOSITO,2022-02-09T14:07:52,1865.06
4110,7,SANTANDER,LUCAS,DEPOSITO,2022-08-25T23:13:59,8740.08
3320,4,SANTANDER,MARIA,SAQUE,2022-12-12T19:28:41,9627.4
4110,7,SANTANDER,LUCAS,SAQUE,2022-02-08T17:52:10,4589.55
3320,4,SANTANDER,MARIA,DEPOSITO,2022-08-05T07:10:21,7233.78
1044,2,SANTANDER,FELIPE,DEPOSITO,2022-01-27T01:39:49,5044.57
1260,8,SANTANDER,BEATRIZ,SAQUE,2022-08-06T11:22:27,8036.28
2750,5,SANTANDER,ANA,SAQUE,2022-04-06T19:06:19,7409.66
2750,5,SANTANDER,ANA,SAQUE,2022-11-06T04:54:47,3334.65
1810,3,SANTANDER,CARLOS,SAQUE,2022-01-26T15:48:02,3810.96
2220,2,SANTANDER,JULIA,DEPOSITO,2022-04-14T00:41:52,4023.48
3090,6,SANTANDER,PEDRO,SAQUE,2022-01-08T21:43:24,1868.1
1810,3,SANTANDER,CARLOS,DEPOSITO,2022-11-05T09:20:19,5820.81
2220,2,SANTANDER,JULIA,DEPOSITO,2022-02-13T11:29:13,5336.2
1260,8,SANTANDER,BEATRIZ,DEPOSITO,2022-03-27T15:59:53,1928.46
2870,9,SANTANDER,PAULO,DEPOSITO,2022-10-27T03:36:00,1039.77
2750,5,SANTANDER,ANA,DEPOSITO,2022-09-16T02:43:21,6867.01
1044,2,SANTANDER,FELIPE,DEPOSITO,2022-03-02T01:52:46,4036.61
3090,6,SANTANDER,PEDRO,DEPOSITO,2022-12-26T14:48:41,5459.91
1520,1,SANTANDER,JOAO,DEPOSITO,2022-08-18T15:41:46,1785.84
3090,6,SANTANDER,PEDRO,SAQUE,2022-01-29T02:49:15,4959.08
2750,5,SANTANDER,ANA,SAQUE,2022-12-22T00:00:05,6562.58
2220,2,SANTANDER,JULIA,SAQUE,2022-07-25T19:53:34,8749.39
1520,1,SANTANDER,JOAO,DEPOSITO,2022-08-02T06:31:19,8662.9
1044,2,SANTANDER,FELIPE,SAQUE,2022-08-14T06:47:06,1157.01
2220,2,SANTANDER,JULIA,DEPOSITO,2022-07-27T08:22:12,3207.76
2220,2,SANTANDER,JULIA,DEPOSITO,2022-07-25T13:58:38,3233.77
1520,1,SANTANDER,JOAO,SAQUE,2022-12-18T21:11:11,4027.25
3090,6,SANTANDER,PEDRO,DEPOSITO,2022-06-15T17:55:55,3835.39
1520,1,SANTANDER,JOAO,SAQUE,2022-10-02T19:39:35,6903.63
3320,4,SANTANDER,MARIA,SAQUE,2022-03-30T18:46:01,2659.22
4110,7,SANTANDER,LUCAS,SAQUE,2022-01-26T04:24:17,3620.91
1810,3,SANTANDER,CARLOS,SAQUE,2022-02-19T06:56:03,7166.22
3090,6,SANTANDER,PEDRO,DEPOSITO,2022-11-29T22:48:17,1615.22
2220,2,SANTANDER,JULIA,SAQUE,2022-10-01T16:48:47,6525.08
1260,8,SANTANDER,BEATRIZ,SAQUE,2022-03-30T05:27:42,9276.16
3320,4,SANTANDER,MARIA,DEPOSITO,2022-08-09T04:36:32,9725.66
4110,7,SANTANDER,LUCAS,DEPOSITO,2022-10-09T07:09:58,1214.14
3320,4,SANTANDER,MARIA,DEPOSITO,2022-01-06T14:41:56,9762.81
2220,2,SANTANDER,JULIA,DEPOSITO,2022-10-18T15:17:11,2625.59
3320,4,SANTANDER,MARIA,SAQUE,2022-01-14T02:38:25,574.42
1260,8,SANTANDER,BEATRIZ,DEPOSITO,2022-09-01T22:00:15,2436.25
2750,5,SANTANDER,ANA,SAQUE,2022-07-08T06:14:33,6232.29
1810,3,SANTANDER,CARLOS,SAQUE,2022-09-29T17:45:38,2944.58
1810,3,SANTANDER,CARLOS,DEPOSITO,2022-10-14T11:20:17,3970.08
4110,7,SANTANDER,LUCAS,DEPOSITO,2022-11-09T09:10:26,5671.78
2870,9,SANTANDER,PAULO,DEPOSITO,2022-09-02T16:34:35,2709.48
1810,3,SANTANDER,CARLOS,DEPOSITO,2022-02-06T00:03:58,5064.2
2220,2,SANTANDER,JULIA,SAQUE,2022-01-28T12:08:10,3207.08
1260,8,SANTANDER,BEATRIZ,SAQUE,2022-10-30T18:50:53,2317.74
3320,4,SANTANDER,MARIA,SAQUE,2022-11-23T11:04:23,1472.61
2750,5,SANTANDER,ANA,DEPOSITO,2022-10-19T09:08:52,1060.16
3090,6,SANTANDER,PEDRO,DEPOSITO,2022-06-11T13:32:46,9093.44
1810,3,SANTANDER,CARLOS,DEPOSITO,2022-01-16T11:39:35,2045.32
2750,5,SANTANDER,ANA,DEPOSITO,2022-05-12T10:47:39,2940.27
2750,5,SANTANDER,ANA,SAQUE,2022-12-18T13:37:39,8231.98
2220,2,SANTANDER,JULIA,DEPOSITO,2022-11-19T09:45:33,1533.24
1520,1,SANTANDER,JOAO,DEPOSITO,2022-06-05T06:57:39,9591.32
4110,7,SANTANDER,LUCAS,SAQUE,2022-10-09T04:45:02,4294.65
2220,2,SANTANDER,JULIA,SAQUE,2022-10-15T14:17:45,8801.05
1260,8,SANTANDER,BEATRIZ,DEPOSITO,2022-12-28T14:37:12,7561.66
1044,2,SANTANDER,FELIPE,DEPOSITO,2022-01-21T19:28:53,7887.23
1044,2,SANTANDER,FELIPE,SAQUE,2022-03-20T07:35:00,5527.07
3320,4,SANTANDER,MARIA,SAQUE,2022-04-01T15:35:56,5888.19
1810,3,SANTANDER,CARLOS,DEPOSITO,2022-10-04T22:23:44,4623.44
1520,1,SANTANDER,JOAO,SAQUE,2022-08-25T14:24:15,8778.52
2220,2,SANTANDER,JULIA,SAQUE,2022-03-11T21:36:55,8481.26
1044,2,SANTANDER,FELIPE,SAQUE,2022-01-06T01:24:18,653.28
3090,6,SANTANDER,PEDRO,SAQUE,2022-10-13T23:51:18,7847.42
2870,9,SANTANDER,PAULO,DEPOSITO,2022-01-28T14:13:37,3041.05
3090,6,SANTANDER,PEDRO,DEPOSITO,2022-05-03T17:46:29,424.44
2870,9,SANTANDER,PAULO,DEPOSITO,2022-04-05T08:43:48,1496.76
2750,5,SANTANDER,ANA,DEPOSITO,2022-04-27T19:51:06,5654.76
2870,9,SANTANDER,PAULO,DEPOSITO,2022-03-17T10:25:07,9509.86
1520,1,SANTANDER,JOAO,SAQUE,2022-08-02T22:45:02,9572.8
1260,8,SANTANDER,BEATRIZ,SAQUE,2022-03-13T04:34:54,7802.8
2750,5,SANTANDER,ANA,SAQUE,2022-09-04T11:10:55,341.78
1810,3,SANTANDER,CARLOS,DEPOSITO,2022-11-18T09:47:25,5053.48
4110,7,SANTANDER,LUCAS,SAQUE,2022-05-30T02:38:30,695.83
2220,2,SANTANDER,JULIA,SAQUE,2022-12-30T07:51:49,1774.19
1810,3,SANTANDER,CARLOS,DEPOSITO,2022-12-23T02:22:56,8332.58
1044,2,SANTANDER,FELIPE,SAQUE,2022-03-17T17:31:32,1184.34
3090,6,SANTANDER,PEDRO,DEPOSITO,2022-05-06T21:46:59,429.41
1260,8,SANTANDER,BEATRIZ,DEPOSITO,2022-01-23T23:27:57,1664.41
4110,7,SANTANDER,LUCAS,DEPOSITO,2022-12-16T16:35:37,1199.99
4110,7,SANTANDER,LUCAS,DEPOSITO,2022-12-23T12:43:01,5146.81
2750,5,SANTANDER,ANA,DEPOSITO,2022-12-15T12:36:15,6358.34
1260,8,SANTANDER,BEATRIZ,SAQUE,2022-07-13T03:10:24,1511.94
1044,2,SANTANDER,FELIPE,DEPOSITO,2022-08-17T02:26:53,3303.33
1520,1,SANTANDER,JOAO,DEPOSITO,2022-09-06T10:09:09,5515.57
1044,2,SANTANDER,FELIPE,DEPOSITO,2022-09-30T17:17:37,9193.91
3090,6,SANTANDER,PEDRO,DEPOSITO,2022-12-28T14:52:31,3027.58
2870,9,SANTANDER,PAULO,DEPOSITO,2022-02-28T03:33:53,6282.34
2870,9,SANTANDER,PAULO,DEPOSITO,2022-11-12T21:26:39,1268.42
1260,8,SANTANDER,BEATRIZ,DEPOSITO,2022-02-20T05:10:06,1238.46
2220,2,SANTANDER,JULIA,DEPOSITO,2022-07-02T19:03:37,7419.14
3090,6,SANTANDER,PEDRO,SAQUE,2022-02-21T14:26:35,5611.82
1044,2,SANTANDER,FELIPE,SAQUE,2022-06-14T00:08:56,9229.38
2870,9,SANTANDER,PAULO,SAQUE,2022-01-25T15:55:20,436.14
1260,8,SANTANDER,BEATRIZ,SAQUE,2022-09-29T23:16:21,3073.41
2750,5,SANTANDER,ANA,SAQUE,2022-01-13T22:19:25,6801.0
2870,9,SANTANDER,PAULO,SAQUE,2022-03-12T07:09:27,7670.61
2220,2,SANTANDER,JULIA,DEPOSITO,2022-12-01T12:02:42,6860.64
1810,3,SANTANDER,CARLOS,SAQUE,2022-09-09T22:02:07,5134.44
2220,2,SANTANDER,JULIA,DEPOSITO,2022-04-13T23:33:29,3787.9
3090,6,SANTANDER,PEDRO,DEPOSITO,2022-11-16T10:25:26,2133.16
4110,7,SANTANDER,LUCAS,SAQUE,2022-12-05T01:51:17,6776.66
3090,6,SANTANDER,PEDRO,DEPOSITO,2022-02-24T14:48:07,8977.9
2220,2,SANTANDER,JULIA,SAQUE,2022-01-30T05:51:34,388.73
1044,2,SANTANDER,FELIPE,SAQUE,2022-12-22T01:33:10,2957.97
1044,2,SANTANDER,FELIPE,DEPOSITO,2022-11-25T13:11:49,4113.02
2750,5,SANTANDER,ANA,DEPOSITO,2022-03-16T13:55:25,1432.09
1260,8,SANTANDER,BEATRIZ,SAQUE,2022-02-04T13:00:12,7922.28
2220,2,SANTANDER,JULIA,DEPOSITO,2022-02-21T23:33:38,3074.41
1810,3,SANTANDER,CARLOS,SAQUE,2022-01-22T22:12:20,5220.37
1044,2,SANTANDER,FELIPE,SAQUE,2022-07-03T01:43:36,5515.94
3320,4,SANTANDER,MARIA,DEPOSITO,2022-11-04T20:41:36,8240.62
3320,4,SANTANDER,MARIA,SAQUE,2022-04-13T11:45:18,3901.55
4110,7,SANTANDER,LUCAS,DEPOSITO,2022-01-22T06:22:02,5145.32
2220,2,SANTANDER,JULIA,DEPOSITO,2022-04-20T23:36:03,3548.19
2220,2,SANTANDER,JULIA,SAQUE,2022-02-01T15:06:51,1385.76
3320,4,SANTANDER,MARIA,DEPOSITO,2022-03-25T04:46:17,420.37
1810,3,SANTANDER,CARLOS,DEPOSITO,2022-11-18T08:33:19,3561.48
4110,7,SANTANDER,LUCAS,DEPOSITO,2022-05-05T11:35:15,4113.19
1260,8,SANTANDER,BEATRIZ,SAQUE,2022-03-08T02:23:18,3930.87
3320,4,SANTANDER,MARIA,SAQUE,2022-04-09T09:57:56,4394.41
1260,8,SANTANDER,BEATRIZ,DEPOSITO,2022-04-04T06:42:13,5829.18
1260,8,SANTANDER,BEATRIZ,SAQUE,2022-11-29T00:20:39,9228.97
2220,2,SANTANDER,JULIA,SAQUE,2022-10-25T09:49:25,1356.81
1810,3,SANTANDER,CARLOS,DEPOSITO,2022-03-30T19:50:45,7928.11
3320,4,SANTANDER,MARIA,SAQUE,2022-04-04T06:06:57,1889.05
3320,4,SANTANDER,MARIA,DEPOSITO,2022-06-17T19:39:47,8419.67
2220,2,SANTANDER,JULIA,SAQUE,2022-11-16T00:11:19,4294.05
2750,5,SANTANDER,ANA,DEPOSITO,2022-04-25T15:39:47,3319.98
1044,2,SANTANDER,FELIPE,SAQUE,2022-07-27T23:21:09,908.47
3320,4,SANTANDER,MARIA,DEPOSITO,2022-02-27T18:20:01,8717.16
1810,3,SANTANDER,CARLOS,DEPOSITO,2022-10-16T16:46:05,1091.15
3320,4,SANTANDER,MARIA,DEPOSITO,2022-01-28T18:20:53,2262.29
2750,5,SANTANDER,ANA,SAQUE,2022-12-20T14:15:18,2135.27
1044,2,SANTANDER,FELIPE,DEPOSITO,2022-03-19T04:04:50,9499.27
1810,3,SANTANDER,CARLOS,SAQUE,2022-01-09T16:58:17,5579.37
3090,6,SANTANDER,PEDRO,SAQUE,2022-09-10T09:58:28,7681.85
1044,2,SANTANDER,FELIPE,DEPOSITO,2022-01-10T06:17:21,5119.61
2220,2,SANTANDER,JULIA,DEPOSITO,2022-12-28T14:59:22,7901.64
1044,2,SANTANDER,FELIPE,SAQUE,2022-08-14T15:00:16,9349.43
1520,1,SANTANDER,JOAO,DEPOSITO,2022-01-26T20:05:48,6471.07
2220,2,SANTANDER,JULIA,SAQUE,2022-07-23T03:10:04,8363.96
1520,1,SANTANDER,JOAO,DEPOSITO,2022-07-16T03:11:23,3270.12
1260,8,SANTANDER,BEATRIZ,DEPOSITO,2022-01-15T07:50:39,7470.14
2750,5,SANTANDER,ANA,DEPOSITO,2022-11-15T13:47:06,8747.16
3090,6,SANTANDER,PEDRO,DEPOSITO,2022-06-10T05:34:56,7199.58
3090,6,SANTANDER,PEDRO,SAQUE,2022-07-10T18:51:15,5748.69
3090,6,SANTANDER,PEDRO,SAQUE,2022-04-02T02:37:03,6085.84
2750,5,SANTANDER,ANA,SAQUE,2022-09-05T19:23:58,8804.74
4110,7,SANTANDER,LUCAS,SAQUE,2022-03-11T08:04:59,925.01
1810,3,SANTANDER,CARLOS,DEPOSITO,2022-02-13T00:20:17,6492.55
3090,6,SANTANDER,PEDRO,SAQUE,2022-11-27T12:27:29,4382.47
1520,1,SANTANDER,JOAO,SAQUE,2022-03-06T04:40:52,4460.73
2750,5,SANTANDER,ANA,SAQUE,2022-08-15T22:08:25,8111.86
3090,6,SANTANDER,PEDRO,SAQUE,2022-10-14T22:36:23,5538.84
3320,4,SANTANDER,MARIA,DEPOSITO,2022-01-22T22:51:26,4478.89
2750,5,SANTANDER,ANA,DEPOSITO,2022-11-05T03:21:19,5615.61
4110,7,SANTANDER,LUCAS,SAQUE,2022-07-28T14:38:17,8948.46
1520,1,SANTANDER,JOAO,DEPOSITO,2022-08-11T09:50:08,2478.33
1520,1,SANTANDER,JOAO,SAQUE,2022-02-04T08:58:00,4001.42
2870,9,SANTANDER,PAULO,DEPOSITO,2022-09-11T16:50:23,8224.97
2870,9,SANTANDER,PAULO,DEPOSITO,2022-12-14T04:56:22,4094.62
1044,2,SANTANDER,FELIPE,SAQUE,2022-01-17T20:32:24,3166.98
2220,2,SANTANDER,JULIA,SAQUE,2022-11-13T03:18:50,7796.76
1520,1,SANTANDER,JOAO,DEPOSITO,2022-08-23T05:42:45,5654.38
1810,3,SANTANDER,CARLOS,DEPOSITO,2022-06-03T14:20:29,5568.82
2220,2,SANTANDER,JULIA,SAQUE,2022-04-02T21:28:38,7504.49
1810,3,SANTANDER,CARLOS,SAQUE,2022-08-25T22:53:09,3752.76
3320,4,SANTANDER,MARIA,SAQUE,2022-02-12T13:21:49,353.42
4110,7,SANTANDER,LUCAS,DEPOSITO,2022-07-06T00:36:52,162.74
1260,8,SANTANDER,BEATRIZ,SAQUE,2022-01-03T15:44:38,5661.29
2870,9,SANTANDER,PAULO,SAQUE,2022-11-01T23:01:08,8355.66
3090,6,SANTANDER,PEDRO,DEPOSITO,2022-10-15T05:08:16,9246.19
3320,4,SANTANDER,MARIA,DEPOSITO,2022-02-12T22:36:11,8082.68
3090,6,SANTANDER,PEDRO,DEPOSITO,2022-11-08T10:36:56,871.15
2870,9,SANTANDER,PAULO,DEPOSITO,2022-05-19T04:25:55,1312.66
2220,2,SANTANDER,JULIA,DEPOSITO,2022-12-14T17:58:03,4825.78
1260,8,SANTANDER,BEATRIZ,DEPOSITO,2022-04-02T23:53:29,5755.59
3320,4,SANTANDER,MARIA,SAQUE,2022-10-28T08:02:12,6218.41
4110,7,SANTANDER,LUCAS,SAQUE,2022-08-18T09:33:25,1072.37
1260,8,SANTANDER,BEATRIZ,SAQUE,2022-03-18T10:32:10,7171.71
2750,5,SANTANDER,ANA,DEPOSITO,2022-04-15T20:14:46,5790.49
2750,5,SANTANDER,ANA,DEPOSITO,2022-05-29T00:38:58,534.16
1044,2,SANTANDER,FELIPE,SAQUE,2022-08-25T04:48:49,2164.27
1260,8,SANTANDER,BEATRIZ,DEPOSITO,2022-02-01T09:21:26,2046.04
1810,3,SANTANDER,CARLOS,SAQUE,2022-04-17T09:50:19,2235.17
2870,9,SANTANDER,PAULO,DEPOSITO,2022-06-23T16:27:19,6400.32
2220,2,SANTANDER,JULIA,SAQUE,2022-10-04T14:22:12,5033.37
3090,6,SANTANDER,PEDRO,DEPOSITO,2022-01-08T20:15:22,1660.13
1260,8,SANTANDER,BEATRIZ,DEPOSITO,2022-07-24T06:46:06,5900.63
1260,8,SANTANDER,BEATRIZ,DEPOSITO,2022-10-26T10:01:08,9009.87
1810,3,SANTANDER,CARLOS,DEPOSITO,2022-11-02T20:29:17,4641.75
2220,2,SANTANDER,JULIA,DEPOSITO,2022-09-07T05:06:21,4289.21
2750,5,SANTANDER,ANA,DEPOSITO,2022-11-15T18:19:36,4046.56
3090,6,SANTANDER,PEDRO,SAQUE,2022-08-22T12:49:26,5358.55
1520,1,SANTANDER,JOAO,SAQUE,2022-04-19T02:45:03,7619.71
3090,6,SANTANDER,PEDRO,SAQUE,2022-07-07T12:00:43,6830.3
1260,8,SANTANDER,BEATRIZ,SAQUE,2022-12-12T13:25:12,7588.01
1044,2,SANTANDER,FELIPE,DEPOSITO,2022-03-25T05:15:41,5599.32
1520,1,SANTANDER,JOAO,SAQUE,2022-08-18T18:17:22,2982.32
2220,2,SANTANDER,JULIA,SAQUE,2022-10-30T12:52:56,6293.28
1044,2,SANTANDER,FELIPE,DEPOSITO,2022-02-12T23:36:37,4136.39
2750,5,SANTANDER,ANA,SAQUE,2022-09-26T14:55:24,294.63
1810,3,SANTANDER,CARLOS,SAQUE,2022-05-31T05:03:01,2825.02
1260,8,SANTANDER,BEATRIZ,DEPOSITO,2022-10-08T05:19:13,5221.68
4110,7,SANTANDER,LUCAS,DEPOSITO,2022-07-30T01:21:25,4096.24
2750,5,SANTANDER,ANA,DEPOSITO,2022-08-17T06:43:27,7652.7
1520,1,SANTANDER,JOAO,SAQUE,2022-04-27T10:52:44,1551.29
2750,5,SANTANDER,ANA,DEPOSITO,2022-12-03T03:04:31,3228.21
2220,2,SANTANDER,JULIA,DEPOSITO,2022-03-08T05:09:56,9508.1
1260,8,SANTANDER,BEATRIZ,SAQUE,2022-10-28T11:47:15,3880.96
1810,3,SANTANDER,CARLOS,DEPOSITO,2022-12-14T15:00:14,9105.47
1520,1,SANTANDER,JOAO,DEPOSITO,2022-08-06T14:57:07,5125.05
1810,3,SANTANDER,CARLOS,DEPOSITO,2022-12-27T18:07:49,2203.86
4110,7,SANTANDER,LUCAS,DEPOSITO,2022-09-16T02:38:24,3634.5
3320,4,SANTANDER,MARIA,DEPOSITO,2022-07-26T02:55:20,9996.66
1260,8,SANTANDER,BEATRIZ,SAQUE,2022-05-13T07:16:38,5868.74
2750,5,SANTANDER,ANA,SAQUE,2022-05-27T20:56:07,4933.75
1260,8,SANTANDER,BEATRIZ,DEPOSITO,2022-06-11T02:10:42,8429.73
1260,8,SANTANDER,BEATRIZ,DEPOSITO,2022-04-22T19:34:29,4180.06
4110,7,SANTANDER,LUCAS,SAQUE,2022-06-15T17:27:37,2418.81
1520,1,SANTANDER,JOAO,SAQUE,2022-07-28T17:58:21,470.2
1044,2,SANTANDER,FELIPE,SAQUE,2022-04-02T10:46:13,1956.24
3090,6,SANTANDER,PEDRO,DEPOSITO,2022-07-07T06:07:43,360.6
2870,9,SANTANDER,PAULO,DEPOSITO,2022-10-26T01:56:56,7907.41
3320,4,SANTANDER,MARIA,DEPOSITO,2022-11-14T07:43:06,8545.92
3090,6,SANTANDER,PEDRO,SAQUE,2022-06-02T15:29:23,4340.29
3320,4,SANTANDER,MARIA,SAQUE,2022-02-26T04:26:31,215.54
3320,4,SANTANDER,MARIA,DEPOSITO,2022-04-06T01:17:38,9284.63
2220,2,SANTANDER,JULIA,SAQUE,2022-03-22T10:54:15,4050.75
2870,9,SANTANDER,PAULO,SAQUE,2022-12-08T14:47:30,5072.21
3090,6,SANTANDER,PEDRO,SAQUE,2022-08-14T17:14:14,7476.03
1044,2,SANTANDER,FELIPE,SAQUE,2022-04-07T03:15:22,6014.88
1260,8,SANTANDER,BEATRIZ,SAQUE,2022-12-25T15:35:38,2740.9
1520,1,SANTANDER,JOAO,SAQUE,2022-04-12T15:29:55,7122.5
2750,5,SANTANDER,ANA,DEPOSITO,2022-10-22T21:49:47,361.42
1044,2,SANTANDER,FELIPE,SAQUE,2022-02-25T13:33:57,2887.88
1044,2,SANTANDER,FELIPE,SAQUE,2022-05-27T06:06:41,2350.95
1044,2,SANTANDER,FELIPE,DEPOSITO,2022-07-15T00:55:36,8069.57
3090,6,SANTANDER,PEDRO,DEPOSITO,2022-12-19T19:54:45,6698.82
3320,4,SANTANDER,MARIA,DEPOSITO,2022-06-13T09:21:59,7851.38
1520,1,SANTANDER,JOAO,SAQUE,2022-05-12T19:19:48,297.72
1260,8,SANTANDER,BEATRIZ,SAQUE,2022-01-12T09:20:02,9925.8
2220,2,SANTANDER,JULIA,SAQUE,2022-05-11T04:18:38,4191.99
2220,2,SANTANDER,JULIA,SAQUE,2022-06-09T02:45:46,6275.59
1260,8,SANTANDER,BEATRIZ,SAQUE,2022-01-02T19:45:26,303.25
1044,2,SANTANDER,FELIPE,SAQUE,2022-02-05T15:51:20,1400.48
1044,2,SANTANDER,FELIPE,DEPOSITO,2022-10-06T07:37:10,6862.48
2870,9,SANTANDER,PAULO,SAQUE,2022-08-07T23:25:13,5183.93
4110,7,SANTANDER,LUCAS,SAQUE,2022-02-08T09:12:51,2846.3
1520,1,SANTANDER,JOAO,SAQUE,2022-05-16T10:58:39,6269.63
3090,6,SANTANDER,PEDRO,SAQUE,2022-02-01T10:16:52,6950.13
1520,1,SANTANDER,JOAO,SAQUE,2022-07-11T23:55:33,8186.5
1810,3,SANTANDER,CARLOS,DEPOSITO,2022-08-22T22:33:14,5119.92
3090,6,SANTANDER,PEDRO,SAQUE,2022-04-24T16:11:11,5718.15
1810,3,SANTANDER,CARLOS,SAQUE,2022-01-24T13:46:02,8719.93
2870,9,SANTANDER,PAULO,DEPOSITO,2022-10-31T10:01:39,2415.32
2220,2,SANTANDER,JULIA,DEPOSITO,2022-03-03T13:10:38,3309.49
4110,7,SANTANDER,LUCAS,SAQUE,2022-08-05T17:02:34,566.11
1810,3,SANTANDER,CARLOS,DEPOSITO,2022-01-06T03:02:42,906.27
4110,7,SANTANDER,LUCAS,SAQUE,2022-11-04T23:20:32,8966.39
1810,3,SANTANDER,CARLOS,SAQUE,2022-02-11T03:05:10,1794.67
1260,8,SANTANDER,BEATRIZ,DEPOSITO,2022-04-10T16:07:00,2896.27
2870,9,SANTANDER,PAULO,DEPOSITO,2022-02-10T20:10:22,1170.82
4110,7,SANTANDER,LUCAS,DEPOSITO,2022-10-15T22:48:15,4475.96
2750,5,SANTANDER,ANA,DEPOSITO,2022-12-11T08:34:32,4502.89
4110,7,SANTANDER,LUCAS,DEPOSITO,2022-11-09T01:46:29,37.97
2220,2,SANTANDER,JULIA,SAQUE,2022-11-19T16:02:03,9907.06
1810,3,SANTANDER,CARLOS,DEPOSITO,2022-09-14T16:36:01,5365.35
3320,4,SANTANDER,MARIA,DEPOSITO,2022-03-03T12:33:26,2850.35
2220,2,SANTANDER,JULIA,SAQUE,2022-04-07T00:39:37,4789.99
1810,3,SANTANDER,CARLOS,DEPOSITO,2022-12-27T05:28:45,4440.53
2870,9,SANTANDER,PAULO,SAQUE,2022-11-28T18:31:08,8505.69
2220,2,SANTANDER,JULIA,SAQUE,2022-07-03T15:44:53,7813.56
2750,5,SANTANDER,ANA,SAQUE,2022-05-20T17:43:13,3946.89
1044,2,SANTANDER,FELIPE,DEPOSITO,2022-07-25T00:38:49,3892.4
1044,2,SANTANDER,FELIPE,DEPOSITO,2022-09-26T10:34:25,8269.68
3090,6,SANTANDER,PEDRO,SAQUE,2022-11-18T18:56:02,6659.52
1044,2,SANTANDER,FELIPE,SAQUE,2022-02-06T20:47:24,8189.37
2220,2,SANTANDER,JULIA,SAQUE,2022-08-07T00:53:02,2369.55
3320,4,SANTANDER,MARIA,SAQUE,2022-11-14T22:40:14,7429.54
2750,5,SANTANDER,ANA,DEPOSITO,2022-12-19T01:24:28,6526.51
3320,4,SANTANDER,MARIA,SAQUE,2022-11-18T18:21:51,6458.53
3090,6,SANTANDER,PEDRO,SAQUE,2022-10-11T06:48:28,1976.4
1520,1,SANTANDER,JOAO,DEPOSITO,2022-02-07T11:04:14,3108.52
1810,3,SANTANDER,CARLOS,DEPOSITO,2022-09-27T11:21:03,3782.69
1260,8,SANTANDER,BEATRIZ,DEPOSITO,2022-11-09T03:51:22,4183.55
3090,6,SANTANDER,PEDRO,DEPOSITO,2022-07-01T11:50:31,4557.02
2870,9,SANTANDER,PAULO,SAQUE,2022-07-31T15:01:18,6461.85
3090,6,SANTANDER,PEDRO,SAQUE,2022-01-02T11:56:58,5778.83
1044,2,SANTANDER,FELIPE,SAQUE,2022-02-08T11:52:04,7570.56
3320,4,SANTANDER,MARIA,DEPOSITO,2022-10-29T22:12:16,4592.01
2220,2,SANTANDER,JULIA,DEPOSITO,2022-08-23T11:30:52,4830.31
2870,9,SANTANDER,PAULO,SAQUE,2022-11-30T09:50:25,894.44
2750,5,SANTANDER,ANA,SAQUE,2022-04-26T08:02:52,781.81
1260,8,SANTANDER,BEATRIZ,DEPOSITO,2022-08-18T23:54:38,4971.66
2750,5,SANTANDER,ANA,SAQUE,2022-06-06T08:04:25,9927.74
1260,8,SANTANDER,BEATRIZ,DEPOSITO,2022-10-08T08:43:24,8244.32
2870,9,SANTANDER,PAULO,SAQUE,2022-08-04T12:54:48,7491.73
1520,1,SANTANDER,JOAO,SAQUE,2022-05-18T09:09:45,2535.78
2750,5,SANTANDER,ANA,DEPOSITO,2022-09-24T00:54:56,7896.23
2750,5,SANTANDER,ANA,SAQUE,2022-07-13T07:19:48,5862.19
2870,9,SANTANDER,PAULO,SAQUE,2022-09-12T10:55:32,4991.24
4110,7,SANTANDER,LUCAS,SAQUE,2022-01-19T08:23:21,9538.17
2870,9,SANTANDER,PAULO,SAQUE,2022-06-27T01:47:54,5841.94
1044,2,SANTANDER,FELIPE,DEPOSITO,2022-04-27T10:10:22,274.41
1044,2,SANTANDER,FELIPE,DEPOSITO,2022-06-17T11:27:12,2301.69
1520,1,SANTANDER,JOAO,SAQUE,2022-01-22T14:15:54,7507.17
3320,4,SANTANDER,MARIA,SAQUE,2022-10-11T23:37:10,1512.91
2870,9,SANTANDER,PAULO,DEPOSITO,2022-05-23T09:50:15,8729.41
2220,2,SANTANDER,JULIA,DEPOSITO,2022-11-21T21:19:15,7684.6
3320,4,SANTANDER,MARIA,SAQUE,2022-01-29T20:44:58,4443.13
3320,4,SANTANDER,MARIA,DEPOSITO,2022-11-05T23:05:01,378.93
3090,6,SANTANDER,PEDRO,DEPOSITO,2022-09-26T08:54:43,4736.79
3320,4,SANTANDER,MARIA,SAQUE,2022-07-07T01:42:01,956.25
1044,2,SANTANDER,FELIPE,DEPOSITO,2022-10-31T11:16:09,5005.87
1520,1,SANTANDER,JOAO,SAQUE,2022-05-06T10:03:22,2880.62
2750,5,SANTANDER,ANA,DEPOSITO,2022-09-09T09:02:06,2674.88
2750,5,SANTANDER,ANA,SAQUE,2022-11-14T16:08:24,3246.2
4110,7,SANTANDER,LUCAS,SAQUE,2022-10-08T19:48:55,3028.77
2750,5,SANTANDER,ANA,SAQUE,2022-04-16T03:26:47,7673.75
2750,5,SANTANDER,ANA,DEPOSITO,2022-10-18T10:19:39,7758.38
2870,9,SANTANDER,PAULO,DEPOSITO,2022-02-11T13:05:28,626.12
3090,6,SANTANDER,PEDRO,DEPOSITO,2022-03-16T02:55:49,4548.91
3090,6,SANTANDER,PEDRO,DEPOSITO,2022-09-24T20:12:52,5872.25
1520,1,SANTANDER,JOAO,SAQUE,2022-07-21T08:19:50,9791.37
2220,2,SANTANDER,JULIA,DEPOSITO,2022-02-04T14:30:14,6190.63
2750,5,SANTANDER,ANA,SAQUE,2022-03-01T03:58:08,2114.24
2750,5,SANTANDER,ANA,SAQUE,2022-07-05T14:44:43,8712.94
2220,2,SANTANDER,JULIA,DEPOSITO,2022-01-30T15:48:34,966.09
2870,9,SANTANDER,PAULO,SAQUE,2022-04-30T21:26:33,6886.07
1044,2,SANTANDER,FELIPE,SAQUE,2022-06-11T22:51:17,9402.41
2220,2,SANTANDER,JULIA,SAQUE,2022-06-29T17:32:57,5351.3
2870,9,SANTANDER,PAULO,SAQUE,2022-05-19T22:43:22,1132.56
4110,7,SANTANDER,LUCAS,DEPOSITO,2022-01-28T11:29:53,4867.91
3320,4,SANTANDER,MARIA,DEPOSITO,2022-08-19T17:15:47,3035.55
3090,6,SANTANDER,PEDRO,DEPOSITO,2022-04-17T18:27:41,818.17
3090,6,SANTANDER,PEDRO,DEPOSITO,2022-06-09T16:21:22,6257.99
1260,8,SANTANDER,BEATRIZ,DEPOSITO,2022-07-21T12:43:09,3916.57
2870,9,SANTANDER,PAULO,DEPOSITO,2022-07-17T12:53:47,2054.88
4110,7,SANTANDER,LUCAS,DEPOSITO,2022-10-19T11:46:48,5674.23
3090,6,SANTANDER,PEDRO,SAQUE,2022-04-12T01:13:14,5027.38
3320,4,SANTANDER,MARIA,SAQUE,2022-12-08T09:35:04,1035.42
1810,3,SANTANDER,CARLOS,DEPOSITO,2022-05-09T05:12:56,4649.45
4110,7,SANTANDER,LUCAS,SAQUE,2022-01-06T14:16:11,5620.41
2870,9,SANTANDER,PAULO,DEPOSITO,2022-04-11T02:18:45,1585.97
3320,4,SANTANDER,MARIA,DEPOSITO,2022-05-24T00:42:34,7778.04
3090,6,SANTANDER,PEDRO,DEPOSITO,2022-01-18T19:39:16,6581.25
4110,7,SANTANDER,LUCAS,DEPOSITO,2022-08-25T17:08:31,2580.81
1044,2,SANTANDER,FELIPE,DEPOSITO,2022-08-15T06:39:36,285.35
3320,4,SANTANDER,MARIA,DEPOSITO,2022-07-27T17:50:21,1610.2
2870,9,SANTANDER,PAULO,SAQUE,2022-11-22T01:09:26,5558.85
1520,1,SANTANDER,JOAO,DEPOSITO,2022-04-12T19:20:21,6858.99
4110,7,SANTANDER,LUCAS,DEPOSITO,2022-07-06T13:42:10,9637.41
1810,3,SANTANDER,CARLOS,DEPOSITO,2022-07-09T07:28:23,737.44
2220,2,SANTANDER,JULIA,DEPOSITO,2022-01-27T19:14:48,3439.2
3320,4,SANTANDER,MARIA,DEPOSITO,2022-12-19T23:54:06,831.55
1520,1,SANTANDER,JOAO,SAQUE,2022-01-14T19:00:57,4644.98
3090,6,SANTANDER,PEDRO,SAQUE,2022-03-21T09:21:49,2367.64
3320,4,SANTANDER,MARIA,SAQUE,2022-09-17T20:31:10,5894.23
3090,6,SANTANDER,PEDRO,SAQUE,2022-04-23T15:32:51,985.23
1260,8,SANTANDER,BEATRIZ,DEPOSITO,2022-08-16T08:44:03,9835.25
4110,7,SANTANDER,LUCAS,DEPOSITO,2022-11-11T07:16:33,1541.8
2220,2,SANTANDER,JULIA,SAQUE,2022-06-08T20:57:04,3970.63
3090,6,SANTANDER,PEDRO,SAQUE,2022-09-11T00:33:53,410.13
3320,4,SANTANDER,MARIA,DEPOSITO,2022-05-31T22:21:00,4684.06
3320,4,SANTANDER,MARIA,SAQUE,2022-03-03T21:11:30,754.04
1810,3,SANTANDER,CARLOS,DEPOSITO,2022-11-16T17:14:38,7003.89
3090,6,SANTANDER,PEDRO,SAQUE,2022-03-19T17:14:09,3044.17
4110,7,SANTANDER,LUCAS,DEPOSITO,2022-03-01T21:41:17,6205.1
3090,6,SANTANDER,PEDRO,DEPOSITO,2022-05-13T12:52:55,9434.66
1810,3,SANTANDER,CARLOS,SAQUE,2022-09-05T23:37:10,4771.31
2220,2,SANTANDER,JULIA,DEPOSITO,2022-04-05T18:31:40,9501.17
1520,1,SANTANDER,JOAO,SAQUE,2022-07-22T13:39:17,7409.65
1810,3,SANTANDER,CARLOS,DEPOSITO,2022-08-10T10:15:12,5250.71
3090,6,SANTANDER,PEDRO,SAQUE,2022-01-17T11:05:08,7822.41
1810,3,SANTANDER,CARLOS,DEPOSITO,2022-01-31T23:36:06,1410.82
1810,3,SANTANDER,CARLOS,DEPOSITO,2022-11-30T20:31:05,6361.45
4110,7,SANTANDER,LUCAS,DEPOSITO,2022-12-07T03:16:38,5771.28
2750,5,SANTANDER,ANA,DEPOSITO,2022-07-22T04:46:34,2098.87
3320,4,SANTANDER,MARIA,SAQUE,2022-04-24T19:22:07,7376.33
1044,2,SANTANDER,FELIPE,DEPOSITO,2022-06-02T12:04:08,7651.12
3090,6,SANTANDER,PEDRO,SAQUE,2022-05-01T17:28:10,4173.43
1520,1,SANTANDER,JOAO,DEPOSITO,2022-03-05T01:42:56,710.38
1260,8,SANTANDER,BEATRIZ,SAQUE,2022-04-04T08:59:29,9282.09
3090,6,SANTANDER,PEDRO,SAQUE,2022-10-10T06:43:05,2947.2
1260,8,SANTANDER,BEATRIZ,SAQUE,2022-04-23T07:48:11,918.5
2750,5,SANTANDER,ANA,SAQUE,2022-08-31T18:13:03,8873.91
1810,3,SANTANDER,CARLOS,SAQUE,2022-02-26T04:32:05,5667.09
3320,4,SANTANDER,MARIA,SAQUE,2022-02-21T08:36:52,7893.24
1520,1,SANTANDER,JOAO,SAQUE,2022-02-08T12:48:46,4756.88
2220,2,SANTANDER,JULIA,SAQUE,2022-04-16T23:20:04,3238.64
4110,7,SANTANDER,LUCAS,SAQUE,2022-05-19T10:26:28,3093.36
2750,5,SANTANDER,ANA,SAQUE,2022-08-21T05:20:44,8125.3
4110,7,SANTANDER,LUCAS,SAQUE,2022-08-31T05:19:10,388.82
3320,4,SANTANDER,MARIA,DEPOSITO,2022-01-19T05:03:06,4985.06
4110,7,SANTANDER,LUCAS,SAQUE,2022-08-14T05:42:50,1814.04
2220,2,SANTANDER,JULIA,DEPOSITO,2022-11-28T22:05:10,6854.45
3320,4,SANTANDER,MARIA,SAQUE,2022-11-24T05:47:22,5397.68
1810,3,SANTANDER,CARLOS,SAQUE,2022-05-03T06:10:56,6043.41
3090,6,SANTANDER,PEDRO,SAQUE,2022-01-10T07:51:13,1113.84
2750,5,SANTANDER,ANA,SAQUE,2022-10-22T06:54:44,2442.04
1260,8,SANTANDER,BEATRIZ,SAQUE,2022-06-05T11:50:14,4293.06
4110,7,SANTANDER,LUCAS,SAQUE,2022-11-26T07:51:22,4649.5
1810,3,SANTANDER,CARLOS,DEPOSITO,2022-05-20T13:50:01,3803.99
2220,2,SANTANDER,JULIA,SAQUE,2022-01-16T18:02:00,17.76
4110,7,SANTANDER,LUCAS,DEPOSITO,2022-12-26T10:52:43,4329.46
3320,4,SANTANDER,MARIA,DEPOSITO,2022-10-12T14:54:24,6042.92
1520,1,SANTANDER,JOAO,DEPOSITO,2022-03-25T16:41:26,8034.34
1260,8,SANTANDER,BEATRIZ,SAQUE,2022-07-07T14:14:46,7890.39
2750,5,SANTANDER,ANA,SAQUE,2022-03-02T20:52:14,5973.35
1520,1,SANTANDER,JOAO,DEPOSITO,2022-02-19T05:47:02,1533.74
2220,2,SANTANDER,JULIA,SAQUE,2022-12-04T22:05:48,4825.88
3090,6,SANTANDER,PEDRO,DEPOSITO,2022-07-18T04:34:06,5579.13
2870,9,SANTANDER,PAULO,SAQUE,2022-04-20T08:41:03,1904.93
3320,4,SANTANDER,MARIA,SAQUE,2022-06-26T05:13:10,9771.07
2220,2,SANTANDER,JULIA,SAQUE,2022-06-10T10:03:56,4880.4
2750,5,SANTANDER,ANA,SAQUE,2022-06-18T08:31:14,1526.66
3320,4,SANTANDER,MARIA,DEPOSITO,2022-08-23T20:41:39,4560.51
3090,6,SANTANDER,PEDRO,DEPOSITO,2022-10-16T23:26:18,4062.04
3090,6,SANTANDER,PEDRO,SAQUE,2022-05-26T17:29:07,6099.55
1810,3,SANTANDER,CARLOS,DEPOSITO,2022-01-04T17:11:20,6502.31
1520,1,SANTANDER,JOAO,SAQUE,2022-07-18T14:00:25,6780.92
2750,5,SANTANDER,ANA,SAQUE,2022-03-14T15:09:33,9978.26
1810,3,SANTANDER,CARLOS,SAQUE,2022-07-14T14:15:13,9464.66
2220,2,SANTANDER,JULIA,DEPOSITO,2022-04-14T06:11:17,942.82
4110,7,SANTANDER,LUCAS,DEPOSITO,2022-07-07T05:59:01,7045.61
2220,2,SANTANDER,JULIA,DEPOSITO,2022-08-03T18:22:01,7435.39
1810,3,SANTANDER,CARLOS,SAQUE,2022-08-18T14:59:25,4897.42
2870,9,SANTANDER,PAULO,DEPOSITO,2022-07-31T01:57:53,5357.5
3090,6,SANTANDER,PEDRO,DEPOSITO,2022-10-20T01:56:13,7231.28
1260,8,SANTANDER,BEATRIZ,SAQUE,2022-10-08T23:50:36,5060.9
1044,2,SANTANDER,FELIPE,DEPOSITO,2022-06-15T23:00:59,9003.18
1044,2,SANTANDER,FELIPE,DEPOSITO,2022-08-21T19:03:38,6262.99
1520,1,SANTANDER,JOAO,SAQUE,2022-05-13T18:53:11,6131.36
2220,2,SANTANDER,JULIA,DEPOSITO,2022-04-19T16:03:52,5949.48
2870,9,SANTANDER,PAULO,DEPOSITO,2022-09-19T20:56:31,3132.87
2220,2,SANTANDER,JULIA,SAQUE,2022-05-11T14:02:58,7157.12
1260,8,SANTANDER,BEATRIZ,DEPOSITO,2022-02-01T23:30:37,3116.43
3320,4,SANTANDER,MARIA,SAQUE,2022-09-02T15:38:45,9601.46
2870,9,SANTANDER,PAULO,SAQUE,2022-10-21T13:24:19,3354.34
2750,5,SANTANDER,ANA,SAQUE,2022-11-19T02:22:09,859.64
2870,9,SANTANDER,PAULO,DEPOSITO,2022-09-22T15:01:42,6037.2
1044,2,SANTANDER,FELIPE,SAQUE,2022-04-14T06:51:06,7831.9
2870,9,SANTANDER,PAULO,DEPOSITO,2022-10-07T07:23:13,9404.26
2750,5,SANTANDER,ANA,SAQUE,2022-08-22T23:25:26,6633.72
1260,8,SANTANDER,BEATRIZ,DEPOSITO,2022-05-17T22:22:31,3862.74
1044,2,SANTANDER,FELIPE,DEPOSITO,2022-11-12T09:18:09,8988.45
1260,8,SANTANDER,BEATRIZ,DEPOSITO,2022-07-10T17:37:31,9656.13
1810,3,SANTANDER,CARLOS,DEPOSITO,2022-04-16T08:45:14,8868.15
1260,8,SANTANDER,BEATRIZ,DEPOSITO,2022-11-02T10:50:28,9696.13
3320,4,SANTANDER,MARIA,SAQUE,2022-01-30T06:29:38,4067.23
3090,6,SANTANDER,PEDRO,DEPOSITO,2022-05-11T23:00:22,5509.28
2870,9,SANTANDER,PAULO,DEPOSITO,2022-01-30T08:14:37,7963.37
2750,5,SANTANDER,ANA,SAQUE,2022-02-09T12:25:21,8465.03
1810,3,SANTANDER,CARLOS,SAQUE,2022-07-31T02:59:34,5452.0
4110,7,SANTANDER,LUCAS,DEPOSITO,2022-06-13T03:00:45,1735.36
2220,2,SANTANDER,JULIA,SAQUE,2022-01-08T16:30:32,246.67
1260,8,SANTANDER,BEATRIZ,DEPOSITO,2022-08-09T02:18:36,9435.74
1520,1,SANTANDER,JOAO,DEPOSITO,2022-01-29T04:13:25,2475.59
2750,5,SANTANDER,ANA,SAQUE,2022-12-04T02:02:59,7332.19
3320,4,SANTANDER,MARIA,SAQUE,2022-12-02T08:56:05,7253.68
1260,8,SANTANDER,BEATRIZ,SAQUE,2022-01-19T06:56:30,8773.33
1260,8,SANTANDER,BEATRIZ,SAQUE,2022-11-03T15:26:31,591.34
3090,6,SANTANDER,PEDRO,DEPOSITO,2022-01-30T03:53:44,4411.74
3320,4,SANTANDER,MARIA,SAQUE,2022-07-20T15:58:51,2987.09
2750,5,SANTANDER,ANA,DEPOSITO,2022-11-18T13:15:05,4349.0
1260,8,SANTANDER,BEATRIZ,DEPOSITO,2022-05-14T12:24:17,7020.9
1260,8,SANTANDER,BEATRIZ,SAQUE,2022-06-19T23:01:16,4928.22
1810,3,SANTANDER,CARLOS,SAQUE,2022-09-06T04:27:40,3184.9
2750,5,SANTANDER,ANA,SAQUE,2022-09-27T12:23:05,8716.02
4110,7,SANTANDER,LUCAS,DEPOSITO,2022-10-03T15:21:44,9087.47
2870,9,SANTANDER,PAULO,SAQUE,2022-11-02T11:06:23,2600.06
1044,2,SANTANDER,FELIPE,SAQUE,2022-07-24T11:10:48,3441.66
1520,1,SANTANDER,JOAO,DEPOSITO,2022-04-18T23:12:13,3777.2
1260,8,SANTANDER,BEATRIZ,SAQUE,2022-09-20T17:35:59,6468.65
2870,9,SANTANDER,PAULO,SAQUE,2022-02-22T15:12:37,7999.57
1044,2,SANTANDER,FELIPE,DEPOSITO,2022-09-16T19:50:42,1503.39
1044,2,SANTANDER,FELIPE,SAQUE,2022-03-23T01:37:56,6227.42
2870,9,SANTANDER,PAULO,SAQUE,2022-06-11T09:49:28,8042.23
2870,9,SANTANDER,PAULO,DEPOSITO,2022-12-01T19:46:50,7160.49
1260,8,SANTANDER,BEATRIZ,DEPOSITO,2022-08-30T04:48:34,2140.97
1044,2,SANTANDER,FELIPE,SAQUE,2022-10-15T04:05:42,9046.39
3090,6,SANTANDER,PEDRO,SAQUE,2022-09-27T03:22:19,9495.49
4110,7,SANTANDER,LUCAS,DEPOSITO,2022-07-15T20:02:56,5861.54
3320,4,SANTANDER,MARIA,SAQUE,2022-07-24T22:19:59,9517.37
2220,2,SANTANDER,JULIA,DEPOSITO,2022-02-09T14:31:53,6347.02
2750,5,SANTANDER,ANA,SAQUE,2022-06-01T09:35:02,4224.21
3090,6,SANTANDER,PEDRO,DEPOSITO,2022-10-10T04:43:55,7127.18
1260,8,SANTANDER,BEATRIZ,SAQUE,2022-09-18T18:57:14,5871.19
2220,2,SANTANDER,JULIA,DEPOSITO,2022-01-11T06:34:09,735.5
1044,2,SANTANDER,FELIPE,SAQUE,2022-10-19T10:12:50,6290.65
4110,7,SANTANDER,LUCAS,SAQUE,2022-07-21T23:47:50,7872.37
1810,3,SANTANDER,CARLOS,SAQUE,2022-02-13T08:31:23,4419.09
3090,6,SANTANDER,PEDRO,DEPOSITO,2022-09-01T22:08:36,9889.26
3090,6,SANTANDER,PEDRO,SAQUE,2022-09-28T05:48:45,975.52
2750,5,SANTANDER,ANA,DEPOSITO,2022-10-14T12:01:00,3261.53
1044,2,SANTANDER,FELIPE,DEPOSITO,2022-07-16T14:37:40,5793.57
2220,2,SANTANDER,JULIA,SAQUE,2022-06-16T12:05:38,3700.73
1810,3,SANTANDER,CARLOS,DEPOSITO,2022-01-20T10:53:58,4186.56
1260,8,SANTANDER,BEATRIZ,SAQUE,2022-05-01T15:00:58,8474.96
2750,5,SANTANDER,ANA,DEPOSITO,2022-03-28T12:03:02,3004.45
1260,8,SANTANDER,BEATRIZ,SAQUE,2022-08-17T00:30:31,1739.5
1520,1,SANTANDER,JOAO,SAQUE,2022-03-11T18:47:46,7983.35
3090,6,SANTANDER,PEDRO,SAQUE,2022-10-04T21:16:15,1319.76
2220,2,SANTANDER,JULIA,SAQUE,2022-05-30T05:21:13,1872.83
2220,2,SANTANDER,JULIA,DEPOSITO,2022-11-10T15:13:27,6648.73
3090,6,SANTANDER,PEDRO,DEPOSITO,2022-09-18T12:22:54,6095.93
1810,3,SANTANDER,CARLOS,DEPOSITO,2022-01-21T21:26:19,3487.33
1810,3,SANTANDER,CARLOS,DEPOSITO,2022-11-11T14:45:38,5735.26
1520,1,SANTANDER,JOAO,SAQUE,2022-07-18T05:42:41,4397.34
3090,6,SANTANDER,PEDRO,DEPOSITO,2022-10-14T15:38:38,1125.74
3320,4,SANTANDER,MARIA,DEPOSITO,2022-01-23T19:34:56,4093.95
3090,6,SANTANDER,PEDRO,DEPOSITO,2022-08-04T19:27:15,258.3
3320,4,SANTANDER,MARIA,SAQUE,2022-11-28T23:53:18,5197.25
2870,9,SANTANDER,PAULO,DEPOSITO,2022-12-08T07:11:42,3292.85
3320,4,SANTANDER,MARIA,DEPOSITO,2022-10-15T13:42:43,8148.79
4110,7,SANTANDER,LUCAS,SAQUE,2022-01-01T13:38:00,2267.48
2220,2,SANTANDER,JULIA,DEPOSITO,2022-09-14T15:24:55,8267.15
1044,2,SANTANDER,FELIPE,DEPOSITO,2022-09-16T18:04:51,4358.4
3090,6,SANTANDER,PEDRO,SAQUE,2022-02-11T12:32:11,9657.26
2750,5,SANTANDER,ANA,SAQUE,2022-08-13T05:30:47,5711.16
1044,2,SANTANDER,FELIPE,SAQUE,2022-03-02T22:20:54,2216.08
2220,2,SANTANDER,JULIA,SAQUE,2022-07-05T12:53:58,8652.22
1520,1,SANTANDER,JOAO,SAQUE,2022-02-13T04:42:57,6372.39
4110,7,SANTANDER,LUCAS,DEPOSITO,2022-12-17T23:10:31,9980.25
2870,9,SANTANDER,PAULO,SAQUE,2022-08-26T17:11:38,6686.15
2220,2,SANTANDER,JULIA,DEPOSITO,2022-10-11T01:58:20,2136.61
1260,8,SANTANDER,BEATRIZ,SAQUE,2022-01-04T13:08:39,1498.13
4110,7,SANTANDER,LUCAS,SAQUE,2022-03-23T13:08:08,7638.06
2870,9,SANTANDER,PAULO,DEPOSITO,2022-03-30T08:37:36,1552.18
3090,6,SANTANDER,PEDRO,DEPOSITO,2022-07-13T04:30:01,1450.31
1810,3,SANTANDER,CARLOS,SAQUE,2022-08-21T01:41:53,7215.44
2870,9,SANTANDER,PAULO,SAQUE,2022-12-16T07:38:12,7697.25
2870,9,SANTANDER,PAULO,SAQUE,2022-03-27T06:52:58,965.7
1260,8,SANTANDER,BEATRIZ,DEPOSITO,2022-12-19T08:01:44,8095.47
2220,2,SANTANDER,JULIA,SAQUE,2022-04-23T07:00:21,6416.2
2220,2,SANTANDER,JULIA,DEPOSITO,2022-06-02T21:14:22,7506.51
3320,4,SANTANDER,MARIA,DEPOSITO,2022-08-07T16:40:50,2332.61
1520,1,SANTANDER,JOAO,DEPOSITO,2022-11-27T07:42:05,5051.13
2750,5,SANTANDER,ANA,DEPOSITO,2022-02-10T18:59:49,4999.47
1044,2,SANTANDER,FELIPE,DEPOSITO,2022-11-06T16:43:52,8650.26
2220,2,SANTANDER,JULIA,SAQUE,2022-02-02T19:09:22,8737.99
4110,7,SANTANDER,LUCAS,SAQUE,2022-11-08T08:24:52,6469.13
1044,2,SANTANDER,FELIPE,SAQUE,2022-08-26T20:32:37,3355.48
1520,1,SANTANDER,JOAO,SAQUE,2022-12-07T08:55:41,1087.95
1520,1,SANTANDER,JOAO,SAQUE,2022-03-28T03:06:38,8542.11
2870,9,SANTANDER,PAULO,SAQUE,2022-05-10T10:28:44,1856.91
1044,2,SANTANDER,FELIPE,DEPOSITO,2022-12-19T11:10:15,3334.35
2220,2,SANTANDER,JULIA,SAQUE,2022-03-06T04:22:52,3726.17
2750,5,SANTANDER,ANA,DEPOSITO,2022-12-30T15:55:32,5443.85
1044,2,SANTANDER,FELIPE,DEPOSITO,2022-03-15T12:51:12,9124.65
2220,2,SANTANDER,JULIA,DEPOSITO,2022-07-20T00:04:17,9263.69
1044,2,SANTANDER,FELIPE,DEPOSITO,2022-12-15T01:05:52,358.65
3090,6,SANTANDER,PEDRO,DEPOSITO,2022-11-19T02:57:12,2372.87
4110,7,SANTANDER,LUCAS,DEPOSITO,2022-07-09T02:09:46,6809.15
4110,7,SANTANDER,LUCAS,DEPOSITO,2022-06-13T13:17:34,6464.37
2220,2,SANTANDER,JULIA,SAQUE,2022-02-23T17:45:25,8905.97
2870,9,SANTANDER,PAULO,DEPOSITO,2022-07-29T14:48:05,9339.32
3320,4,SANTANDER,MARIA,SAQUE,2022-12-23T15:56:09,8050.6
2750,5,SANTANDER,ANA,DEPOSITO,2022-05-27T14:54:23,5646.82
3320,4,SANTANDER,MARIA,SAQUE,2022-03-15T08:19:23,5106.36
3320,4,SANTANDER,MARIA,SAQUE,2022-10-02T08:33:50,2471.86
3090,6,SANTANDER,PEDRO,SAQUE,2022-01-31T05:28:43,2051.45
2220,2,SANTANDER,JULIA,DEPOSITO,2022-03-21T22:33:19,3931.99
1520,1,SANTANDER,JOAO,SAQUE,2022-01-06T13:19:03,9532.25
3090,6,SANTANDER,PEDRO,SAQUE,2022-01-02T04:00:55,1458.9
2220,2,SANTANDER,JULIA,DEPOSITO,2022-12-31T12:00:40,1868.29
3090,6,SANTANDER,PEDRO,DEPOSITO,2022-01-29T21:50:13,889.74
1260,8,SANTANDER,BEATRIZ,DEPOSITO,2022-02-12T17:18:07,5887.66
2870,9,SANTANDER,PAULO,SAQUE,2022-01-10T20:46:53,1933.61
1044,2,SANTANDER,FELIPE,DEPOSITO,2022-07-26T11:21:13,9587.91
4110,7,SANTANDER,LUCAS,DEPOSITO,2022-09-07T16:59:21,9539.66
1520,1,SANTANDER,JOAO,DEPOSITO,2022-06-06T04:38:38,9310.84
2750,5,SANTANDER,ANA,DEPOSITO,2022-01-07T03:37:58,4895.41
2220,2,SANTANDER,JULIA,SAQUE,2022-01-24T14:53:05,2547.31
2220,2,SANTANDER,JULIA,SAQUE,2022-07-11T04:36:25,7311.35
1260,8,SANTANDER,BEATRIZ,SAQUE,2022-12-20T07:04:42,6356.2
1260,8,SANTANDER,BEATRIZ,SAQUE,2022-08-18T19:54:37,1272.28
2750,5,SANTANDER,ANA,SAQUE,2022-12-15T08:26:58,8129.39
1260,8,SANTANDER,BEATRIZ,DEPOSITO,2022-01-05T23:37:13,5732.51
1260,8,SANTANDER,BEATRIZ,DEPOSITO,2022-03-12T04:13:31,3541.54
2220,2,SANTANDER,JULIA,SAQUE,2022-06-21T22:37:22,6172.22
2220,2,SANTANDER,JULIA,SAQUE,2022-09-04T23:13:45,1876.5
3090,6,SANTANDER,PEDRO,DEPOSITO,2022-11-05T17:41:16,8218.28
2870,9,SANTANDER,PAULO,SAQUE,2022-05-30T17:35:39,5605.92
3320,4,SANTANDER,MARIA,DEPOSITO,2022-03-16T03:15:51,9376.19
3320,4,SANTANDER,MARIA,DEPOSITO,2022-05-20T21:04:02,3575.28
1260,8,SANTANDER,BEATRIZ,DEPOSITO,2022-07-02T06:33:39,9608.15
1520,1,SANTANDER,JOAO,DEPOSITO,2022-07-29T18:49:38,4505.95
2870,9,SANTANDER,PAULO,DEPOSITO,2022-02-25T05:56:25,108.67
4110,7,SANTANDER,LUCAS,DEPOSITO,2022-06-20T11:33:04,3050.28
1810,3,SANTANDER,CARLOS,SAQUE,2022-02-08T00:53:09,6412.89
2870,9,SANTANDER,PAULO,DEPOSITO,2022-02-16T16:22:39,1725.93
1260,8,SANTANDER,BEATRIZ,SAQUE,2022-06-27T04:34:26,6489.61
1260,8,SANTANDER,BEATRIZ,SAQUE,2022-04-04T18:15:31,7007.97
3320,4,SANTANDER,MARIA,DEPOSITO,2022-02-24T05:59:01,7033.17
1520,1,SANTANDER,JOAO,DEPOSITO,2022-09-23T03:40:48,764.61
4110,7,SANTANDER,LUCAS,DEPOSITO,2022-02-12T20:02:11,6739.89
2750,5,SANTANDER,ANA,DEPOSITO,2022-09-29T15:23:29,9718.2
2750,5,SANTANDER,ANA,DEPOSITO,2022-07-09T13:09:55,1745.59
2870,9,SANTANDER,PAULO,SAQUE,2022-12-24T13:02:39,1564.83
3320,4,SANTANDER,MARIA,SAQUE,2022-09-07T13:32:46,1932.83
3090,6,SANTANDER,PEDRO,SAQUE,2022-02-20T12:44:34,880.01
1260,8,SANTANDER,BEATRIZ,DEPOSITO,2022-08-04T22:35:31,8975.63
2220,2,SANTANDER,JULIA,DEPOSITO,2022-06-09T16:50:54,5739.52
2870,9,SANTANDER,PAULO,DEPOSITO,2022-08-22T20:23:52,8139.32
1260,8,SANTANDER,BEATRIZ,DEPOSITO,2022-10-15T03:00:59,8394.94
1520,1,SANTANDER,JOAO,SAQUE,2022-02-23T00:42:21,5130.67
2870,9,SANTANDER,PAULO,DEPOSITO,2022-06-11T06:31:56,5321.59
2870,9,SANTANDER,PAULO,DEPOSITO,2022-04-13T12:56:54,4867.56
1260,8,SANTANDER,BEATRIZ,DEPOSITO,2022-06-10T01:09:27,6057.36
3320,4,SANTANDER,MARIA,DEPOSITO,2022-04-27T17:11:33,2869.32
2750,5,SANTANDER,ANA,DEPOSITO,2022-06-13T13:12:44,9527.71
2870,9,SANTANDER,PAULO,DEPOSITO,2022-09-01T08:36:13,8274.68
1260,8,SANTANDER,BEATRIZ,SAQUE,2022-04-27T11:25:33,4375.02
3090,6,SANTANDER,PEDRO,DEPOSITO,2022-03-18T20:15:17,983.05
2870,9,SANTANDER,PAULO,SAQUE,2022-11-24T11:58:23,5649.9
1810,3,SANTANDER,CARLOS,SAQUE,2022-09-09T23:47:18,1324.14
4110,7,SANTANDER,LUCAS,DEPOSITO,2022-11-14T07:11:47,6145.43
2870,9,SANTANDER,PAULO,SAQUE,2022-02-08T22:09:02,4874.3
2750,5,SANTANDER,ANA,DEPOSITO,2022-12-03T05:14:32,7791.45
3090,6,SANTANDER,PEDRO,SAQUE,2022-04-07T05:03:09,8032.78
1520,1,SANTANDER,JOAO,SAQUE,2022-11-24T00:01:11,5260.47
4110,7,SANTANDER,LUCAS,DEPOSITO,2022-06-08T15:16:36,6779.16
1044,2,SANTANDER,FELIPE,DEPOSITO,2022-10-27T13:27:37,604.58
1520,1,SANTANDER,JOAO,SAQUE,2022-06-17T08:18:48,5482.29
2220,2,SANTANDER,JULIA,SAQUE,2022-06-29T14:02:10,2212.95
3090,6,SANTANDER,PEDRO,SAQUE,2022-09-15T17:33:46,5562.05
1260,8,SANTANDER,BEATRIZ,DEPOSITO,2022-12-23T07:50:30,8644.55
1260,8,SANTANDER,BEATRIZ,SAQUE,2022-08-28T21:20:26,8460.74
2870,9,SANTANDER,PAULO,SAQUE,2022-11-08T17:18:27,5822.61
1044,2,SANTANDER,FELIPE,DEPOSITO,2022-12-20T13:01:26,6102.85
4110,7,SANTANDER,LUCAS,DEPOSITO,2022-03-22T14:21:04,6674.65
3320,4,SANTANDER,MARIA,SAQUE,2022-11-08T17:35:14,6917.03
4110,7,SANTANDER,LUCAS,SAQUE,2022-02-25T19:02:59,6803.36
1260,8,SANTANDER,BEATRIZ,SAQUE,2022-01-20T21:17:07,9884.75
2220,2,SANTANDER,JULIA,SAQUE,2022-03-08T21:03:21,7951.04
2870,9,SANTANDER,PAULO,DEPOSITO,2022-11-02T06:27:24,8394.27
2750,5,SANTANDER,ANA,DEPOSITO,2022-12-26T14:25:25,9213.65
2750,5,SANTANDER,ANA,SAQUE,2022-04-03T20:11:33,9810.17
2750,5,SANTANDER,ANA,SAQUE,2022-11-12T08:02:57,3741.54
3090,6,SANTANDER,PEDRO,SAQUE,2022-01-30T19:22:29,2470.67
2870,9,SANTANDER,PAULO,SAQUE,2022-04-21T16:55:47,6520.81
2220,2,SANTANDER,JULIA,DEPOSITO,2022-08-04T12:17:16,9228.09
1044,2,SANTANDER,FELIPE,DEPOSITO,2022-03-28T20:30:33,9778.07
2220,2,SANTANDER,JULIA,SAQUE,2022-01-18T22:23:34,3291.14
4110,7,SANTANDER,LUCAS,DEPOSITO,2022-04-06T14:52:23,4286.4
2870,9,SANTANDER,PAULO,SAQUE,2022-01-31T13:17:12,2390.92
2220,2,SANTANDER,JULIA,SAQUE,2022-08-26T09:27:36,7029.69
2220,2,SANTANDER,JULIA,SAQUE,2022-03-12T21:26:46,9742.54
2220,2,SANTANDER,JULIA,SAQUE,2022-07-04T12:50:37,4197.4
1520,1,SANTANDER,JOAO,DEPOSITO,2022-09-09T16:33:07,7899.13
1260,8,SANTANDER,BEATRIZ,SAQUE,2022-01-24T21:23:00,5414.44
1260,8,SANTANDER,BEATRIZ,SAQUE,2022-09-15T19:41:04,7030.99
2220,2,SANTANDER,JULIA,DEPOSITO,2022-05-28T13:03:18,3127.83
1520,1,SANTANDER,JOAO,DEPOSITO,2022-03-12T19:59:44,5590.22
2870,9,SANTANDER,PAULO,DEPOSITO,2022-01-06T14:01:49,9379.11
2220,2,SANTANDER,JULIA,DEPOSITO,2022-12-05T16:01:15,8181.54
2220,2,SANTANDER,JULIA,SAQUE,2022-01-19T20:37:08,2940.94
1260,8,SANTANDER,BEATRIZ,SAQUE,2022-10-03T19:13:41,2193.96
3320,4,SANTANDER,MARIA,DEPOSITO,2022-06-18T21:21:53,9865.49
2750,5,SANTANDER,ANA,SAQUE,2022-03-09T07:30:37,4073.22
1260,8,SANTANDER,BEATRIZ,SAQUE,2022-05-26T23:09:24,368.0
1520,1,SANTANDER,JOAO,DEPOSITO,2022-11-17T02:19:49,754.77
1810,3,SANTANDER,CARLOS,DEPOSITO,2022-11-26T21:45:34,9012.82
3090,6,SANTANDER,PEDRO,DEPOSITO,2022-11-03T10:05:49,6995.97
2870,9,SANTANDER,PAULO,SAQUE,2022-04-20T20:37:31,5869.74
1260,8,SANTANDER,BEATRIZ,DEPOSITO,2022-06-14T04:09:57,2967.18
4110,7,SANTANDER,LUCAS,DEPOSITO,2022-05-10T08:03:36,2540.94
4110,7,SANTANDER,LUCAS,SAQUE,2022-06-03T03:19:38,1033.78
3090,6,SANTANDER,PEDRO,SAQUE,2022-07-14T19:21:00,9119.55
1044,2,SANTANDER,FELIPE,SAQUE,2022-08-24T20:23:32,7381.98
1044,2,SANTANDER,FELIPE,DEPOSITO,2022-12-16T11:11:54,8970.7
1044,2,SANTANDER,FELIPE,DEPOSITO,2022-10-30T11:25:17,9619.89
4110,7,SANTANDER,LUCAS,DEPOSITO,2022-01-14T05:40:27,5777.91
1810,3,SANTANDER,CARLOS,DEPOSITO,2022-08-22T03:15:39,1396.87
1044,2,SANTANDER,FELIPE,SAQUE,2022-05-22T02:34:11,8016.78
1810,3,SANTANDER,CARLOS,DEPOSITO,2022-03-06T07:52:38,319.0
1520,1,SANTANDER,JOAO,SAQUE,2022-12-20T04:35:13,5000.94
4110,7,SANTANDER,LUCAS,DEPOSITO,2022-07-25T01:07:55,4660.79
2750,5,SANTANDER,ANA,SAQUE,2022-07-29T04:02:24,2280.56
1260,8,SANTANDER,BEATRIZ,SAQUE,2022-01-12T09:35:12,7032.08
1260,8,SANTANDER,BEATRIZ,DEPOSITO,2022-07-30T06:55:36,7900.74
1044,2,SANTANDER,FELIPE,DEPOSITO,2022-01-03T04:09:43,9721.6
3320,4,SANTANDER,MARIA,DEPOSITO,2022-06-04T06:52:55,5863.26
1810,3,SANTANDER,CARLOS,DEPOSITO,2022-08-24T18:51:16,2917.97
1044,2,SANTANDER,FELIPE,DEPOSITO,2022-12-12T15:23:18,1727.6
2750,5,SANTANDER,ANA,SAQUE,2022-06-28T18:19:54,9432.3
2750,5,SANTANDER,ANA,SAQUE,2022-05-11T10:14:26,5546.56
1044,2,SANTANDER,FELIPE,DEPOSITO,2022-04-09T02:01:57,8032.78
2220,2,SANTANDER,JULIA,DEPOSITO,2022-06-22T18:03:46,935.89
3320,4,SANTANDER,MARIA,DEPOSITO,2022-07-01T22:53:53,3813.13
1044,2,SANTANDER,FELIPE,DEPOSITO,2022-09-07T04:58:55,2645.58
1810,3,SANTANDER,CARLOS,SAQUE,2022-01-15T08:30:47,5677.12
2220,2,SANTANDER,JULIA,DEPOSITO,2022-11-28T10:01:57,3249.83
4110,7,SANTANDER,LUCAS,DEPOSITO,2022-03-23T07:54:31,9555.23
1810,3,SANTANDER,CARLOS,DEPOSITO,2022-11-05T04:52:40,614.3
3320,4,SANTANDER,MARIA,DEPOSITO,2022-08-28T14:29:45,5483.79
1044,2,SANTANDER,FELIPE,SAQUE,2022-10-06T10:03:56,4323.45
1810,3,SANTANDER,CARLOS,DEPOSITO,2022-07-13T09:44:41,9741.46
1260,8,SANTANDER,BEATRIZ,SAQUE,2022-06-04T05:46:59,7916.09
2750,5,SANTANDER,ANA,SAQUE,2022-07-27T23:51:10,2695.36
1260,8,SANTANDER,BEATRIZ,SAQUE,2022-09-26T20:35:18,3525.71
1260,8,SANTANDER,BEATRIZ,DEPOSITO,2022-06-02T02:56:40,3597.99
2870,9,SANTANDER,PAULO,SAQUE,2022-09-12T19:55:30,7814.12
1810,3,SANTANDER,CARLOS,DEPOSITO,2022-12-28T02:34:12,9404.51
1520,1,SANTANDER,JOAO,SAQUE,2022-07-05T10:30:53,5562.41
1044,2,SANTANDER,FELIPE,SAQUE,2022-10-09T02:34:50,2449.32
3090,6,SANTANDER,PEDRO,SAQUE,2022-11-14T02:39:28,3535.95
4110,7,SANTANDER,LUCAS,DEPOSITO,2022-09-13T16:48:39,9434.36
1260,8,SANTANDER,BEATRIZ,SAQUE,2022-12-01T20:40:24,3457.92
1044,2,SANTANDER,FELIPE,SAQUE,2022-04-30T19:43:33,9970.1
1810,3,SANTANDER,CARLOS,DEPOSITO,2022-05-07T15:08:07,7049.91
2870,9,SANTANDER,PAULO,DEPOSITO,2022-08-22T19:54:06,7852.31
1044,2,SANTANDER,FELIPE,SAQUE,2022-10-22T15:09:32,7992.13
1810,3,SANTANDER,CARLOS,DEPOSITO,2022-03-21T20:37:56,9667.7
3090,6,SANTANDER,PEDRO,DEPOSITO,2022-11-02T19:27:41,5928.34
3320,4,SANTANDER,MARIA,SAQUE,2022-05-12T00:03:36,7095.64
2220,2,SANTANDER,JULIA,SAQUE,2022-07-23T00:42:58,3061.05
2750,5,SANTANDER,ANA,DEPOSITO,2022-05-18T17:33:02,4710.09
3320,4,SANTANDER,MARIA,DEPOSITO,2022-07-27T17:50:21,1610.2
2750,5,SANTANDER,ANA,DEPOSITO,2022-01-08T02:48:12,4686.16
3090,6,SANTANDER,PEDRO,DEPOSITO,2022-10-07T14:51:30,5986.16
3320,4,SANTANDER,MARIA,DEPOSITO,2022-09-02T16:07:40,8346.47
1260,8,SANTANDER,BEATRIZ,SAQUE,2022-07-11T14:29:10,8002.95
1044,2,SANTANDER,FELIPE,DEPOSITO,2022-04-09T18:36:39,4520.89
1260,8,SANTANDER,BEATRIZ,DEPOSITO,2022-02-27T13:25:40,1208.51
3090,6,SANTANDER,PEDRO,DEPOSITO,2022-03-30T17:46:59,3016.42
2220,2,SANTANDER,JULIA,DEPOSITO,2022-01-03T23:00:38,4270.55
4110,7,SANTANDER,LUCAS,DEPOSITO,2022-09-11T15:14:35,4495.11
1044,2,SANTANDER,FELIPE,SAQUE,2022-05-19T22:43:06,4530.58
4110,7,SANTANDER,LUCAS,SAQUE,2022-06-17T09:59:57,9118.63
2750,5,SANTANDER,ANA,DEPOSITO,2022-03-14T11:01:15,3497.47
3320,4,SANTANDER,MARIA,SAQUE,2022-11-24T22:44:55,9958.21
2220,2,SANTANDER,JULIA,SAQUE,2022-08-31T02:11:31,8225.84
1520,1,SANTANDER,JOAO,DEPOSITO,2022-09-30T03:21:59,3112.57
4110,7,SANTANDER,LUCAS,SAQUE,2022-03-10T04:28:40,1139.82
1520,1,SANTANDER,JOAO,DEPOSITO,2022-10-29T07:53:44,3700.48
1044,2,SANTANDER,FELIPE,SAQUE,2022-07-06T02:32:11,6088.44
2870,9,SANTANDER,PAULO,DEPOSITO,2022-07-26T06:32:24,2029.44
4110,7,SANTANDER,LUCAS,DEPOSITO,2022-05-21T01:59:52,6438.6
2870,9,SANTANDER,PAULO,DEPOSITO,2022-12-29T16:08:36,4105.43
3090,6,SANTANDER,PEDRO,SAQUE,2022-01-18T02:58:46,318.9
1810,3,SANTANDER,CARLOS,DEPOSITO,2022-11-13T19:41:29,5435.3
2220,2,SANTANDER,JULIA,SAQUE,2022-11-04T14:21:31,3455.57
1810,3,SANTANDER,CARLOS,SAQUE,2022-06-22T14:29:17,4030.67
4110,7,SANTANDER,LUCAS,SAQUE,2022-10-24T03:03:07,99.83
3320,4,SANTANDER,MARIA,DEPOSITO,2022-06-09T18:30:30,8809.8
2750,5,SANTANDER,ANA,DEPOSITO,2022-12-09T07:29:49,196.56
2220,2,SANTANDER,JULIA,DEPOSITO,2022-11-26T09:59:32,7403.21
2750,5,SANTANDER,ANA,SAQUE,2022-02-26T12:00:38,2416.33
1044,2,SANTANDER,FELIPE,SAQUE,2022-05-28T18:36:11,1451.67
3320,4,SANTANDER,MARIA,SAQUE,2022-04-07T21:03:02,9000.27
1520,1,SANTANDER,JOAO,DEPOSITO,2022-09-24T00:46:39,8945.31
3320,4,SANTANDER,MARIA,SAQUE,2022-07-21T05:19:07,7099.12
3090,6,SANTANDER,PEDRO,SAQUE,2022-11-18T17:37:08,726.57
3090,6,SANTANDER,PEDRO,SAQUE,2022-01-20T01:03:08,5208.54
4110,7,SANTANDER,LUCAS,SAQUE,2022-04-04T18:30:12,5614.9
3090,6,SANTANDER,PEDRO,SAQUE,2022-10-25T12:40:07,7053.15
2870,9,SANTANDER,PAULO,DEPOSITO,2022-06-09T22:44:31,440.37
1520,1,SANTANDER,JOAO,DEPOSITO,2022-09-18T04:23:05,4984.36
3090,6,SANTANDER,PEDRO,SAQUE,2022-04-18T10:52:26,6256.29
1520,1,SANTANDER,JOAO,DEPOSITO,2022-04-12T23:36:17,1340.99
1260,8,SANTANDER,BEATRIZ,DEPOSITO,2022-05-14T12:24:17,7020.9
1260,8,SANTANDER,BEATRIZ,DEPOSITO,2022-09-28T22:25:11,326.6
2870,9,SANTANDER,PAULO,DEPOSITO,2022-09-04T01:25:47,5768.07
4110,7,SANTANDER,LUCAS,SAQUE,2022-02-19T12:21:04,9023.76
1044,2,SANTANDER,FELIPE,DEPOSITO,2022-08-04T07:42:16,313.51
2750,5,SANTANDER,ANA,DEPOSITO,2022-06-08T15:40:03,7896.36
1520,1,SANTANDER,JOAO,DEPOSITO,2022-07-04T22:33:41,9907.53
2750,5,SANTANDER,ANA,SAQUE,2022-07-24T09:49:14,1408.28
2220,2,SANTANDER,JULIA,DEPOSITO,2022-10-21T13:51:24,1558.9
3090,6,SANTANDER,PEDRO,DEPOSITO,2022-11-04T06:13:22,2286.98
1260,8,SANTANDER,BEATRIZ,DEPOSITO,2022-11-19T09:07:35,8153.94
1520,1,SANTANDER,JOAO,DEPOSITO,2022-05-19T12:02:16,2645.68
1520,1,SANTANDER,JOAO,DEPOSITO,2022-02-07T09:26:47,4719.53
2870,9,SANTANDER,PAULO,DEPOSITO,2022-08-14T15:34:43,4818.32
1044,2,SANTANDER,FELIPE,SAQUE,2022-05-21T23:14:00,2134.49
2750,5,SANTANDER,ANA,SAQUE,2022-05-15T05:15:04,8214.53
3320,4,SANTANDER,MARIA,SAQUE,2022-08-25T12:49:07,135.62
1520,1,SANTANDER,JOAO,SAQUE,2022-05-09T01:45:08,5243.42
2220,2,SANTANDER,JULIA,DEPOSITO,2022-12-04T02:46:23,6680.78
2220,2,SANTANDER,JULIA,SAQUE,2022-09-10T20:03:16,5691.69
3320,4,SANTANDER,MARIA,DEPOSITO,2022-01-09T19:09:42,1307.26
4110,7,SANTANDER,LUCAS,SAQUE,2022-03-22T13:59:52,2402.02
3320,4,SANTANDER,MARIA,SAQUE,2022-08-17T12:17:59,2455.37
2220,2,SANTANDER,JULIA,DEPOSITO,2022-08-12T04:01:16,2108.19
2750,5,SANTANDER,ANA,SAQUE,2022-02-16T22:56:40,8085.73
2220,2,SANTANDER,JULIA,DEPOSITO,2022-07-04T20:42:27,6952.2
1520,1,SANTANDER,JOAO,DEPOSITO,2022-03-20T01:53:00,5996.17
2870,9,SANTANDER,PAULO,DEPOSITO,2022-07-28T16:40:05,1903.48
4110,7,SANTANDER,LUCAS,SAQUE,2022-10-02T14:21:32,1071.88
2220,2,SANTANDER,JULIA,SAQUE,2022-12-03T18:39:11,4430.1
3320,4,SANTANDER,MARIA,DEPOSITO,2022-11-10T21:46:01,8901.17
3090,6,SANTANDER,PEDRO,SAQUE,2022-01-26T09:16:43,2923.97
3320,4,SANTANDER,MARIA,DEPOSITO,2022-08-30T03:45:53,5625.66
4110,7,SANTANDER,LUCAS,DEPOSITO,2022-04-02T03:04:19,1054.55
2750,5,SANTANDER,ANA,DEPOSITO,2022-01-13T22:33:53,8916.32
1044,2,SANTANDER,FELIPE,SAQUE,2022-08-26T19:08:45,7007.33
1520,1,SANTANDER,JOAO,SAQUE,2022-11-07T18:41:19,3027.1
1520,1,SANTANDER,JOAO,DEPOSITO,2022-07-05T03:43:27,7033.84
4110,7,SANTANDER,LUCAS,SAQUE,2022-08-17T17:28:35,1906.98
4110,7,SANTANDER,LUCAS,SAQUE,2022-12-18T03:27:09,4498.36
4110,7,SANTANDER,LUCAS,SAQUE,2022-04-17T04:40:25,1004.37
1520,1,SANTANDER,JOAO,DEPOSITO,2022-11-30T11:15:09,7121.06
1044,2,SANTANDER,FELIPE,DEPOSITO,2022-01-05T23:48:36,8403.47
1520,1,SANTANDER,JOAO,SAQUE,2022-11-21T06:49:44,8712.53
3320,4,SANTANDER,MARIA,SAQUE,2022-03-23T19:00:51,194.0
2750,5,SANTANDER,ANA,SAQUE,2022-08-23T02:49:23,962.96
4110,7,SANTANDER,LUCAS,DEPOSITO,2022-07-29T20:08:52,1634.11
1260,8,SANTANDER,BEATRIZ,DEPOSITO,2022-06-23T02:17:58,4632.75
3090,6,SANTANDER,PEDRO,SAQUE,2022-11-25T05:48:35,5154.87
4110,7,SANTANDER,LUCAS,SAQUE,2022-07-27T18:33:30,3467.48
1810,3,SANTANDER,CARLOS,SAQUE,2022-03-16T20:37:41,1634.24
3320,4,SANTANDER,MARIA,SAQUE,2022-10-08T19:19:33,6461.04
1260,8,SANTANDER,BEATRIZ,SAQUE,2022-02-17T14:17:47,2741.58
4110,7,SANTANDER,LUCAS,SAQUE,2022-11-26T20:57:45,9219.2
3090,6,SANTANDER,PEDRO,DEPOSITO,2022-01-30T08:24:25,5230.18
2870,9,SANTANDER,PAULO,SAQUE,2022-07-08T02:28:00,2804.64
1044,2,SANTANDER,FELIPE,DEPOSITO,2022-01-21T01:05:36,7343.84
2750,5,SANTANDER,ANA,SAQUE,2022-05-26T04:04:12,2853.42
2220,2,SANTANDER,JULIA,DEPOSITO,2022-03-23T13:15:13,4679.9
1810,3,SANTANDER,CARLOS,SAQUE,2022-07-23T23:38:00,3584.18
2750,5,SANTANDER,ANA,DEPOSITO,2022-01-26T23:34:55,7033.98
2870,9,SANTANDER,PAULO,SAQUE,2022-11-21T17:45:51,6362.19
3090,6,SANTANDER,PEDRO,DEPOSITO,2022-01-25T02:30:37,5115.59
1044,2,SANTANDER,FELIPE,DEPOSITO,2022-10-30T18:07:04,46.49
1044,2,SANTANDER,FELIPE,DEPOSITO,2022-08-03T15:19:27,472.38
3320,4,SANTANDER,MARIA,DEPOSITO,2022-11-15T23:01:36,7672.34
3090,6,SANTANDER,PEDRO,DEPOSITO,2022-08-22T19:19:46,1382.82
1260,8,SANTANDER,BEATRIZ,DEPOSITO,2022-02-02T02:45:42,7663.98
4110,7,SANTANDER,LUCAS,SAQUE,2022-08-28T01:52:45,9558.59
3090,6,SANTANDER,PEDRO,DEPOSITO,2022-08-03T13:09:54,1217.49
2750,5,SANTANDER,ANA,DEPOSITO,2022-02-20T01:43:22,8532.64
4110,7,SANTANDER,LUCAS,DEPOSITO,2022-04-26T01:50:52,6900.05
1260,8,SANTANDER,BEATRIZ,DEPOSITO,2022-05-31T22:10:15,6920.65
1520,1,SANTANDER,JOAO,DEPOSITO,2022-05-26T05:44:55,4045.3
1044,2,SANTANDER,FELIPE,DEPOSITO,2022-08-14T15:58:50,7112.15
1260,8,SANTANDER,BEATRIZ,DEPOSITO,2022-11-16T10:36:05,333.51
1260,8,SANTANDER,BEATRIZ,SAQUE,2022-08-09T21:27:09,3939.66
3090,6,SANTANDER,PEDRO,SAQUE,2022-11-07T17:06:16,1656.26
2750,5,SANTANDER,ANA,SAQUE,2022-04-16T22:33:13,6760.16
4110,7,SANTANDER,LUCAS,SAQUE,2022-07-11T15:44:26,5916.66
1520,1,SANTANDER,JOAO,SAQUE,2022-06-02T18:19:38,3629.78
3320,4,SANTANDER,MARIA,DEPOSITO,2022-11-21T20:44:06,2805.32
1520,1,SANTANDER,JOAO,SAQUE,2022-12-28T15:49:50,7996.74
2220,2,SANTANDER,JULIA,SAQUE,2022-11-28T22:53:51,497.77
4110,7,SANTANDER,LUCAS,DEPOSITO,2022-04-23T23:13:14,8524.4
3320,4,SANTANDER,MARIA,DEPOSITO,2022-08-09T12:25:37,90.71
3090,6,SANTANDER,PEDRO,SAQUE,2022-04-18T11:31:00,1555.43
1260,8,SANTANDER,BEATRIZ,SAQUE,2022-04-11T16:34:03,2083.53
1810,3,SANTANDER,CARLOS,DEPOSITO,2022-01-13T21:59:11,5952.12
1044,2,SANTANDER,FELIPE,DEPOSITO,2022-11-16T07:55:50,4905.79
2750,5,SANTANDER,ANA,SAQUE,2022-10-24T06:06:12,9473.88
1810,3,SANTANDER,CARLOS,SAQUE,2022-04-03T23:10:02,8312.63
2870,9,SANTANDER,PAULO,SAQUE,2022-12-02T10:21:50,4161.38
2220,2,SANTANDER,JULIA,DEPOSITO,2022-03-30T10:11:06,8985.04
2750,5,SANTANDER,ANA,SAQUE,2022-12-17T21:27:12,4351.12
2870,9,SANTANDER,PAULO,DEPOSITO,2022-12-13T08:16:12,4725.18
2220,2,SANTANDER,JULIA,DEPOSITO,2022-06-19T16:19:07,892.62
1260,8,SANTANDER,BEATRIZ,SAQUE,2022-12-15T08:45:20,6761.52
1520,1,SANTANDER,JOAO,DEPOSITO,2022-10-25T02:23:21,3859.14
1044,2,SANTANDER,FELIPE,DEPOSITO,2022-01-08T14:21:56,5907.16
1810,3,SANTANDER,CARLOS,DEPOSITO,2022-11-24T13:55:29,6554.33
2870,9,SANTANDER,PAULO,SAQUE,2022-01-18T01:09:44,6986.68
2750,5,SANTANDER,ANA,SAQUE,2022-01-12T09:32:10,5965.9
2220,2,SANTANDER,JULIA,DEPOSITO,2022-04-24T14:38:54,8468.0
2220,2,SANTANDER,JULIA,SAQUE,2022-04-14T16:43:10,8033.47
1260,8,SANTANDER,BEATRIZ,SAQUE,2022-02-26T21:52:08,6293.36
1260,8,SANTANDER,BEATRIZ,DEPOSITO,2022-09-24T11:32:26,1516.76
3320,4,SANTANDER,MARIA,SAQUE,2022-10-24T16:50:31,7859.76
1520,1,SANTANDER,JOAO,DEPOSITO,2022-09-19T05:41:42,2217.56
2750,5,SANTANDER,ANA,DEPOSITO,2022-08-16T22:12:01,5860.57
1810,3,SANTANDER,CARLOS,DEPOSITO,2022-03-27T03:00:53,3409.37
2870,9,SANTANDER,PAULO,SAQUE,2022-08-25T22:41:50,2985.63
1810,3,SANTANDER,CARLOS,SAQUE,2022-08-02T22:41:06,6096.48
1260,8,SANTANDER,BEATRIZ,SAQUE,2022-06-28T07:45:43,2392.77
4110,7,SANTANDER,LUCAS,SAQUE,2022-03-26T10:59:02,7512.18
2220,2,SANTANDER,JULIA,DEPOSITO,2022-06-28T01:59:41,9029.91
2750,5,SANTANDER,ANA,DEPOSITO,2022-12-25T18:22:01,3390.68
1260,8,SANTANDER,BEATRIZ,SAQUE,2022-02-09T15:47:43,5157.03
3320,4,SANTANDER,MARIA,SAQUE,2022-10-11T02:45:29,312.94
2870,9,SANTANDER,PAULO,DEPOSITO,2022-07-08T23:19:55,8733.6
4110,7,SANTANDER,LUCAS,DEPOSITO,2022-02-03T18:31:07,393.66
4110,7,SANTANDER,LUCAS,SAQUE,2022-08-06T03:48:59,1496.96
4110,7,SANTANDER,LUCAS,DEPOSITO,2022-11-15T08:31:26,553.99
4110,7,SANTANDER,LUCAS,SAQUE,2022-10-28T16:50:36,1223.83
2750,5,SANTANDER,ANA,SAQUE,2022-01-30T15:40:04,4427.86
4110,7,SANTANDER,LUCAS,SAQUE,2022-10-07T03:26:09,277.68
3320,4,SANTANDER,MARIA,SAQUE,2022-05-23T21:17:44,6698.12
4110,7,SANTANDER,LUCAS,DEPOSITO,2022-05-31T06:55:03,5664.86
2750,5,SANTANDER,ANA,SAQUE,2022-09-30T09:15:00,660.95
3090,6,SANTANDER,PEDRO,DEPOSITO,2022-01-23T03:11:55,712.85
3320,4,SANTANDER,MARIA,DEPOSITO,2022-05-26T05:21:27,7976.69
3090,6,SANTANDER,PEDRO,DEPOSITO,2022-06-10T00:13:25,4182.29
1810,3,SANTANDER,CARLOS,DEPOSITO,2022-02-22T17:38:24,3690.98
4110,7,SANTANDER,LUCAS,DEPOSITO,2022-01-22T09:29:25,8487.08
4110,7,SANTANDER,LUCAS,SAQUE,2022-02-15T05:10:06,779.2
1044,2,SANTANDER,FELIPE,DEPOSITO,2022-11-11T19:12:10,475.04
1810,3,SANTANDER,CARLOS,SAQUE,2022-05-18T02:26:19,1725.65
1520,1,SANTANDER,JOAO,DEPOSITO,2022-12-24T23:51:22,4053.76
3320,4,SANTANDER,MARIA,SAQUE,2022-08-29T23:19:46,2760.56
2750,5,SANTANDER,ANA,DEPOSITO,2022-03-12T03:45:56,2326.49
1520,1,SANTANDER,JOAO,SAQUE,2022-05-25T01:53:20,9699.24
1044,2,SANTANDER,FELIPE,DEPOSITO,2022-08-15T06:25:49,930.35
1044,2,SANTANDER,FELIPE,SAQUE,2022-08-16T09:46:17,5114.06
3320,4,SANTANDER,MARIA,DEPOSITO,2022-04-19T10:11:13,3530.92
2220,2,SANTANDER,JULIA,SAQUE,2022-12-14T12:19:41,8037.21
3320,4,SANTANDER,MARIA,SAQUE,2022-02-11T02:00:51,7834.26
2870,9,SANTANDER,PAULO,SAQUE,2022-10-21T13:24:19,3354.34
1810,3,SANTANDER,CARLOS,DEPOSITO,2022-07-26T16:16:29,6353.36
1520,1,SANTANDER,JOAO,SAQUE,2022-03-15T05:40:19,2515.78
1044,2,SANTANDER,FELIPE,DEPOSITO,2022-07-17T10:09:33,5630.72
1520,1,SANTANDER,JOAO,SAQUE,2022-11-26T00:46:12,7611.48
2870,9,SANTANDER,PAULO,DEPOSITO,2022-11-14T18:51:22,1059.55
2750,5,SANTANDER,ANA,DEPOSITO,2022-06-09T13:16:40,1524.44
4110,7,SANTANDER,LUCAS,DEPOSITO,2022-03-30T14:20:37,5945.69
4110,7,SANTANDER,LUCAS,DEPOSITO,2022-10-23T04:21:14,3399.94
3320,4,SANTANDER,MARIA,DEPOSITO,2022-07-31T13:50:32,786.4
3320,4,SANTANDER,MARIA,DEPOSITO,2022-11-14T06:43:06,9405.44
3320,4,SANTANDER,MARIA,SAQUE,2022-04-09T10:05:56,7726.44
1810,3,SANTANDER,CARLOS,SAQUE,2022-10-13T01:55:59,2444.97
2750,5,SANTANDER,ANA,SAQUE,2022-04-11T05:23:09,7052.25
2750,5,SANTANDER,ANA,DEPOSITO,2022-07-12T17:39:46,8289.98
1260,8,SANTANDER,BEATRIZ,SAQUE,2022-10-09T20:14:32,6406.65
2870,9,SANTANDER,PAULO,DEPOSITO,2022-02-20T09:34:37,5770.97
3320,4,SANTANDER,MARIA,DEPOSITO,2022-10-09T19:34:43,4457.49
1520,1,SANTANDER,JOAO,SAQUE,2022-01-10T23:50:16,7657.01
4110,7,SANTANDER,LUCAS,SAQUE,2022-09-21T01:41:26,6912.17
3090,6,SANTANDER,PEDRO,SAQUE,2022-05-21T20:27:04,9158.3
4110,7,SANTANDER,LUCAS,SAQUE,2022-02-22T16:51:39,8711.58
3090,6,SANTANDER,PEDRO,SAQUE,2022-10-13T16:34:59,7532.83
1260,8,SANTANDER,BEATRIZ,SAQUE,2022-12-18T22:52:16,8163.99
4110,7,SANTANDER,LUCAS,SAQUE,2022-08-01T02:28:02,2193.73
2750,5,SANTANDER,ANA,SAQUE,2022-04-23T03:40:04,7867.68
1810,3,SANTANDER,CARLOS,DEPOSITO,2022-08-22T05:17:43,9592.31
1260,8,SANTANDER,BEATRIZ,DEPOSITO,2022-08-08T16:14:07,2255.66
3320,4,SANTANDER,MARIA,DEPOSITO,2022-04-29T14:15:24,1980.74
2750,5,SANTANDER,ANA,SAQUE,2022-08-02T08:46:11,6915.65
2750,5,SANTANDER,ANA,SAQUE,2022-03-30T21:17:12,7659.18
2750,5,SANTANDER,ANA,SAQUE,2022-07-20T15:22:53,5024.16
2220,2,SANTANDER,JULIA,SAQUE,2022-02-27T15:59:18,5025.31
2750,5,SANTANDER,ANA,SAQUE,2022-10-04T20:08:51,388.08
2870,9,SANTANDER,PAULO,DEPOSITO,2022-11-01T09:20:28,2954.61
2870,9,SANTANDER,PAULO,SAQUE,2022-08-14T09:19:34,2140.39
1810,3,SANTANDER,CARLOS,DEPOSITO,2022-03-12T20:53:42,6439.44
3090,6,SANTANDER,PEDRO,DEPOSITO,2022-02-10T10:09:49,2585.55
3090,6,SANTANDER,PEDRO,DEPOSITO,2022-08-10T02:59:59,45.98
3320,4,SANTANDER,MARIA,SAQUE,2022-02-18T19:24:52,987.47
1520,1,SANTANDER,JOAO,DEPOSITO,2022-09-02T04:42:39,2436.55
1260,8,SANTANDER,BEATRIZ,DEPOSITO,2022-05-10T16:26:37,2095.17
4110,7,SANTANDER,LUCAS,DEPOSITO,2022-12-24T02:11:23,2833.29
3090,6,SANTANDER,PEDRO,SAQUE,2022-09-03T16:46:36,4341.64
2750,5,SANTANDER,ANA,DEPOSITO,2022-05-30T13:58:04,2092.22
2750,5,SANTANDER,ANA,DEPOSITO,2022-10-13T23:32:51,9630.08
1044,2,SANTANDER,FELIPE,DEPOSITO,2022-03-14T16:03:44,8894.43
2750,5,SANTANDER,ANA,SAQUE,2022-01-29T16:15:33,3990.29
2750,5,SANTANDER,ANA,DEPOSITO,2022-05-07T20:27:43,1023.85
3320,4,SANTANDER,MARIA,SAQUE,2022-08-22T12:25:42,2557.53
1044,2,SANTANDER,FELIPE,DEPOSITO,2022-11-01T19:28:21,5663.8
1520,1,SANTANDER,JOAO,DEPOSITO,2022-07-17T19:44:11,6669.37
3320,4,SANTANDER,MARIA,DEPOSITO,2022-05-17T23:14:43,7130.87
1520,1,SANTANDER,JOAO,SAQUE,2022-02-19T04:44:54,2587.88
1260,8,SANTANDER,BEATRIZ,DEPOSITO,2022-01-10T07:33:08,1689.06
1044,2,SANTANDER,FELIPE,SAQUE,2022-03-05T17:26:44,4720.52
2750,5,SANTANDER,ANA,DEPOSITO,2022-10-29T17:59:08,4247.74
1520,1,SANTANDER,JOAO,DEPOSITO,2022-04-02T06:30:37,7746.08
2750,5,SANTANDER,ANA,DEPOSITO,2022-11-30T11:21:42,6558.6
2870,9,SANTANDER,PAULO,DEPOSITO,2022-09-02T09:52:24,7831.81
4110,7,SANTANDER,LUCAS,SAQUE,2022-07-15T03:15:49,4853.19
3090,6,SANTANDER,PEDRO,SAQUE,2022-06-28T19:32:44,2219.59
2750,5,SANTANDER,ANA,DEPOSITO,2022-06-24T14:27:06,6536.73
1810,3,SANTANDER,CARLOS,SAQUE,2022-05-28T16:09:56,7606.1
4110,7,SANTANDER,LUCAS,DEPOSITO,2022-09-07T05:56:08,6346.27
1810,3,SANTANDER,CARLOS,SAQUE,2022-09-15T09:44:26,8293.14
2750,5,SANTANDER,ANA,SAQUE,2022-04-04T09:47:37,4350.91
2870,9,SANTANDER,PAULO,DEPOSITO,2022-01-16T23:28:48,4099.5
2750,5,SANTANDER,ANA,DEPOSITO,2022-05-01T07:33:50,8660.95
2220,2,SANTANDER,JULIA,DEPOSITO,2022-03-09T06:09:38,8682.61
3090,6,SANTANDER,PEDRO,DEPOSITO,2022-11-16T10:25:26,2133.16
1520,1,SANTANDER,JOAO,DEPOSITO,2022-10-21T07:12:43,7618.37
2870,9,SANTANDER,PAULO,SAQUE,2022-06-25T14:45:38,6623.6
1044,2,SANTANDER,FELIPE,SAQUE,2022-07-27T02:29:58,1597.72
1260,8,SANTANDER,BEATRIZ,SAQUE,2022-10-27T04:43:20,3996.96
1044,2,SANTANDER,FELIPE,DEPOSITO,2022-03-04T05:45:42,7490.64
3320,4,SANTANDER,MARIA,SAQUE,2022-10-20T23:00:02,1566.56
3320,4,SANTANDER,MARIA,DEPOSITO,2022-10-29T09:56:53,8312.11
3320,4,SANTANDER,MARIA,DEPOSITO,2022-06-21T09:56:58,7753.74
3090,6,SANTANDER,PEDRO,DEPOSITO,2022-11-29T10:11:56,3840.45
1260,8,SANTANDER,BEATRIZ,SAQUE,2022-10-05T06:22:02,5187.72
2750,5,SANTANDER,ANA,DEPOSITO,2022-04-02T09:00:46,5921.96
1810,3,SANTANDER,CARLOS,SAQUE,2022-04-23T19:07:35,8163.32
1260,8,SANTANDER,BEATRIZ,DEPOSITO,2022-02-02T00:16:41,2353.83
3090,6,SANTANDER,PEDRO,DEPOSITO,2022-06-09T23:52:50,6180.35
2870,9,SANTANDER,PAULO,DEPOSITO,2022-11-24T08:41:42,4913.62
2750,5,SANTANDER,ANA,SAQUE,2022-09-14T03:38:14,4724.18
1810,3,SANTANDER,CARLOS,DEPOSITO,2022-01-21T09:14:13,1472.97
2750,5,SANTANDER,ANA,SAQUE,2022-10-23T02:07:44,5432.53
2870,9,SANTANDER,PAULO,DEPOSITO,2022-04-09T18:40:38,4791.19
2870,9,SANTANDER,PAULO,SAQUE,2022-08-30T18:12:34,6540.98
2220,2,SANTANDER,JULIA,DEPOSITO,2022-07-02T11:30:18,4708.52
3320,4,SANTANDER,MARIA,DEPOSITO,2022-01-06T03:03:43,7727.29
1260,8,SANTANDER,BEATRIZ,SAQUE,2022-12-13T01:32:33,6955.87
4110,7,SANTANDER,LUCAS,SAQUE,2022-08-08T21:22:20,1326.35
2750,5,SANTANDER,ANA,DEPOSITO,2022-07-14T16:41:36,9846.64
4110,7,SANTANDER,LUCAS,DEPOSITO,2022-05-16T20:28:54,9934.11
4110,7,SANTANDER,LUCAS,SAQUE,2022-11-13T23:03:05,1927.06
3090,6,SANTANDER,PEDRO,SAQUE,2022-08-07T23:54:37,214.11
1260,8,SANTANDER,BEATRIZ,SAQUE,2022-04-27T03:36:02,9698.41
2870,9,SANTANDER,PAULO,SAQUE,2022-05-06T15:33:50,3746.93
2870,9,SANTANDER,PAULO,DEPOSITO,2022-08-28T11:01:43,5620.49
1810,3,SANTANDER,CARLOS,SAQUE,2022-02-06T23:49:48,4099.15
2750,5,SANTANDER,ANA,DEPOSITO,2022-12-21T02:47:25,4685.3
2750,5,SANTANDER,ANA,DEPOSITO,2022-01-15T14:39:28,3930.77
1810,3,SANTANDER,CARLOS,SAQUE,2022-08-06T04:03:20,6460.66
2870,9,SANTANDER,PAULO,DEPOSITO,2022-09-19T15:02:19,2613.45
1520,1,SANTANDER,JOAO,DEPOSITO,2022-02-21T03:22:01,5925.63
1044,2,SANTANDER,FELIPE,SAQUE,2022-12-18T01:07:23,5056.12
2750,5,SANTANDER,ANA,SAQUE,2022-10-07T22:59:33,3281.99
2870,9,SANTANDER,PAULO,DEPOSITO,2022-05-16T23:56:51,1243.33
2870,9,SANTANDER,PAULO,DEPOSITO,2022-12-11T19:39:06,552.1
2750,5,SANTANDER,ANA,SAQUE,2022-06-06T05:10:44,5050.59
1260,8,SANTANDER,BEATRIZ,DEPOSITO,2022-02-16T15:29:38,243.0
2220,2,SANTANDER,JULIA,SAQUE,2022-02-05T13:46:57,7255.87
2750,5,SANTANDER,ANA,SAQUE,2022-05-03T13:02:25,278.62
2220,2,SANTANDER,JULIA,SAQUE,2022-11-09T10:22:08,1453.22
1810,3,SANTANDER,CARLOS,SAQUE,2022-02-03T20:17:34,4554.65
1260,8,SANTANDER,BEATRIZ,DEPOSITO,2022-07-07T23:51:22,725.1
1044,2,SANTANDER,FELIPE,DEPOSITO,2022-12-25T02:33:15,7924.36
2870,9,SANTANDER,PAULO,SAQUE,2022-11-13T23:47:34,4490.75
4110,7,SANTANDER,LUCAS,SAQUE,2022-11-12T21:58:00,6675.84
1810,3,SANTANDER,CARLOS,DEPOSITO,2022-02-06T02:16:57,7012.22
2870,9,SANTANDER,PAULO,DEPOSITO,2022-11-13T18:50:44,331.15
1044,2,SANTANDER,FELIPE,DEPOSITO,2022-02-17T12:06:49,8861.72
2750,5,SANTANDER,ANA,DEPOSITO,2022-04-10T02:04:52,740.85
2870,9,SANTANDER,PAULO,DEPOSITO,2022-03-13T02:08:00,4863.06
2870,9,SANTANDER,PAULO,DEPOSITO,2022-07-16T13:26:39,913.96
3090,6,SANTANDER,PEDRO,DEPOSITO,2022-03-27T12:27:55,6105.73
1520,1,SANTANDER,JOAO,DEPOSITO,2022-11-25T09:08:56,242.85
3090,6,SANTANDER,PEDRO,SAQUE,2022-07-28T17:40:40,1725.5
1260,8,SANTANDER,BEATRIZ,SAQUE,2022-08-08T08:34:35,7812.27
3320,4,SANTANDER,MARIA,DEPOSITO,2022-08-17T02:11:56,2326.5
2870,9,SANTANDER,PAULO,DEPOSITO,2022-02-06T05:05:59,988.37
3090,6,SANTANDER,PEDRO,SAQUE,2022-03-11T22:31:08,5962.86
1260,8,SANTANDER,BEATRIZ,SAQUE,2022-05-04T06:58:22,3455.53
1520,1,SANTANDER,JOAO,SAQUE,2022-04-17T08:44:09,6195.27
2220,2,SANTANDER,JULIA,DEPOSITO,2022-06-01T21:01:57,4779.28
2750,5,SANTANDER,ANA,DEPOSITO,2022-06-13T02:05:50,5168.33
1044,2,SANTANDER,FELIPE,SAQUE,2022-10-19T16:49:46,9419.97
1810,3,SANTANDER,CARLOS,SAQUE,2022-03-27T16:48:25,1021.28
1810,3,SANTANDER,CARLOS,SAQUE,2022-04-30T04:19:21,7775.11
1044,2,SANTANDER,FELIPE,SAQUE,2022-11-15T08:10:33,3498.99
2750,5,SANTANDER,ANA,DEPOSITO,2022-03-07T14:36:44,1398.26
2220,2,SANTANDER,JULIA,SAQUE,2022-12-28T17:27:15,1218.24
2220,2,SANTANDER,JULIA,DEPOSITO,2022-08-28T09:08:47,1510.67
2220,2,SANTANDER,JULIA,DEPOSITO,2022-03-24T01:50:30,1049.23
1810,3,SANTANDER,CARLOS,DEPOSITO,2022-01-08T14:52:53,5388.34
3090,6,SANTANDER,PEDRO,DEPOSITO,2022-04-21T19:08:40,7794.45
1260,8,SANTANDER,BEATRIZ,SAQUE,2022-04-24T13:19:49,2817.54
2220,2,SANTANDER,JULIA,SAQUE,2022-09-25T09:31:21,5444.36
3090,6,SANTANDER,PEDRO,DEPOSITO,2022-06-25T10:08:18,9383.35
1810,3,SANTANDER,CARLOS,DEPOSITO,2022-10-06T18:17:43,5111.15
2870,9,SANTANDER,PAULO,DEPOSITO,2022-02-12T20:34:55,2236.83
1044,2,SANTANDER,FELIPE,DEPOSITO,2022-09-13T02:15:36,9485.01
2870,9,SANTANDER,PAULO,DEPOSITO,2022-04-05T11:00:34,2238.16
1810,3,SANTANDER,CARLOS,SAQUE,2022-03-22T00:02:23,575.42
1810,3,SANTANDER,CARLOS,DEPOSITO,2022-12-26T01:03:06,1327.74
4110,7,SANTANDER,LUCAS,SAQUE,2022-03-20T14:43:29,8362.98
4110,7,SANTANDER,LUCAS,DEPOSITO,2022-06-17T00:29:36,9857.99
3320,4,SANTANDER,MARIA,SAQUE,2022-07-18T14:08:55,904.44
1260,8,SANTANDER,BEATRIZ,DEPOSITO,2022-07-26T08:07:29,3650.69
2750,5,SANTANDER,ANA,DEPOSITO,2022-11-04T10:45:58,4861.92
2750,5,SANTANDER,ANA,DEPOSITO,2022-12-20T21:47:46,2597.66
3320,4,SANTANDER,MARIA,SAQUE,2022-06-02T21:29:09,956.13
1520,1,SANTANDER,JOAO,DEPOSITO,2022-07-06T14:49:38,198.89
1044,2,SANTANDER,FELIPE,SAQUE,2022-10-22T19:47:25,9590.23
1044,2,SANTANDER,FELIPE,SAQUE,2022-07-17T16:54:17,7323.01
1044,2,SANTANDER,FELIPE,DEPOSITO,2022-10-22T08:18:21,6988.9
1044,2,SANTANDER,FELIPE,DEPOSITO,2022-08-17T20:16:56,8908.96
2870,9,SANTANDER,PAULO,SAQUE,2022-09-11T21:24:00,5974.89
3090,6,SANTANDER,PEDRO,DEPOSITO,2022-05-08T03:26:57,794.47
1810,3,SANTANDER,CARLOS,SAQUE,2022-06-26T14:18:34,9504.31
2220,2,SANTANDER,JULIA,SAQUE,2022-06-29T06:57:31,2397.69
1810,3,SANTANDER,CARLOS,DEPOSITO,2022-07-22T23:58:04,5206.98
2870,9,SANTANDER,PAULO,SAQUE,2022-05-27T11:14:32,964.1
1260,8,SANTANDER,BEATRIZ,SAQUE,2022-01-21T14:36:13,789.05
1810,3,SANTANDER,CARLOS,SAQUE,2022-06-03T18:40:19,3866.8
2750,5,SANTANDER,ANA,SAQUE,2022-05-19T17:20:12,1108.44
1810,3,SANTANDER,CARLOS,DEPOSITO,2022-10-05T10:54:35,8266.43
1810,3,SANTANDER,CARLOS,SAQUE,2022-05-26T13:58:02,2002.29
1810,3,SANTANDER,CARLOS,DEPOSITO,2022-05-28T05:25:38,2289.52
3320,4,SANTANDER,MARIA,DEPOSITO,2022-01-30T05:25:20,4432.68
1260,8,SANTANDER,BEATRIZ,DEPOSITO,2022-04-04T21:40:43,671.14
1260,8,SANTANDER,BEATRIZ,DEPOSITO,2022-08-17T20:38:37,8830.47
2750,5,SANTANDER,ANA,DEPOSITO,2022-12-31T05:48:56,5801.2
2870,9,SANTANDER,PAULO,SAQUE,2022-11-14T13:44:35,1028.67
1810,3,SANTANDER,CARLOS,SAQUE,2022-02-06T15:05:34,9889.95
4110,7,SANTANDER,LUCAS,DEPOSITO,2022-03-07T12:32:00,8889.16
2870,9,SANTANDER,PAULO,DEPOSITO,2022-05-14T08:26:29,6579.27
3320,4,SANTANDER,MARIA,SAQUE,2022-08-08T01:03:44,922.8
2220,2,SANTANDER,JULIA,SAQUE,2022-03-25T19:44:00,2263.07
3320,4,SANTANDER,MARIA,DEPOSITO,2022-07-08T23:30:13,1740.6
2870,9,SANTANDER,PAULO,SAQUE,2022-02-17T19:52:38,3279.33
1260,8,SANTANDER,BEATRIZ,SAQUE,2022-04-15T15:31:07,6242.23
1260,8,SANTANDER,BEATRIZ,SAQUE,2022-08-19T02:10:09,8432.77
1810,3,SANTANDER,CARLOS,DEPOSITO,2022-02-24T15:09:35,7265.59
2750,5,SANTANDER,ANA,DEPOSITO,2022-06-02T09:53:22,492.24
3090,6,SANTANDER,PEDRO,SAQUE,2022-08-22T19:15:37,8383.13
1260,8,SANTANDER,BEATRIZ,SAQUE,2022-05-05T02:18:28,6094.57
2220,2,SANTANDER,JULIA,SAQUE,2022-05-02T16:23:00,6369.34
1260,8,SANTANDER,BEATRIZ,DEPOSITO,2022-08-07T07:45:36,6831.35
4110,7,SANTANDER,LUCAS,SAQUE,2022-07-26T06:47:44,8307.06
3090,6,SANTANDER,PEDRO,SAQUE,2022-09-09T06:42:18,603.53
1260,8,SANTANDER,BEATRIZ,DEPOSITO,2022-07-28T11:50:20,8605.66
1260,8,SANTANDER,BEATRIZ,DEPOSITO,2022-08-29T13:34:11,1339.66
1810,3,SANTANDER,CARLOS,DEPOSITO,2022-09-24T13:42:17,456.6
1260,8,SANTANDER,BEATRIZ,DEPOSITO,2022-04-25T09:11:47,9054.14
2750,5,SANTANDER,ANA,DEPOSITO,2022-08-15T12:05:54,9026.67
1520,1,SANTANDER,JOAO,DEPOSITO,2022-03-21T00:58:59,4930.8
2220,2,SANTANDER,JULIA,DEPOSITO,2022-03-22T18:04:37,4465.29
2220,2,SANTANDER,JULIA,DEPOSITO,2022-07-08T06:59:41,5693.69
4110,7,SANTANDER,LUCAS,DEPOSITO,2022-01-20T05:04:13,8213.98
3320,4,SANTANDER,MARIA,SAQUE,2022-03-16T11:57:24,3757.15
2750,5,SANTANDER,ANA,DEPOSITO,2022-07-01T06:39:48,3527.37
4110,7,SANTANDER,LUCAS,SAQUE,2022-05-16T09:14:02,3515.34
3090,6,SANTANDER,PEDRO,SAQUE,2022-05-13T11:18:47,8951.52
3320,4,SANTANDER,MARIA,DEPOSITO,2022-05-21T08:00:41,2579.3
2220,2,SANTANDER,JULIA,SAQUE,2022-12-21T23:51:36,3774.56
4110,7,SANTANDER,LUCAS,SAQUE,2022-08-16T20:20:42,9598.63
1260,8,SANTANDER,BEATRIZ,DEPOSITO,2022-01-18T19:43:33,917.08
1810,3,SANTANDER,CARLOS,SAQUE,2022-04-13T13:10:01,2691.38
3320,4,SANTANDER,MARIA,DEPOSITO,2022-08-26T10:30:35,9315.09
1260,8,SANTANDER,BEATRIZ,SAQUE,2022-01-16T14:17:26,7450.1
1520,1,SANTANDER,JOAO,SAQUE,2022-12-17T23:37:02,2623.51
1810,3,SANTANDER,CARLOS,SAQUE,2022-09-01T16:16:24,8699.22
3090,6,SANTANDER,PEDRO,DEPOSITO,2022-02-07T13:24:09,311.43
3090,6,SANTANDER,PEDRO,DEPOSITO,2022-11-27T10:28:56,5148.09
2750,5,SANTANDER,ANA,DEPOSITO,2022-10-10T08:57:56,4588.52
4110,7,SANTANDER,LUCAS,SAQUE,2022-02-07T03:45:57,201.25
2750,5,SANTANDER,ANA,SAQUE,2022-07-02T00:59:36,6294.22
1260,8,SANTANDER,BEATRIZ,SAQUE,2022-09-06T15:20:16,5287.75
3090,6,SANTANDER,PEDRO,SAQUE,2022-11-04T03:53:48,2632.81
2220,2,SANTANDER,JULIA,DEPOSITO,2022-10-17T12:42:53,7975.34
2750,5,SANTANDER,ANA,DEPOSITO,2022-09-11T00:22:00,4451.34
1044,2,SANTANDER,FELIPE,DEPOSITO,2022-02-05T15:30:10,565.75
1520,1,SANTANDER,JOAO,DEPOSITO,2022-03-12T13:57:02,1057.99
2220,2,SANTANDER,JULIA,DEPOSITO,2022-06-09T09:45:33,6384.08
1044,2,SANTANDER,FELIPE,DEPOSITO,2022-04-01T08:31:19,406.42
1044,2,SANTANDER,FELIPE,DEPOSITO,2022-10-07T03:51:58,3201.01
1044,2,SANTANDER,FELIPE,DEPOSITO,2022-01-15T02:14:31,9635.38
2870,9,SANTANDER,PAULO,DEPOSITO,2022-05-01T18:23:31,9216.58
2870,9,SANTANDER,PAULO,SAQUE,2022-01-01T10:40:52,5576.53
2750,5,SANTANDER,ANA,SAQUE,2022-05-03T20:19:32,2656.37
1044,2,SANTANDER,FELIPE,SAQUE,2022-04-25T07:31:08,4356.51
2750,5,SANTANDER,ANA,DEPOSITO,2022-11-04T15:54:38,4545.64
3090,6,SANTANDER,PEDRO,SAQUE,2022-04-21T01:30:49,744.18
1810,3,SANTANDER,CARLOS,SAQUE,2022-06-05T17:58:03,3190.4
4110,7,SANTANDER,LUCAS,SAQUE,2022-08-28T23:02:33,5289.44
1520,1,SANTANDER,JOAO,DEPOSITO,2022-05-23T22:10:17,6076.88
1810,3,SANTANDER,CARLOS,DEPOSITO,2022-10-06T05:15:17,2544.41
1044,2,SANTANDER,FELIPE,DEPOSITO,2022-11-19T19:00:23,9899.6
3320,4,SANTANDER,MARIA,DEPOSITO,2022-02-17T17:04:48,4314.23
2870,9,SANTANDER,PAULO,SAQUE,2022-03-26T16:06:14,4678.87
4110,7,SANTANDER,LUCAS,SAQUE,2022-08-04T13:37:25,6884.1
2870,9,SANTANDER,PAULO,DEPOSITO,2022-04-03T14:59:32,6067.86
1520,1,SANTANDER,JOAO,SAQUE,2022-07-03T17:28:19,4415.62
2220,2,SANTANDER,JULIA,SAQUE,2022-08-21T09:09:01,1642.62
1260,8,SANTANDER,BEATRIZ,DEPOSITO,2022-04-26T21:59:32,9660.15
2220,2,SANTANDER,JULIA,DEPOSITO,2022-05-14T17:58:51,5257.28
1044,2,SANTANDER,FELIPE,DEPOSITO,2022-08-10T20:21:45,6288.21
3320,4,SANTANDER,MARIA,SAQUE,2022-03-11T15:30:18,7483.7
1044,2,SANTANDER,FELIPE,SAQUE,2022-08-06T12:10:18,5252.05
2220,2,SANTANDER,JULIA,SAQUE,2022-03-13T07:09:12,1109.13
1044,2,SANTANDER,FELIPE,DEPOSITO,2022-05-06T22:53:50,2094.92
1260,8,SANTANDER,BEATRIZ,DEPOSITO,2022-09-09T03:18:40,6081.69
1810,3,SANTANDER,CARLOS,SAQUE,2022-06-21T10:18:45,116.53
3090,6,SANTANDER,PEDRO,DEPOSITO,2022-11-28T17:03:32,4110.1
4110,7,SANTANDER,LUCAS,DEPOSITO,2022-03-28T09:26:59,3019.08
3320,4,SANTANDER,MARIA,SAQUE,2022-09-22T13:29:24,2185.07
2750,5,SANTANDER,ANA,SAQUE,2022-11-21T04:43:08,1588.08
1044,2,SANTANDER,FELIPE,SAQUE,2022-10-21T16:42:50,720.86
2750,5,SANTANDER,ANA,DEPOSITO,2022-04-13T15:30:14,1792.69
1044,2,SANTANDER,FELIPE,SAQUE,2022-09-12T04:20:22,5690.82
2750,5,SANTANDER,ANA,DEPOSITO,2022-12-24T18:03:28,5615.33
3090,6,SANTANDER,PEDRO,SAQUE,2022-02-16T09:41:05,6821.96
2870,9,SANTANDER,PAULO,SAQUE,2022-06-01T21:50:33,6149.53
3320,4,SANTANDER,MARIA,DEPOSITO,2022-01-21T22:11:59,8117.32
2870,9,SANTANDER,PAULO,DEPOSITO,2022-01-11T21:52:38,7650.16
1044,2,SANTANDER,FELIPE,SAQUE,2022-03-10T04:45:58,8764.68
1260,8,SANTANDER,BEATRIZ,SAQUE,2022-04-12T07:30:57,6396.24
1810,3,SANTANDER,CARLOS,SAQUE,2022-11-27T15:24:46,9925.77
2750,5,SANTANDER,ANA,SAQUE,2022-11-18T13:14:57,5120.07
3320,4,SANTANDER,MARIA,DEPOSITO,2022-02-21T17:21:38,2928.78
2220,2,SANTANDER,JULIA,SAQUE,2022-09-22T03:20:01,3248.97
3320,4,SANTANDER,MARIA,SAQUE,2022-11-15T00:55:11,8348.97
3320,4,SANTANDER,MARIA,SAQUE,2022-04-27T22:57:29,818.27
2870,9,SANTANDER,PAULO,SAQUE,2022-05-04T10:03:32,254.28
1044,2,SANTANDER,FELIPE,SAQUE,2022-07-14T02:40:45,7123.75
2870,9,SANTANDER,PAULO,DEPOSITO,2022-10-05T15:04:09,2909.94
1810,3,SANTANDER,CARLOS,SAQUE,2022-01-29T05:16:14,5165.0
1260,8,SANTANDER,BEATRIZ,SAQUE,2022-02-16T20:31:00,1239.25
1520,1,SANTANDER,JOAO,DEPOSITO,2022-12-02T10:56:12,4295.72
1520,1,SANTANDER,JOAO,DEPOSITO,2022-06-06T12:27:29,3455.1
3320,4,SANTANDER,MARIA,DEPOSITO,2022-08-22T15:37:19,2288.19
4110,7,SANTANDER,LUCAS,DEPOSITO,2022-08-21T13:43:43,1528.29
4110,7,SANTANDER,LUCAS,DEPOSITO,2022-03-14T04:12:29,6442.21
1520,1,SANTANDER,JOAO,SAQUE,2022-11-17T23:40:08,7266.02
2220,2,SANTANDER,JULIA,SAQUE,2022-08-11T23:24:35,8789.0
4110,7,SANTANDER,LUCAS,DEPOSITO,2022-05-02T03:07:52,4386.32
1044,2,SANTANDER,FELIPE,SAQUE,2022-01-07T11:36:55,64.72
1520,1,SANTANDER,JOAO,DEPOSITO,2022-10-11T08:37:37,1991.83
3320,4,SANTANDER,MARIA,SAQUE,2022-08-26T23:03:35,9401.92
4110,7,SANTANDER,LUCAS,DEPOSITO,2022-10-29T00:10:22,5455.0
3320,4,SANTANDER,MARIA,SAQUE,2022-06-15T08:58:52,3856.91
2750,5,SANTANDER,ANA,DEPOSITO,2022-11-11T04:47:37,3525.64
2750,5,SANTANDER,ANA,DEPOSITO,2022-01-20T13:39:08,9944.96
2870,9,SANTANDER,PAULO,SAQUE,2022-10-20T17:39:46,2090.15
1044,2,SANTANDER,FELIPE,DEPOSITO,2022-09-02T03:58:10,349.03
1810,3,SANTANDER,CARLOS,DEPOSITO,2022-05-12T00:51:33,5841.97
2220,2,SANTANDER,JULIA,DEPOSITO,2022-10-20T22:33:58,5603.84
1044,2,SANTANDER,FELIPE,SAQUE,2022-10-16T14:04:54,1683.66
2220,2,SANTANDER,JULIA,DEPOSITO,2022-10-26T20:53:29,6119.78
1810,3,SANTANDER,CARLOS,DEPOSITO,2022-09-24T14:35:50,6287.37
2750,5,SANTANDER,ANA,SAQUE,2022-06-24T10:35:51,3717.06
4110,7,SANTANDER,LUCAS,DEPOSITO,2022-04-06T14:52:23,4286.4
2220,2,SANTANDER,JULIA,DEPOSITO,2022-03-17T07:13:39,8732.36
2220,2,SANTANDER,JULIA,SAQUE,2022-05-24T13:19:02,7660.52
2750,5,SANTANDER,ANA,DEPOSITO,2022-02-12T08:11:47,830.87
1810,3,SANTANDER,CARLOS,SAQUE,2022-10-06T14:32:16,6808.48
1044,2,SANTANDER,FELIPE,DEPOSITO,2022-01-15T22:23:59,9849.47
1810,3,SANTANDER,CARLOS,SAQUE,2022-02-01T05:42:14,4788.44
4110,7,SANTANDER,LUCAS,DEPOSITO,2022-02-27T11:47:03,6341.19
2870,9,SANTANDER,PAULO,SAQUE,2022-09-03T12:06:34,5132.91
2870,9,SANTANDER,PAULO,DEPOSITO,2022-05-21T00:13:14,6803.05
3320,4,SANTANDER,MARIA,SAQUE,2022-09-07T02:48:38,4565.11
2750,5,SANTANDER,ANA,SAQUE,2022-10-10T18:06:58,1219.88
2750,5,SANTANDER,ANA,DEPOSITO,2022-06-02T17:26:56,5561.15
1260,8,SANTANDER,BEATRIZ,DEPOSITO,2022-01-26T21:26:38,7129.8
4110,7,SANTANDER,LUCAS,SAQUE,2022-07-01T08:58:30,8729.56
3090,6,SANTANDER,PEDRO,SAQUE,2022-04-18T12:33:04,6570.32
1044,2,SANTANDER,FELIPE,SAQUE,2022-02-09T11:43:32,4181.33
3090,6,SANTANDER,PEDRO,SAQUE,2022-10-09T12:22:25,6289.05
2750,5,SANTANDER,ANA,DEPOSITO,2022-02-25T14:02:48,818.57
2750,5,SANTANDER,ANA,DEPOSITO,2022-12-09T15:32:29,4709.48
1044,2,SANTANDER,FELIPE,DEPOSITO,2022-06-09T07:04:45,2868.93
2870,9,SANTANDER,PAULO,DEPOSITO,2022-08-06T02:22:45,7203.08
2220,2,SANTANDER,JULIA,SAQUE,2022-07-01T04:35:27,8572.81
2220,2,SANTANDER,JULIA,DEPOSITO,2022-03-10T06:34:22,2616.73
1044,2,SANTANDER,FELIPE,SAQUE,2022-12-21T17:04:59,9536.45
4110,7,SANTANDER,LUCAS,DEPOSITO,2022-12-16T10:03:47,6148.42
3090,6,SANTANDER,PEDRO,DEPOSITO,2022-12-30T20:13:56,9717.36
4110,7,SANTANDER,LUCAS,SAQUE,2022-04-12T09:45:38,6342.96
3320,4,SANTANDER,MARIA,DEPOSITO,2022-10-27T09:30:17,6038.85
3320,4,SANTANDER,MARIA,DEPOSITO,2022-03-16T06:24:49,524.34
1260,8,SANTANDER,BEATRIZ,DEPOSITO,2022-06-24T21:16:10,8101.59
2870,9,SANTANDER,PAULO,SAQUE,2022-12-14T09:53:23,7421.07
4110,7,SANTANDER,LUCAS,DEPOSITO,2022-05-02T03:30:55,2103.48
3320,4,SANTANDER,MARIA,DEPOSITO,2022-08-03T21:17:46,9738.74
2870,9,SANTANDER,PAULO,SAQUE,2022-03-06T19:32:54,7820.84
3090,6,SANTANDER,PEDRO,SAQUE,2022-05-01T19:37:41,6878.4
1260,8,SANTANDER,BEATRIZ,SAQUE,2022-09-27T11:46:17,5905.36
2750,5,SANTANDER,ANA,SAQUE,2022-11-19T02:11:28,7969.16
3090,6,SANTANDER,PEDRO,DEPOSITO,2022-07-10T04:45:39,2211.36
3320,4,SANTANDER,MARIA,SAQUE,2022-04-04T07:28:54,9614.79
2220,2,SANTANDER,JULIA,DEPOSITO,2022-05-20T13:41:24,3608.06
1260,8,SANTANDER,BEATRIZ,SAQUE,2022-07-30T22:57:38,8882.9
2750,5,SANTANDER,ANA,SAQUE,2022-02-10T07:42:01,9015.99
1044,2,SANTANDER,FELIPE,SAQUE,2022-09-22T16:13:15,7888.94
2220,2,SANTANDER,JULIA,DEPOSITO,2022-02-17T20:30:23,5313.34
2220,2,SANTANDER,JULIA,SAQUE,2022-06-04T03:55:17,2836.5
3320,4,SANTANDER,MARIA,DEPOSITO,2022-06-16T22:22:44,8048.73
2870,9,SANTANDER,PAULO,DEPOSITO,2022-12-25T14:20:36,6680.31
2870,9,SANTANDER,PAULO,DEPOSITO,2022-01-14T16:06:20,897.04
3090,6,SANTANDER,PEDRO,DEPOSITO,2022-05-03T17:46:29,424.44
2870,9,SANTANDER,PAULO,DEPOSITO,2022-05-09T11:47:41,1027.0
1044,2,SANTANDER,FELIPE,SAQUE,2022-11-27T00:00:16,1787.22
1260,8,SANTANDER,BEATRIZ,SAQUE,2022-10-21T12:53:24,2116.62
2870,9,SANTANDER,PAULO,DEPOSITO,2022-10-01T22:48:26,670.06
3320,4,SANTANDER,MARIA,SAQUE,2022-01-27T16:18:52,188.23
1260,8,SANTANDER,BEATRIZ,SAQUE,2022-08-21T00:38:34,6280.55
1260,8,SANTANDER,BEATRIZ,DEPOSITO,2022-01-10T21:52:15,4959.02
1044,2,SANTANDER,FELIPE,DEPOSITO,2022-06-09T21:44:13,1704.86
3090,6,SANTANDER,PEDRO,DEPOSITO,2022-06-25T15:13:15,5511.33
3090,6,SANTANDER,PEDRO,DEPOSITO,2022-04-10T06:58:50,5992.82
1260,8,SANTANDER,BEATRIZ,DEPOSITO,2022-02-07T16:27:17,3471.52
3090,6,SANTANDER,PEDRO,SAQUE,2022-12-02T09:54:01,8544.74
1260,8,SANTANDER,BEATRIZ,SAQUE,2022-12-08T06:59:26,4423.35
1810,3,SANTANDER,CARLOS,DEPOSITO,2022-01-18T06:02:31,36.49
2870,9,SANTANDER,PAULO,DEPOSITO,2022-11-22T22:01:34,8565.16
2750,5,SANTANDER,ANA,DEPOSITO,2022-06-13T02:05:50,5168.33
1520,1,SANTANDER,JOAO,DEPOSITO,2022-08-17T11:50:09,3301.4
3090,6,SANTANDER,PEDRO,DEPOSITO,2022-06-05T15:39:07,9032.46
3320,4,SANTANDER,MARIA,SAQUE,2022-11-29T19:01:26,9654.3
1260,8,SANTANDER,BEATRIZ,SAQUE,2022-08-07T09:13:11,5456.45
1520,1,SANTANDER,JOAO,SAQUE,2022-11-06T17:11:55,314.37
3090,6,SANTANDER,PEDRO,SAQUE,2022-10-07T08:36:21,5372.98
2220,2,SANTANDER,JULIA,DEPOSITO,2022-12-28T13:14:10,8754.85
1044,2,SANTANDER,FELIPE,DEPOSITO,2022-03-08T10:50:28,9458.1
1260,8,SANTANDER,BEATRIZ,DEPOSITO,2022-11-03T00:45:56,4271.97
1044,2,SANTANDER,FELIPE,DEPOSITO,2022-08-28T05:53:25,8200.8
1810,3,SANTANDER,CARLOS,DEPOSITO,2022-05-29T18:22:42,6776.02
2750,5,SANTANDER,ANA,DEPOSITO,2022-02-12T06:13:16,4173.39
4110,7,SANTANDER,LUCAS,DEPOSITO,2022-02-22T02:18:57,2500.78
3090,6,SANTANDER,PEDRO,DEPOSITO,2022-08-18T23:31:31,4076.29
2220,2,SANTANDER,JULIA,SAQUE,2022-07-31T04:37:05,3108.8
3320,4,SANTANDER,MARIA,SAQUE,2022-12-17T01:02:38,4149.9
1260,8,SANTANDER,BEATRIZ,DEPOSITO,2022-06-13T13:51:42,9251.7
1520,1,SANTANDER,JOAO,DEPOSITO,2022-12-29T02:10:27,4457.27
1260,8,SANTANDER,BEATRIZ,SAQUE,2022-06-24T16:53:30,3105.35
1044,2,SANTANDER,FELIPE,DEPOSITO,2022-09-01T08:22:32,331.39
3320,4,SANTANDER,MARIA,DEPOSITO,2022-03-09T05:15:34,7673.55
1810,3,SANTANDER,CARLOS,DEPOSITO,2022-11-14T13:24:47,4292.65
4110,7,SANTANDER,LUCAS,SAQUE,2022-10-27T18:30:26,2878.01
3320,4,SANTANDER,MARIA,DEPOSITO,2022-06-09T11:33:59,7849.91
3090,6,SANTANDER,PEDRO,SAQUE,2022-05-25T03:31:49,5727.95
3320,4,SANTANDER,MARIA,DEPOSITO,2022-09-18T10:39:01,5100.5
1810,3,SANTANDER,CARLOS,SAQUE,2022-08-26T06:28:49,4822.93
2750,5,SANTANDER,ANA,DEPOSITO,2022-05-24T17:59:07,7149.47
1260,8,SANTANDER,BEATRIZ,DEPOSITO,2022-08-26T03:16:58,3252.87
2870,9,SANTANDER,PAULO,SAQUE,2022-05-19T07:13:18,4685.72
1044,2,SANTANDER,FELIPE,SAQUE,2022-09-20T12:01:06,7094.09
2870,9,SANTANDER,PAULO,SAQUE,2022-02-21T02:39:54,696.33
4110,7,SANTANDER,LUCAS,DEPOSITO,2022-04-23T02:02:13,3498.06
1520,1,SANTANDER,JOAO,DEPOSITO,2022-05-23T11:12:13,8696.61
1520,1,SANTANDER,JOAO,SAQUE,2022-11-11T02:32:23,2894.25
1810,3,SANTANDER,CARLOS,DEPOSITO,2022-06-22T01:36:09,1532.31
2220,2,SANTANDER,JULIA,SAQUE,2022-03-01T10:10:56,4802.7
1810,3,SANTANDER,CARLOS,SAQUE,2022-07-09T20:59:56,6890.42
2220,2,SANTANDER,JULIA,SAQUE,2022-08-09T17:34:32,8055.77
2870,9,SANTANDER,PAULO,SAQUE,2022-06-19T00:28:00,8060.09
3090,6,SANTANDER,PEDRO,SAQUE,2022-08-08T07:03:32,8531.04
1044,2,SANTANDER,FELIPE,DEPOSITO,2022-08-19T20:42:48,7596.68
2870,9,SANTANDER,PAULO,SAQUE,2022-07-21T15:51:52,7552.41
3090,6,SANTANDER,PEDRO,SAQUE,2022-10-14T20:27:51,6252.5
2750,5,SANTANDER,ANA,SAQUE,2022-05-17T03:50:42,9764.06
1520,1,SANTANDER,JOAO,DEPOSITO,2022-11-17T01:21:26,7131.4
2750,5,SANTANDER,ANA,SAQUE,2022-06-11T20:08:11,5609.14
2750,5,SANTANDER,ANA,DEPOSITO,2022-05-06T06:14:03,7240.88
1520,1,SANTANDER,JOAO,SAQUE,2022-09-08T10:16:44,8378.33
3090,6,SANTANDER,PEDRO,SAQUE,2022-10-31T14:20:14,4242.33
1044,2,SANTANDER,FELIPE,SAQUE,2022-03-28T02:44:59,3992.96
1520,1,SANTANDER,JOAO,DEPOSITO,2022-03-29T13:03:14,5880.77
3090,6,SANTANDER,PEDRO,SAQUE,2022-08-29T16:16:54,7965.43
3090,6,SANTANDER,PEDRO,SAQUE,2022-07-16T20:59:34,8639.59
3090,6,SANTANDER,PEDRO,DEPOSITO,2022-10-18T13:30:01,7976.33
1810,3,SANTANDER,CARLOS,SAQUE,2022-01-02T10:27:04,9597.27
2220,2,SANTANDER,JULIA,DEPOSITO,2022-04-29T12:00:53,8498.58
3320,4,SANTANDER,MARIA,SAQUE,2022-10-26T06:58:46,1818.72
3090,6,SANTANDER,PEDRO,DEPOSITO,2022-02-06T22:28:11,1168.69
3090,6,SANTANDER,PEDRO,SAQUE,2022-06-28T16:34:31,127.62
1810,3,SANTANDER,CARLOS,DEPOSITO,2022-02-21T05:24:13,615.81
2870,9,SANTANDER,PAULO,DEPOSITO,2022-11-14T04:18:14,9554.48
4110,7,SANTANDER,LUCAS,SAQUE,2022-05-06T06:24:38,4794.54
2750,5,SANTANDER,ANA,SAQUE,2022-06-15T03:12:03,6532.87
4110,7,SANTANDER,LUCAS,DEPOSITO,2022-04-25T07:35:42,2409.22
3320,4,SANTANDER,MARIA,SAQUE,2022-11-20T06:28:39,8930.93
1044,2,SANTANDER,FELIPE,DEPOSITO,2022-12-24T01:49:07,3121.25
1044,2,SANTANDER,FELIPE,DEPOSITO,2022-08-12T22:14:15,9312.21
2750,5,SANTANDER,ANA,DEPOSITO,2022-01-22T05:22:51,5664.31
1810,3,SANTANDER,CARLOS,DEPOSITO,2022-01-26T16:32:03,4437.05
2870,9,SANTANDER,PAULO,DEPOSITO,2022-12-01T18:05:49,8150.68
1810,3,SANTANDER,CARLOS,SAQUE,2022-12-18T11:40:20,3584.32
2870,9,SANTANDER,PAULO,SAQUE,2022-10-21T06:31:12,9158.5
1810,3,SANTANDER,CARLOS,SAQUE,2022-07-02T21:29:31,5641.13
1810,3,SANTANDER,CARLOS,SAQUE,2022-09-23T04:43:46,7092.23
2220,2,SANTANDER,JULIA,SAQUE,2022-05-08T02:40:54,3060.57
1260,8,SANTANDER,BEATRIZ,DEPOSITO,2022-03-08T16:06:49,4089.46
1044,2,SANTANDER,FELIPE,SAQUE,2022-12-22T19:27:06,5125.64
3320,4,SANTANDER,MARIA,DEPOSITO,2022-10-06T21:09:26,7132.83
4110,7,SANTANDER,LUCAS,DEPOSITO,2022-08-12T00:49:20,7132.75
2750,5,SANTANDER,ANA,SAQUE,2022-06-16T23:34:03,8901.85
4110,7,SANTANDER,LUCAS,SAQUE,2022-03-07T11:44:53,3731.21
1044,2,SANTANDER,FELIPE,DEPOSITO,2022-01-08T18:44:08,5541.25
1520,1,SANTANDER,JOAO,DEPOSITO,2022-09-14T08:12:32,6825.39
1810,3,SANTANDER,CARLOS,SAQUE,2022-11-23T12:22:52,1337.09
3320,4,SANTANDER,MARIA,DEPOSITO,2022-04-22T07:51:21,151.65
2220,2,SANTANDER,JULIA,SAQUE,2022-02-12T03:28:29,8158.17
2750,5,SANTANDER,ANA,SAQUE,2022-01-30T00:25:07,7760.75
3090,6,SANTANDER,PEDRO,DEPOSITO,2022-05-18T06:44:54,6344.54
4110,7,SANTANDER,LUCAS,SAQUE,2022-07-16T09:49:03,1085.09
4110,7,SANTANDER,LUCAS,SAQUE,2022-10-05T04:05:45,6330.45
4110,7,SANTANDER,LUCAS,SAQUE,2022-01-27T03:29:26,1381.79
3320,4,SANTANDER,MARIA,SAQUE,2022-10-16T18:32:20,3737.4
3090,6,SANTANDER,PEDRO,SAQUE,2022-03-30T02:53:46,8410.0
1810,3,SANTANDER,CARLOS,SAQUE,2022-08-14T18:52:42,1871.79
1260,8,SANTANDER,BEATRIZ,DEPOSITO,2022-11-16T07:05:41,8773.6
3090,6,SANTANDER,PEDRO,SAQUE,2022-05-25T22:36:41,5266.19
1810,3,SANTANDER,CARLOS,SAQUE,2022-10-03T01:52:14,6876.51
2750,5,SANTANDER,ANA,DEPOSITO,2022-01-08T04:41:34,5689.08
2220,2,SANTANDER,JULIA,DEPOSITO,2022-01-02T21:51:45,667.43
1260,8,SANTANDER,BEATRIZ,DEPOSITO,2022-11-29T05:26:29,3058.49
1810,3,SANTANDER,CARLOS,DEPOSITO,2022-01-13T11:10:20,6886.17
2870,9,SANTANDER,PAULO,DEPOSITO,2022-09-29T00:04:24,4865.39
2220,2,SANTANDER,JULIA,DEPOSITO,2022-06-06T03:35:42,3318.8
4110,7,SANTANDER,LUCAS,DEPOSITO,2022-05-03T06:00:08,5466.57
2870,9,SANTANDER,PAULO,SAQUE,2022-01-17T05:52:46,4307.46
2870,9,SANTANDER,PAULO,DEPOSITO,2022-08-28T23:48:19,1052.17
2750,5,SANTANDER,ANA,SAQUE,2022-12-18T00:52:59,6522.69
2220,2,SANTANDER,JULIA,DEPOSITO,2022-02-06T14:01:44,2103.26
1520,1,SANTANDER,JOAO,SAQUE,2022-12-14T15:03:36,6001.07
1260,8,SANTANDER,BEATRIZ,DEPOSITO,2022-12-12T06:44:08,4075.59
4110,7,SANTANDER,LUCAS,DEPOSITO,2022-10-02T03:56:42,2469.64
3320,4,SANTANDER,MARIA,DEPOSITO,2022-05-10T21:54:43,3065.47
1810,3,SANTANDER,CARLOS,DEPOSITO,2022-09-17T18:50:03,7178.69
3090,6,SANTANDER,PEDRO,SAQUE,2022-09-30T16:38:28,7112.99
1520,1,SANTANDER,JOAO,SAQUE,2022-08-03T23:13:15,1781.77
1810,3,SANTANDER,CARLOS,SAQUE,2022-10-12T06:36:00,370.31
1260,8,SANTANDER,BEATRIZ,DEPOSITO,2022-08-03T18:26:19,7949.13
3320,4,SANTANDER,MARIA,SAQUE,2022-02-21T03:09:21,3141.52
2750,5,SANTANDER,ANA,SAQUE,2022-05-04T16:40:53,9108.44
1810,3,SANTANDER,CARLOS,DEPOSITO,2022-06-05T17:16:39,8443.12
4110,7,SANTANDER,LUCAS,SAQUE,2022-02-15T14:03:22,4380.72
1044,2,SANTANDER,FELIPE,SAQUE,2022-05-19T07:31:45,2690.83
2870,9,SANTANDER,PAULO,SAQUE,2022-11-05T15:02:49,5266.8
3090,6,SANTANDER,PEDRO,DEPOSITO,2022-08-20T10:28:35,6016.74
1260,8,SANTANDER,BEATRIZ,DEPOSITO,2022-02-09T14:43:58,5689.15
3090,6,SANTANDER,PEDRO,SAQUE,2022-07-07T13:16:52,4253.29
2220,2,SANTANDER,JULIA,DEPOSITO,2022-10-04T10:03:49,829.67
4110,7,SANTANDER,LUCAS,DEPOSITO,2022-09-18T16:01:45,3211.35
2750,5,SANTANDER,ANA,SAQUE,2022-07-20T14:03:51,308.45
1044,2,SANTANDER,FELIPE,DEPOSITO,2022-12-21T08:52:58,5724.34
1520,1,SANTANDER,JOAO,SAQUE,2022-11-20T01:17:22,6911.22
1044,2,SANTANDER,FELIPE,SAQUE,2022-12-11T23:08:44,3486.38
2750,5,SANTANDER,ANA,DEPOSITO,2022-12-27T10:31:42,1318.87
2870,9,SANTANDER,PAULO,SAQUE,2022-07-06T16:16:09,7602.24
2220,2,SANTANDER,JULIA,DEPOSITO,2022-10-21T21:00:05,6615.51
3320,4,SANTANDER,MARIA,SAQUE,2022-09-27T15:42:21,311.24
2870,9,SANTANDER,PAULO,DEPOSITO,2022-12-11T17:13:58,7599.61
1260,8,SANTANDER,BEATRIZ,DEPOSITO,2022-02-21T23:59:55,49.92
1044,2,SANTANDER,FELIPE,DEPOSITO,2022-07-22T09:26:32,313.28
1044,2,SANTANDER,FELIPE,DEPOSITO,2022-03-31T05:22:36,6516.61
2220,2,SANTANDER,JULIA,SAQUE,2022-07-01T08:46:52,2968.79
2750,5,SANTANDER,ANA,SAQUE,2022-10-27T10:56:31,6263.1
3090,6,SANTANDER,PEDRO,DEPOSITO,2022-11-22T01:40:27,6849.1
2220,2,SANTANDER,JULIA,SAQUE,2022-08-28T08:32:20,8646.35
4110,7,SANTANDER,LUCAS,DEPOSITO,2022-11-12T13:12:31,3278.99
1044,2,SANTANDER,FELIPE,SAQUE,2022-08-03T06:54:10,7717.74
3090,6,SANTANDER,PEDRO,SAQUE,2022-12-10T07:24:52,1044.46
2870,9,SANTANDER,PAULO,SAQUE,2022-12-15T06:12:50,9796.03
1520,1,SANTANDER,JOAO,DEPOSITO,2022-10-10T05:49:08,7847.49
2220,2,SANTANDER,JULIA,SAQUE,2022-05-18T23:54:02,3364.95
2220,2,SANTANDER,JULIA,SAQUE,2022-02-07T02:09:21,9867.25
4110,7,SANTANDER,LUCAS,SAQUE,2022-10-10T13:23:50,4268.3
3320,4,SANTANDER,MARIA,SAQUE,2022-07-21T17:01:13,6795.82
2750,5,SANTANDER,ANA,DEPOSITO,2022-04-28T18:51:07,1996.58
2220,2,SANTANDER,JULIA,SAQUE,2022-04-04T09:58:17,2979.05
1044,2,SANTANDER,FELIPE,SAQUE,2022-09-10T11:09:06,5248.39
2750,5,SANTANDER,ANA,SAQUE,2022-05-02T09:36:56,4652.51
3090,6,SANTANDER,PEDRO,DEPOSITO,2022-04-14T03:40:12,3384.0
1810,3,SANTANDER,CARLOS,DEPOSITO,2022-10-14T18:54:05,1658.38
2750,5,SANTANDER,ANA,SAQUE,2022-11-15T17:07:31,7179.49
2750,5,SANTANDER,ANA,SAQUE,2022-08-08T13:01:02,1288.43
2220,2,SANTANDER,JULIA,DEPOSITO,2022-10-04T11:25:49,2446.69
3320,4,SANTANDER,MARIA,SAQUE,2022-08-27T18:40:28,8067.66
2220,2,SANTANDER,JULIA,DEPOSITO,2022-09-22T00:33:50,1482.69
2220,2,SANTANDER,JULIA,DEPOSITO,2022-10-07T00:59:28,3385.65
4110,7,SANTANDER,LUCAS,DEPOSITO,2022-09-05T14:12:45,4092.35
4110,7,SANTANDER,LUCAS,DEPOSITO,2022-05-26T17:44:34,5969.25
2870,9,SANTANDER,PAULO,DEPOSITO,2022-02-14T22:14:33,3785.92
2750,5,SANTANDER,ANA,SAQUE,2022-03-14T10:49:30,9665.66
1520,1,SANTANDER,JOAO,SAQUE,2022-05-30T06:38:06,7936.31
3320,4,SANTANDER,MARIA,DEPOSITO,2022-05-16T18:17:16,2008.93
4110,7,SANTANDER,LUCAS,SAQUE,2022-07-25T02:34:45,3156.75
1810,3,SANTANDER,CARLOS,DEPOSITO,2022-03-17T20:32:51,6938.66
3320,4,SANTANDER,MARIA,SAQUE,2022-05-22T21:56:17,3701.1
2220,2,SANTANDER,JULIA,DEPOSITO,2022-08-04T18:06:03,9495.38
3320,4,SANTANDER,MARIA,SAQUE,2022-06-06T05:42:44,303.5
2750,5,SANTANDER,ANA,SAQUE,2022-02-03T20:17:53,7432.12
1520,1,SANTANDER,JOAO,SAQUE,2022-10-02T07:33:51,1612.46
1044,2,SANTANDER,FELIPE,SAQUE,2022-12-08T14:36:19,5965.56
3320,4,SANTANDER,MARIA,SAQUE,2022-06-09T17:26:56,3623.73
3320,4,SANTANDER,MARIA,SAQUE,2022-01-31T02:47:27,3789.53
3090,6,SANTANDER,PEDRO,DEPOSITO,2022-03-05T12:16:47,9489.41
2220,2,SANTANDER,JULIA,DEPOSITO,2022-08-05T04:47:36,8535.32
2750,5,SANTANDER,ANA,SAQUE,2022-02-20T01:53:08,3084.68
3090,6,SANTANDER,PEDRO,DEPOSITO,2022-09-14T03:51:02,9323.9
2750,5,SANTANDER,ANA,DEPOSITO,2022-12-07T16:59:18,3052.73
1044,2,SANTANDER,FELIPE,SAQUE,2022-08-13T18:55:07,1560.56
1810,3,SANTANDER,CARLOS,DEPOSITO,2022-01-19T20:21:33,2390.09
3320,4,SANTANDER,MARIA,SAQUE,2022-11-21T14:52:40,7721.3
3320,4,SANTANDER,MARIA,SAQUE,2022-07-04T11:34:32,9390.98
2870,9,SANTANDER,PAULO,SAQUE,2022-07-02T23:11:11,9454.75
3090,6,SANTANDER,PEDRO,SAQUE,2022-11-27T03:58:04,5248.56
2870,9,SANTANDER,PAULO,SAQUE,2022-01-09T10:50:41,3533.05
1810,3,SANTANDER,CARLOS,DEPOSITO,2022-08-22T21:51:31,2610.68
2870,9,SANTANDER,PAULO,SAQUE,2022-06-02T06:59:45,5339.31
1044,2,SANTANDER,FELIPE,DEPOSITO,2022-08-01T19:50:34,2413.01
1520,1,SANTANDER,JOAO,DEPOSITO,2022-03-22T20:25:20,2017.28
1044,2,SANTANDER,FELIPE,SAQUE,2022-03-16T20:50:34,660.05
1044,2,SANTANDER,FELIPE,SAQUE,2022-12-24T17:38:38,279.02
1044,2,SANTANDER,FELIPE,SAQUE,2022-03-15T08:10:55,8534.82
3320,4,SANTANDER,MARIA,DEPOSITO,2022-04-04T19:38:11,8986.18
3090,6,SANTANDER,PEDRO,DEPOSITO,2022-12-08T23:57:01,9283.34
4110,7,SANTANDER,LUCAS,SAQUE,2022-12-17T21:49:02,1872.18
1810,3,SANTANDER,CARLOS,DEPOSITO,2022-09-28T18:25:15,9347.39
1520,1,SANTANDER,JOAO,DEPOSITO,2022-06-26T04:32:03,9047.58
1520,1,SANTANDER,JOAO,DEPOSITO,2022-05-26T17:40:24,1398.24
1520,1,SANTANDER,JOAO,DEPOSITO,2022-04-30T13:32:53,2596.09
1810,3,SANTANDER,CARLOS,DEPOSITO,2022-06-01T05:34:43,3575.42
1810,3,SANTANDER,CARLOS,DEPOSITO,2022-03-10T16:07:31,4352.75
4110,7,SANTANDER,LUCAS,SAQUE,2022-03-19T23:56:55,106.49
4110,7,SANTANDER,LUCAS,DEPOSITO,2022-01-23T08:59:55,3742.94
1520,1,SANTANDER,JOAO,SAQUE,2022-05-12T00:16:52,3253.07
3090,6,SANTANDER,PEDRO,SAQUE,2022-10-31T12:49:21,255.54
1044,2,SANTANDER,FELIPE,DEPOSITO,2022-01-26T02:47:53,5194.39
3090,6,SANTANDER,PEDRO,DEPOSITO,2022-03-11T19:04:14,435.77
1810,3,SANTANDER,CARLOS,SAQUE,2022-05-13T06:11:41,5761.13
1260,8,SANTANDER,BEATRIZ,DEPOSITO,2022-03-17T06:09:09,9981.15
3090,6,SANTANDER,PEDRO,SAQUE,2022-02-18T13:46:04,5260.72
1260,8,SANTANDER,BEATRIZ,SAQUE,2022-07-10T12:38:26,4050.0
2870,9,SANTANDER,PAULO,DEPOSITO,2022-05-18T20:18:24,9270.98
1810,3,SANTANDER,CARLOS,DEPOSITO,2022-03-21T03:38:56,6804.75
4110,7,SANTANDER,LUCAS,SAQUE,2022-08-17T12:50:34,1955.15
1044,2,SANTANDER,FELIPE,SAQUE,2022-08-28T19:25:19,5905.83
3320,4,SANTANDER,MARIA,SAQUE,2022-11-20T11:50:02,3655.25
3090,6,SANTANDER,PEDRO,SAQUE,2022-04-16T22:28:14,2047.03
2750,5,SANTANDER,ANA,DEPOSITO,2022-07-18T05:04:04,4895.69
3090,6,SANTANDER,PEDRO,SAQUE,2022-11-16T04:35:02,7420.03
2870,9,SANTANDER,PAULO,SAQUE,2022-01-29T17:12:30,8169.53
1260,8,SANTANDER,BEATRIZ,SAQUE,2022-05-01T12:48:17,6986.63
1810,3,SANTANDER,CARLOS,DEPOSITO,2022-06-20T09:40:52,1564.9
1810,3,SANTANDER,CARLOS,SAQUE,2022-01-07T18:42:32,4729.72
2750,5,SANTANDER,ANA,SAQUE,2022-10-05T23:27:06,6236.88
1044,2,SANTANDER,FELIPE,DEPOSITO,2022-10-01T19:46:29,53.91
1260,8,SANTANDER,BEATRIZ,SAQUE,2022-01-05T19:26:28,3312.94
1810,3,SANTANDER,CARLOS,SAQUE,2022-06-14T00:02:14,710.46
2750,5,SANTANDER,ANA,SAQUE,2022-05-14T08:08:01,7842.63
1260,8,SANTANDER,BEATRIZ,SAQUE,2022-05-18T17:06:44,3210.54
1260,8,SANTANDER,BEATRIZ,SAQUE,2022-06-26T19:41:42,6892.29
4110,7,SANTANDER,LUCAS,SAQUE,2022-10-28T22:47:55,1165.62
2220,2,SANTANDER,JULIA,DEPOSITO,2022-05-08T12:00:13,8379.62
1260,8,SANTANDER,BEATRIZ,DEPOSITO,2022-03-08T12:04:14,8403.33
4110,7,SANTANDER,LUCAS,DEPOSITO,2022-01-05T18:58:18,7017.72
2220,2,SANTANDER,JULIA,SAQUE,2022-08-07T17:43:09,8405.78
2220,2,SANTANDER,JULIA,SAQUE,2022-01-04T08:20:49,9661.22
2750,5,SANTANDER,ANA,DEPOSITO,2022-10-18T20:14:08,8394.53
4110,7,SANTANDER,LUCAS,DEPOSITO,2022-11-01T22:59:36,589.32
1044,2,SANTANDER,FELIPE,SAQUE,2022-01-16T03:04:25,7817.28
1520,1,SANTANDER,JOAO,SAQUE,2022-08-22T23:19:19,7584.36
2220,2,SANTANDER,JULIA,SAQUE,2022-07-01T00:20:21,6336.53
1044,2,SANTANDER,FELIPE,DEPOSITO,2022-09-16T10:09:03,9389.98
4110,7,SANTANDER,LUCAS,DEPOSITO,2022-10-15T22:54:10,8167.18
2870,9,SANTANDER,PAULO,SAQUE,2022-04-08T22:48:39,9580.65
2220,2,SANTANDER,JULIA,DEPOSITO,2022-04-27T01:26:16,9319.34
3320,4,SANTANDER,MARIA,SAQUE,2022-12-07T00:04:04,2680.25
1520,1,SANTANDER,JOAO,SAQUE,2022-01-03T17:06:23,8601.51
2750,5,SANTANDER,ANA,DEPOSITO,2022-01-15T05:23:14,838.85
4110,7,SANTANDER,LUCAS,DEPOSITO,2022-12-04T19:33:59,9461.46
3090,6,SANTANDER,PEDRO,SAQUE,2022-07-26T05:30:02,9983.57
1260,8,SANTANDER,BEATRIZ,SAQUE,2022-02-12T09:39:22,285.19
1044,2,SANTANDER,FELIPE,DEPOSITO,2022-09-06T05:59:03,1179.91
2870,9,SANTANDER,PAULO,SAQUE,2022-05-06T06:11:21,8439.34
4110,7,SANTANDER,LUCAS,SAQUE,2022-09-14T20:23:32,8969.55
1520,1,SANTANDER,JOAO,SAQUE,2022-04-12T17:46:43,4976.03
2750,5,SANTANDER,ANA,SAQUE,2022-02-03T05:52:43,3448.49
3090,6,SANTANDER,PEDRO,SAQUE,2022-08-12T15:17:33,3513.39
3090,6,SANTANDER,PEDRO,DEPOSITO,2022-09-23T06:20:50,3586.78
2870,9,SANTANDER,PAULO,DEPOSITO,2022-12-13T08:54:03,7982.41
2750,5,SANTANDER,ANA,SAQUE,2022-12-10T10:52:28,9586.0
1260,8,SANTANDER,BEATRIZ,DEPOSITO,2022-01-20T04:47:35,8718.04
3090,6,SANTANDER,PEDRO,DEPOSITO,2022-05-04T08:15:23,9326.48
3090,6,SANTANDER,PEDRO,DEPOSITO,2022-07-30T17:47:42,3998.11
2220,2,SANTANDER,JULIA,SAQUE,2022-01-11T18:53:56,5563.4
1520,1,SANTANDER,JOAO,SAQUE,2022-08-02T17:04:58,9865.96
2220,2,SANTANDER,JULIA,DEPOSITO,2022-03-09T07:37:46,4025.61
2870,9,SANTANDER,PAULO,SAQUE,2022-06-27T13:58:12,1647.94
1044,2,SANTANDER,FELIPE,DEPOSITO,2022-11-08T02:20:58,5501.6
1520,1,SANTANDER,JOAO,SAQUE,2022-02-04T21:40:08,5603.83
2750,5,SANTANDER,ANA,DEPOSITO,2022-05-07T22:58:28,2747.03
2220,2,SANTANDER,JULIA,DEPOSITO,2022-07-18T15:19:58,3649.12
1810,3,SANTANDER,CARLOS,SAQUE,2022-11-04T08:03:56,5834.05
4110,7,SANTANDER,LUCAS,DEPOSITO,2022-03-10T18:25:25,6941.13
2220,2,SANTANDER,JULIA,DEPOSITO,2022-10-28T06:35:32,2940.33
1810,3,SANTANDER,CARLOS,SAQUE,2022-01-10T13:51:55,3430.82
1520,1,SANTANDER,JOAO,SAQUE,2022-04-17T18:45:50,5055.3
3320,4,SANTANDER,MARIA,DEPOSITO,2022-09-18T00:16:04,1311.55
1520,1,SANTANDER,JOAO,DEPOSITO,2022-11-02T00:14:02,7465.67
1260,8,SANTANDER,BEATRIZ,DEPOSITO,2022-01-16T05:48:30,956.89
1044,2,SANTANDER,FELIPE,DEPOSITO,2022-08-11T15:58:59,3896.97
1044,2,SANTANDER,FELIPE,DEPOSITO,2022-07-16T21:56:28,2417.17
1260,8,SANTANDER,BEATRIZ,DEPOSITO,2022-08-30T03:08:57,8007.11
3320,4,SANTANDER,MARIA,DEPOSITO,2022-05-19T01:45:12,1686.53
1810,3,SANTANDER,CARLOS,SAQUE,2022-06-27T12:29:30,7134.23
1044,2,SANTANDER,FELIPE,SAQUE,2022-04-26T17:43:14,3847.8
1810,3,SANTANDER,CARLOS,DEPOSITO,2022-12-21T06:58:49,6417.17
1044,2,SANTANDER,FELIPE,SAQUE,2022-12-27T15:31:31,3614.68
2870,9,SANTANDER,PAULO,DEPOSITO,2022-04-12T21:23:08,4631.61
4110,7,SANTANDER,LUCAS,SAQUE,2022-12-20T12:38:35,6419.23
2870,9,SANTANDER,PAULO,SAQUE,2022-11-13T11:21:38,4811.01
1520,1,SANTANDER,JOAO,DEPOSITO,2022-05-30T20:15:59,6666.32
2220,2,SANTANDER,JULIA,SAQUE,2022-12-12T01:52:29,8429.44
2220,2,SANTANDER,JULIA,DEPOSITO,2022-11-14T08:26:04,147.13
1810,3,SANTANDER,CARLOS,DEPOSITO,2022-05-18T19:08:21,4685.58
3090,6,SANTANDER,PEDRO,SAQUE,2022-03-21T21:30:28,4672.53
1044,2,SANTANDER,FELIPE,SAQUE,2022-01-24T08:06:13,340.32
2750,5,SANTANDER,ANA,SAQUE,2022-04-21T17:46:04,2472.47
1044,2,SANTANDER,FELIPE,SAQUE,2022-01-23T23:29:36,4746.43
2750,5,SANTANDER,ANA,DEPOSITO,2022-06-07T18:31:50,9975.01
1520,1,SANTANDER,JOAO,DEPOSITO,2022-01-08T09:28:34,2683.71
1810,3,SANTANDER,CARLOS,DEPOSITO,2022-12-27T01:27:17,3126.14
4110,7,SANTANDER,LUCAS,DEPOSITO,2022-03-16T02:30:21,7584.84
2750,5,SANTANDER,ANA,DEPOSITO,2022-11-19T16:45:01,6283.24
1260,8,SANTANDER,BEATRIZ,SAQUE,2022-12-10T15:08:01,9595.69
3320,4,SANTANDER,MARIA,DEPOSITO,2022-10-08T10:37:51,9973.97
2750,5,SANTANDER,ANA,SAQUE,2022-01-26T02:28:10,3238.3
1260,8,SANTANDER,BEATRIZ,SAQUE,2022-10-10T12:54:56,2009.47
3090,6,SANTANDER,PEDRO,SAQUE,2022-09-02T09:58:34,4158.53
2750,5,SANTANDER,ANA,SAQUE,2022-05-14T07:24:51,1429.32
1044,2,SANTANDER,FELIPE,SAQUE,2022-01-16T14:33:39,8073.98
1520,1,SANTANDER,JOAO,SAQUE,2022-04-17T14:50:37,3940.24
2750,5,SANTANDER,ANA,SAQUE,2022-07-19T10:18:26,9694.58
2750,5,SANTANDER,ANA,DEPOSITO,2022-02-09T02:07:12,1475.43
2870,9,SANTANDER,PAULO,SAQUE,2022-11-01T03:30:21,2917.78
2870,9,SANTANDER,PAULO,SAQUE,2022-05-02T11:12:27,8892.18
2870,9,SANTANDER,PAULO,SAQUE,2022-04-12T14:46:01,6616.01
4110,7,SANTANDER,LUCAS,DEPOSITO,2022-12-29T18:09:19,5223.85
1810,3,SANTANDER,CARLOS,SAQUE,2022-10-11T19:52:55,4563.71
1260,8,SANTANDER,BEATRIZ,SAQUE,2022-06-30T09:25:43,3954.59
2750,5,SANTANDER,ANA,SAQUE,2022-04-09T00:52:09,972.24
2750,5,SANTANDER,ANA,DEPOSITO,2022-01-19T18:17:59,6152.63
2870,9,SANTANDER,PAULO,DEPOSITO,2022-05-28T07:44:14,5972.7
1260,8,SANTANDER,BEATRIZ,DEPOSITO,2022-04-29T07:11:53,9368.68
4110,7,SANTANDER,LUCAS,DEPOSITO,2022-09-23T12:32:17,4407.63
2750,5,SANTANDER,ANA,SAQUE,2022-12-06T08:17:33,2984.26
2750,5,SANTANDER,ANA,SAQUE,2022-08-31T23:27:55,4221.34
1810,3,SANTANDER,CARLOS,DEPOSITO,2022-06-05T14:30:33,9332.21
3320,4,SANTANDER,MARIA,SAQUE,2022-08-25T21:16:31,7122.3
1520,1,SANTANDER,JOAO,SAQUE,2022-09-24T15:26:54,9798.03
1520,1,SANTANDER,JOAO,DEPOSITO,2022-02-27T04:28:48,3770.91
1044,2,SANTANDER,FELIPE,SAQUE,2022-04-09T16:41:41,9983.12
3320,4,SANTANDER,MARIA,SAQUE,2022-03-22T03:41:11,5488.41
3090,6,SANTANDER,PEDRO,DEPOSITO,2022-02-02T02:42:45,7476.31
4110,7,SANTANDER,LUCAS,SAQUE,2022-10-20T22:11:26,742.23
3090,6,SANTANDER,PEDRO,DEPOSITO,2022-10-26T20:43:34,9883.72
2870,9,SANTANDER,PAULO,SAQUE,2022-03-08T11:53:36,1266.48
2750,5,SANTANDER,ANA,SAQUE,2022-10-20T17:25:48,9149.0
1260,8,SANTANDER,BEATRIZ,DEPOSITO,2022-12-02T01:24:05,5404.32
3090,6,SANTANDER,PEDRO,DEPOSITO,2022-07-19T00:44:07,8959.45
3090,6,SANTANDER,PEDRO,SAQUE,2022-08-30T16:09:41,3869.24
4110,7,SANTANDER,LUCAS,SAQUE,2022-09-19T21:26:08,116.48
1044,2,SANTANDER,FELIPE,SAQUE,2022-04-18T04:41:22,8658.69
1520,1,SANTANDER,JOAO,SAQUE,2022-01-06T22:30:25,6497.98
2220,2,SANTANDER,JULIA,SAQUE,2022-09-28T06:40:31,6054.84
2870,9,SANTANDER,PAULO,DEPOSITO,2022-03-31T19:46:01,7117.65
3090,6,SANTANDER,PEDRO,DEPOSITO,2022-03-22T15:44:01,8003.75
4110,7,SANTANDER,LUCAS,SAQUE,2022-10-28T01:15:08,438.68
2220,2,SANTANDER,JULIA,SAQUE,2022-05-09T07:51:42,1783.5
3320,4,SANTANDER,MARIA,DEPOSITO,2022-07-02T18:14:17,6944.67
2750,5,SANTANDER,ANA,DEPOSITO,2022-10-11T10:15:48,6695.95
2870,9,SANTANDER,PAULO,DEPOSITO,2022-07-06T01:51:05,4591.24
2870,9,SANTANDER,PAULO,DEPOSITO,2022-02-14T08:07:45,7344.79
3090,6,SANTANDER,PEDRO,SAQUE,2022-02-23T07:45:03,8012.59
4110,7,SANTANDER,LUCAS,DEPOSITO,2022-10-08T13:20:07,7266.02
1810,3,SANTANDER,CARLOS,DEPOSITO,2022-12-28T15:44:57,4152.86
2750,5,SANTANDER,ANA,SAQUE,2022-03-07T09:47:02,1827.56
2870,9,SANTANDER,PAULO,SAQUE,2022-06-03T05:37:11,1607.94
1810,3,SANTANDER,CARLOS,DEPOSITO,2022-11-13T08:39:51,7152.9
4110,7,SANTANDER,LUCAS,DEPOSITO,2022-08-18T21:41:59,87.37
1260,8,SANTANDER,BEATRIZ,SAQUE,2022-11-13T08:20:05,8783.01
3090,6,SANTANDER,PEDRO,SAQUE,2022-03-23T02:49:46,6171.36
1044,2,SANTANDER,FELIPE,SAQUE,2022-10-27T16:25:39,485.32
1044,2,SANTANDER,FELIPE,DEPOSITO,2022-12-04T22:16:21,1180.52
1810,3,SANTANDER,CARLOS,DEPOSITO,2022-05-09T12:43:08,1407.04
2870,9,SANTANDER,PAULO,SAQUE,2022-07-16T18:54:51,1613.75
1520,1,SANTANDER,JOAO,DEPOSITO,2022-01-05T09:47:53,8458.16
2220,2,SANTANDER,JULIA,SAQUE,2022-08-06T11:27:34,8879.69
1810,3,SANTANDER,CARLOS,SAQUE,2022-07-22T03:25:25,9133.1
1044,2,SANTANDER,FELIPE,SAQUE,2022-02-03T18:57:04,8558.15
2220,2,SANTANDER,JULIA,SAQUE,2022-07-25T13:00:48,9574.71
1260,8,SANTANDER,BEATRIZ,SAQUE,2022-12-12T06:11:40,9743.11
1044,2,SANTANDER,FELIPE,DEPOSITO,2022-03-03T21:53:32,5141.91
1520,1,SANTANDER,JOAO,SAQUE,2022-08-28T07:31:06,3130.26
1520,1,SANTANDER,JOAO,SAQUE,2022-09-08T22:14:11,7565.71
2750,5,SANTANDER,ANA,DEPOSITO,2022-08-07T10:52:57,2409.72
2220,2,SANTANDER,JULIA,SAQUE,2022-07-25T23:01:53,1196.81
1044,2,SANTANDER,FELIPE,SAQUE,2022-06-22T12:12:50,9416.4
1260,8,SANTANDER,BEATRIZ,DEPOSITO,2022-08-12T21:35:54,959.38
2870,9,SANTANDER,PAULO,SAQUE,2022-07-17T20:00:45,1132.74
3320,4,SANTANDER,MARIA,SAQUE,2022-06-29T08:43:14,5921.01
3320,4,SANTANDER,MARIA,SAQUE,2022-10-03T03:21:33,7128.36
4110,7,SANTANDER,LUCAS,SAQUE,2022-11-10T14:54:08,3010.81
1520,1,SANTANDER,JOAO,DEPOSITO,2022-09-23T10:51:50,9440.42
1520,1,SANTANDER,JOAO,DEPOSITO,2022-03-09T21:52:09,3514.16
1260,8,SANTANDER,BEATRIZ,SAQUE,2022-10-10T18:07:47,4101.67
1520,1,SANTANDER,JOAO,SAQUE,2022-07-12T20:12:44,2336.49
3320,4,SANTANDER,MARIA,SAQUE,2022-09-25T16:52:16,485.93
2870,9,SANTANDER,PAULO,DEPOSITO,2022-05-30T18:01:02,3940.61
1520,1,SANTANDER,JOAO,SAQUE,2022-07-09T09:34:29,7199.06
1810,3,SANTANDER,CARLOS,SAQUE,2022-06-23T18:41:15,885.31
1044,2,SANTANDER,FELIPE,SAQUE,2022-05-20T15:28:04,4323.55
3090,6,SANTANDER,PEDRO,SAQUE,2022-01-05T18:52:33,9465.5
1044,2,SANTANDER,FELIPE,DEPOSITO,2022-09-26T22:38:09,1426.44
2870,9,SANTANDER,PAULO,SAQUE,2022-09-14T00:49:01,24.72
4110,7,SANTANDER,LUCAS,SAQUE,2022-07-25T06:45:17,9150.86
1810,3,SANTANDER,CARLOS,SAQUE,2022-05-29T00:55:18,2570.49
4110,7,SANTANDER,LUCAS,DEPOSITO,2022-06-04T00:45:55,1656.37
2750,5,SANTANDER,ANA,DEPOSITO,2022-08-11T08:50:46,5811.17
2750,5,SANTANDER,ANA,SAQUE,2022-01-07T10:39:23,8114.46
1044,2,SANTANDER,FELIPE,DEPOSITO,2022-05-13T22:49:33,2685.68
1520,1,SANTANDER,JOAO,SAQUE,2022-04-27T04:31:57,6060.98
3090,6,SANTANDER,PEDRO,DEPOSITO,2022-07-15T12:19:51,6960.14
1044,2,SANTANDER,FELIPE,DEPOSITO,2022-06-13T08:28:38,90.68
3090,6,SANTANDER,PEDRO,SAQUE,2022-10-01T18:25:56,6963.72
2870,9,SANTANDER,PAULO,SAQUE,2022-10-03T19:25:24,5872.02
2220,2,SANTANDER,JULIA,DEPOSITO,2022-12-27T07:26:52,6987.76
1260,8,SANTANDER,BEATRIZ,SAQUE,2022-12-02T13:40:49,1054.79
2750,5,SANTANDER,ANA,DEPOSITO,2022-09-17T10:13:56,1405.48
2870,9,SANTANDER,PAULO,SAQUE,2022-03-21T10:24:04,7176.54
2870,9,SANTANDER,PAULO,SAQUE,2022-03-12T18:23:51,7703.11
1520,1,SANTANDER,JOAO,SAQUE,2022-12-18T08:28:12,7889.91
4110,7,SANTANDER,LUCAS,DEPOSITO,2022-03-12T18:23:57,9075.53
2870,9,SANTANDER,PAULO,DEPOSITO,2022-09-04T07:18:01,900.04
4110,7,SANTANDER,LUCAS,DEPOSITO,2022-09-23T12:24:30,6940.9
1520,1,SANTANDER,JOAO,SAQUE,2022-07-14T13:53:05,9647.14
2870,9,SANTANDER,PAULO,DEPOSITO,2022-07-24T19:28:32,4776.36
1260,8,SANTANDER,BEATRIZ,SAQUE,2022-01-04T13:07:51,2496.55
3090,6,SANTANDER,PEDRO,SAQUE,2022-04-03T03:24:42,6685.0
1810,3,SANTANDER,CARLOS,SAQUE,2022-05-07T10:04:27,9661.41
3320,4,SANTANDER,MARIA,DEPOSITO,2022-11-22T21:15:56,3738.49
4110,7,SANTANDER,LUCAS,DEPOSITO,2022-07-01T21:44:50,8684.69
3320,4,SANTANDER,MARIA,SAQUE,2022-09-20T17:18:31,4522.78
2870,9,SANTANDER,PAULO,DEPOSITO,2022-05-17T05:58:51,974.22
1520,1,SANTANDER,JOAO,DEPOSITO,2022-11-15T06:55:05,8076.83
1044,2,SANTANDER,FELIPE,SAQUE,2022-04-04T21:37:31,3906.35
2870,9,SANTANDER,PAULO,SAQUE,2022-09-10T13:26:09,3314.52
1044,2,SANTANDER,FELIPE,SAQUE,2022-07-24T22:59:30,3449.58
1044,2,SANTANDER,FELIPE,DEPOSITO,2022-05-03T23:53:55,7011.0
1520,1,SANTANDER,JOAO,DEPOSITO,2022-12-14T22:44:22,9321.93
4110,7,SANTANDER,LUCAS,SAQUE,2022-11-21T01:42:26,4103.5
1260,8,SANTANDER,BEATRIZ,SAQUE,2022-06-24T16:42:37,5155.44
2220,2,SANTANDER,JULIA,DEPOSITO,2022-12-19T13:56:19,1142.36
2750,5,SANTANDER,ANA,DEPOSITO,2022-12-14T18:07:11,6531.68
2870,9,SANTANDER,PAULO,SAQUE,2022-12-29T07:05:30,4365.77
3090,6,SANTANDER,PEDRO,DEPOSITO,2022-12-25T09:58:15,6802.37
4110,7,SANTANDER,LUCAS,DEPOSITO,2022-01-07T02:08:20,9052.78
3320,4,SANTANDER,MARIA,DEPOSITO,2022-01-16T09:20:22,953.64
1810,3,SANTANDER,CARLOS,DEPOSITO,2022-07-21T20:31:28,7220.94
2750,5,SANTANDER,ANA,SAQUE,2022-07-23T06:28:02,2616.2
2870,9,SANTANDER,PAULO,DEPOSITO,2022-10-02T15:13:57,8540.66
1520,1,SANTANDER,JOAO,SAQUE,2022-03-04T09:38:35,7091.82
2870,9,SANTANDER,PAULO,DEPOSITO,2022-04-28T13:24:54,9213.77
1810,3,SANTANDER,CARLOS,SAQUE,2022-08-26T21:41:07,2231.34
1520,1,SANTANDER,JOAO,SAQUE,2022-06-24T20:17:46,5222.51
2220,2,SANTANDER,JULIA,DEPOSITO,2022-08-23T18:27:48,3955.35
4110,7,SANTANDER,LUCAS,SAQUE,2022-07-16T06:09:57,7610.2
1810,3,SANTANDER,CARLOS,DEPOSITO,2022-10-23T14:20:15,5909.73
3320,4,SANTANDER,MARIA,SAQUE,2022-09-20T18:39:57,8625.43
4110,7,SANTANDER,LUCAS,SAQUE,2022-11-03T23:25:02,2340.8
2870,9,SANTANDER,PAULO,SAQUE,2022-09-28T23:59:25,2589.29
1520,1,SANTANDER,JOAO,DEPOSITO,2022-07-03T18:07:18,7033.17
2750,5,SANTANDER,ANA,DEPOSITO,2022-04-17T02:07:57,5987.74
2750,5,SANTANDER,ANA,DEPOSITO,2022-12-21T10:45:57,5735.81
1810,3,SANTANDER,CARLOS,DEPOSITO,2022-10-02T20:05:41,6833.05
1260,8,SANTANDER,BEATRIZ,SAQUE,2022-08-27T19:53:21,426.36
3320,4,SANTANDER,MARIA,SAQUE,2022-02-20T19:36:16,8323.31
3090,6,SANTANDER,PEDRO,DEPOSITO,2022-04-20T14:14:23,3230.6
3090,6,SANTANDER,PEDRO,DEPOSITO,2022-04-29T09:46:15,842.25
1520,1,SANTANDER,JOAO,DEPOSITO,2022-03-19T01:33:01,2150.11
4110,7,SANTANDER,LUCAS,SAQUE,2022-01-29T14:49:15,4602.82
4110,7,SANTANDER,LUCAS,SAQUE,2022-09-23T08:00:08,7295.94
1260,8,SANTANDER,BEATRIZ,DEPOSITO,2022-06-18T08:24:27,8625.8
4110,7,SANTANDER,LUCAS,SAQUE,2022-10-30T00:51:33,4689.87
2220,2,SANTANDER,JULIA,SAQUE,2022-05-17T09:09:53,8606.74
1044,2,SANTANDER,FELIPE,DEPOSITO,2022-10-18T12:00:09,7644.77
3090,6,SANTANDER,PEDRO,DEPOSITO,2022-03-04T01:50:52,1751.83
2870,9,SANTANDER,PAULO,SAQUE,2022-04-07T10:23:37,7896.95
1810,3,SANTANDER,CARLOS,DEPOSITO,2022-09-10T14:00:03,1492.84
3090,6,SANTANDER,PEDRO,SAQUE,2022-09-06T04:04:55,8206.59
3320,4,SANTANDER,MARIA,SAQUE,2022-07-28T14:07:15,1234.45
1520,1,SANTANDER,JOAO,SAQUE,2022-08-15T11:02:05,8769.73
2220,2,SANTANDER,JULIA,SAQUE,2022-01-10T18:27:27,8363.7
2870,9,SANTANDER,PAULO,SAQUE,2022-01-23T23:05:10,5251.25
1810,3,SANTANDER,CARLOS,DEPOSITO,2022-07-14T18:24:59,3635.35
1810,3,SANTANDER,CARLOS,SAQUE,2022-06-29T02:55:14,7725.28
1044,2,SANTANDER,FELIPE,SAQUE,2022-07-19T21:34:19,8789.46
1810,3,SANTANDER,CARLOS,DEPOSITO,2022-02-14T06:37:43,3836.41
2220,2,SANTANDER,JULIA,DEPOSITO,2022-12-16T07:55:53,7824.64
2870,9,SANTANDER,PAULO,DEPOSITO,2022-11-06T20:28:03,9150.92
1810,3,SANTANDER,CARLOS,SAQUE,2022-03-29T15:07:23,8387.2
2750,5,SANTANDER,ANA,SAQUE,2022-07-07T15:33:36,2408.38
1520,1,SANTANDER,JOAO,SAQUE,2022-11-01T02:08:29,1950.55
1810,3,SANTANDER,CARLOS,DEPOSITO,2022-09-21T04:01:59,3362.94
1810,3,SANTANDER,CARLOS,SAQUE,2022-10-12T15:20:36,4272.17
4110,7,SANTANDER,LUCAS,DEPOSITO,2022-08-30T03:15:54,2053.74
3090,6,SANTANDER,PEDRO,DEPOSITO,2022-05-07T23:19:01,131.65
2220,2,SANTANDER,JULIA,DEPOSITO,2022-07-03T23:30:59,4185.66
1260,8,SANTANDER,BEATRIZ,SAQUE,2022-09-23T10:20:13,253.79
4110,7,SANTANDER,LUCAS,SAQUE,2022-02-20T16:25:58,767.01
2220,2,SANTANDER,JULIA,DEPOSITO,2022-02-10T17:03:43,1107.55
2220,2,SANTANDER,JULIA,SAQUE,2022-10-27T07:01:40,9368.29
1810,3,SANTANDER,CARLOS,DEPOSITO,2022-02-18T16:03:55,7610.29
1520,1,SANTANDER,JOAO,SAQUE,2022-07-20T02:13:11,3192.38
2220,2,SANTANDER,JULIA,SAQUE,2022-03-23T17:08:11,9059.06
2220,2,SANTANDER,JULIA,DEPOSITO,2022-04-12T09:12:53,7289.12
2750,5,SANTANDER,ANA,SAQUE,2022-07-04T14:04:58,8033.85
1810,3,SANTANDER,CARLOS,SAQUE,2022-04-06T18:48:55,7797.09
1520,1,SANTANDER,JOAO,SAQUE,2022-09-08T07:52:31,9488.41
2750,5,SANTANDER,ANA,DEPOSITO,2022-07-25T08:01:19,8430.93
1810,3,SANTANDER,CARLOS,DEPOSITO,2022-09-14T06:46:10,9428.38
1810,3,SANTANDER,CARLOS,SAQUE,2022-09-21T11:17:30,4757.14
2220,2,SANTANDER,JULIA,DEPOSITO,2022-06-22T20:33:32,2784.89
1810,3,SANTANDER,CARLOS,DEPOSITO,2022-04-27T19:58:04,2994.92
3320,4,SANTANDER,MARIA,SAQUE,2022-01-29T18:04:42,284.39
4110,7,SANTANDER,LUCAS,DEPOSITO,2022-07-08T13:42:17,4155.5
1810,3,SANTANDER,CARLOS,SAQUE,2022-05-26T23:12:58,2048.43
4110,7,SANTANDER,LUCAS,DEPOSITO,2022-07-05T09:46:23,9274.93
3320,4,SANTANDER,MARIA,SAQUE,2022-07-17T15:07:03,3390.86
2220,2,SANTANDER,JULIA,SAQUE,2022-10-07T14:52:04,869.04
3090,6,SANTANDER,PEDRO,SAQUE,2022-09-25T05:24:13,6872.79
2870,9,SANTANDER,PAULO,DEPOSITO,2022-06-11T15:56:00,1011.9
3090,6,SANTANDER,PEDRO,DEPOSITO,2022-07-10T03:17:49,2051.96
4110,7,SANTANDER,LUCAS,DEPOSITO,2022-03-02T05:48:18,9825.07
2220,2,SANTANDER,JULIA,SAQUE,2022-04-12T12:30:58,734.59
1260,8,SANTANDER,BEATRIZ,SAQUE,2022-07-08T23:55:56,4972.78
1044,2,SANTANDER,FELIPE,SAQUE,2022-12-31T07:16:41,3860.56
2220,2,SANTANDER,JULIA,SAQUE,2022-11-09T02:12:05,7132.66
1810,3,SANTANDER,CARLOS,DEPOSITO,2022-06-13T01:28:36,274.56
1044,2,SANTANDER,FELIPE,DEPOSITO,2022-11-25T01:52:36,823.79
1260,8,SANTANDER,BEATRIZ,SAQUE,2022-07-12T16:11:41,2411.06
2750,5,SANTANDER,ANA,SAQUE,2022-08-15T10:51:26,5947.4
2220,2,SANTANDER,JULIA,DEPOSITO,2022-06-08T00:42:53,6978.97
3320,4,SANTANDER,MARIA,DEPOSITO,2022-09-25T07:11:58,2323.5
4110,7,SANTANDER,LUCAS,DEPOSITO,2022-07-02T10:33:06,8127.3
4110,7,SANTANDER,LUCAS,SAQUE,2022-09-02T02:27:22,9753.31
2220,2,SANTANDER,JULIA,DEPOSITO,2022-02-21T14:02:36,4183.02
1260,8,SANTANDER,BEATRIZ,SAQUE,2022-04-08T03:35:16,4935.75
3090,6,SANTANDER,PEDRO,SAQUE,2022-09-06T04:33:43,4853.98
4110,7,SANTANDER,LUCAS,DEPOSITO,2022-11-21T22:48:28,7625.37
1044,2,SANTANDER,FELIPE,DEPOSITO,2022-06-14T23:56:56,9043.04
1810,3,SANTANDER,CARLOS,SAQUE,2022-01-05T03:04:58,5756.86
1260,8,SANTANDER,BEATRIZ,DEPOSITO,2022-10-04T15:38:39,6817.41
2750,5,SANTANDER,ANA,DEPOSITO,2022-02-11T10:49:05,6522.41
3320,4,SANTANDER,MARIA,SAQUE,2022-08-12T19:21:35,8348.09
3320,4,SANTANDER,MARIA,DEPOSITO,2022-11-20T12:51:42,3093.29
2220,2,SANTANDER,JULIA,SAQUE,2022-12-25T21:26:51,5094.23
1260,8,SANTANDER,BEATRIZ,DEPOSITO,2022-10-15T19:47:17,1085.55
1810,3,SANTANDER,CARLOS,DEPOSITO,2022-05-17T22:54:24,7866.0
2750,5,SANTANDER,ANA,DEPOSITO,2022-12-28T06:17:16,8116.32
2750,5,SANTANDER,ANA,SAQUE,2022-10-19T15:33:46,9361.27
1044,2,SANTANDER,FELIPE,DEPOSITO,2022-01-25T08:49:34,6642.75
2750,5,SANTANDER,ANA,DEPOSITO,2022-04-14T00:23:43,6525.68
2870,9,SANTANDER,PAULO,DEPOSITO,2022-08-13T11:24:46,742.93
1520,1,SANTANDER,JOAO,SAQUE,2022-07-28T05:50:57,6465.1
3090,6,SANTANDER,PEDRO,SAQUE,2022-06-06T13:25:17,1631.02
2870,9,SANTANDER,PAULO,DEPOSITO,2022-09-13T18:04:52,4358.56
1044,2,SANTANDER,FELIPE,SAQUE,2022-08-21T21:05:09,8252.03
2750,5,SANTANDER,ANA,SAQUE,2022-04-18T21:25:07,361.49
3090,6,SANTANDER,PEDRO,SAQUE,2022-08-14T14:35:17,6545.59
2220,2,SANTANDER,JULIA,SAQUE,2022-09-23T08:24:43,6323.49
1520,1,SANTANDER,JOAO,SAQUE,2022-09-13T18:35:15,9324.56
1044,2,SANTANDER,FELIPE,DEPOSITO,2022-12-24T00:50:17,1320.26
2870,9,SANTANDER,PAULO,DEPOSITO,2022-02-12T01:30:14,2808.5
1260,8,SANTANDER,BEATRIZ,SAQUE,2022-10-05T04:00:11,6657.78
1520,1,SANTANDER,JOAO,DEPOSITO,2022-04-11T07:47:51,7522.54
3090,6,SANTANDER,PEDRO,SAQUE,2022-12-23T01:25:28,4145.51
1810,3,SANTANDER,CARLOS,DEPOSITO,2022-09-03T11:33:43,8057.75
4110,7,SANTANDER,LUCAS,SAQUE,2022-01-30T16:18:25,8487.94
2870,9,SANTANDER,PAULO,DEPOSITO,2022-05-16T04:31:58,6559.26
1260,8,SANTANDER,BEATRIZ,SAQUE,2022-05-03T09:12:26,4208.9
1520,1,SANTANDER,JOAO,SAQUE,2022-10-23T19:03:46,2547.67
3090,6,SANTANDER,PEDRO,DEPOSITO,2022-07-29T22:09:07,8704.49
3320,4,SANTANDER,MARIA,SAQUE,2022-05-01T04:45:37,9826.45
2870,9,SANTANDER,PAULO,DEPOSITO,2022-10-16T10:32:08,2742.21
4110,7,SANTANDER,LUCAS,SAQUE,2022-06-05T12:21:06,9783.41
2870,9,SANTANDER,PAULO,DEPOSITO,2022-04-02T19:52:01,2724.63
2870,9,SANTANDER,PAULO,DEPOSITO,2022-12-14T11:51:05,4937.31
1520,1,SANTANDER,JOAO,SAQUE,2022-02-04T08:21:15,312.2
2870,9,SANTANDER,PAULO,SAQUE,2022-04-06T23:01:07,9834.0
1044,2,SANTANDER,FELIPE,SAQUE,2022-07-12T21:11:58,3427.6
1810,3,SANTANDER,CARLOS,SAQUE,2022-10-12T20:56:31,6967.75
2870,9,SANTANDER,PAULO,DEPOSITO,2022-04-07T11:08:02,6525.79
3090,6,SANTANDER,PEDRO,SAQUE,2022-05-07T12:13:07,2359.31
1810,3,SANTANDER,CARLOS,SAQUE,2022-04-06T16:42:49,8705.75
3090,6,SANTANDER,PEDRO,SAQUE,2022-08-02T05:27:37,1737.06
3320,4,SANTANDER,MARIA,SAQUE,2022-04-11T10:52:19,9986.28
2220,2,SANTANDER,JULIA,DEPOSITO,2022-04-23T13:08:03,2554.43
1260,8,SANTANDER,BEATRIZ,SAQUE,2022-10-23T13:35:38,9045.15
1260,8,SANTANDER,BEATRIZ,SAQUE,2022-04-04T00:30:55,5195.86
2870,9,SANTANDER,PAULO,DEPOSITO,2022-04-17T08:39:46,8273.13
1520,1,SANTANDER,JOAO,DEPOSITO,2022-01-06T02:25:56,212.45
2220,2,SANTANDER,JULIA,SAQUE,2022-09-04T04:02:51,447.89
3320,4,SANTANDER,MARIA,SAQUE,2022-10-20T05:39:36,9407.05
3320,4,SANTANDER,MARIA,SAQUE,2022-12-23T15:06:37,5961.56
4110,7,SANTANDER,LUCAS,DEPOSITO,2022-08-31T07:34:49,7921.85
1044,2,SANTANDER,FELIPE,DEPOSITO,2022-06-16T00:10:06,6265.6
3320,4,SANTANDER,MARIA,SAQUE,2022-08-31T18:25:08,1364.9
1260,8,SANTANDER,BEATRIZ,SAQUE,2022-04-10T22:10:27,1171.26
3320,4,SANTANDER,MARIA,DEPOSITO,2022-01-20T23:17:00,8014.93
1044,2,SANTANDER,FELIPE,DEPOSITO,2022-03-28T19:30:02,7069.76
1810,3,SANTANDER,CARLOS,DEPOSITO,2022-10-24T14:08:10,5356.24
1520,1,SANTANDER,JOAO,DEPOSITO,2022-09-27T18:57:47,7181.07
2220,2,SANTANDER,JULIA,DEPOSITO,2022-03-29T00:11:01,168.39
1810,3,SANTANDER,CARLOS,SAQUE,2022-02-28T06:17:12,5805.05
1810,3,SANTANDER,CARLOS,DEPOSITO,2022-06-28T12:14:50,6136.26
1810,3,SANTANDER,CARLOS,DEPOSITO,2022-11-25T04:57:03,9446.68
2870,9,SANTANDER,PAULO,DEPOSITO,2022-10-09T14:52:18,5232.43
4110,7,SANTANDER,LUCAS,DEPOSITO,2022-02-09T16:01:44,7999.07
1810,3,SANTANDER,CARLOS,SAQUE,2022-08-06T00:30:17,8022.35
3320,4,SANTANDER,MARIA,DEPOSITO,2022-07-16T04:48:08,9799.71
1044,2,SANTANDER,FELIPE,DEPOSITO,2022-08-18T09:39:47,414.32
3320,4,SANTANDER,MARIA,DEPOSITO,2022-09-19T15:22:28,8838.1
1044,2,SANTANDER,FELIPE,SAQUE,2022-12-16T14:24:54,3160.93
1810,3,SANTANDER,CARLOS,DEPOSITO,2022-01-01T17:12:49,2563.31
2220,2,SANTANDER,JULIA,DEPOSITO,2022-07-01T08:16:57,3786.38
2220,2,SANTANDER,JULIA,DEPOSITO,2022-04-23T08:04:50,7732.06
1044,2,SANTANDER,FELIPE,SAQUE,2022-09-03T03:51:54,4102.55
2870,9,SANTANDER,PAULO,SAQUE,2022-08-30T18:12:34,6540.98
1044,2,SANTANDER,FELIPE,DEPOSITO,2022-09-24T01:40:04,575.18
2750,5,SANTANDER,ANA,DEPOSITO,2022-02-01T02:46:37,8951.23
3090,6,SANTANDER,PEDRO,DEPOSITO,2022-03-14T14:55:08,2161.59
2220,2,SANTANDER,JULIA,SAQUE,2022-07-18T11:22:47,63.84
1260,8,SANTANDER,BEATRIZ,SAQUE,2022-03-07T15:44:20,9030.53
1044,2,SANTANDER,FELIPE,DEPOSITO,2022-11-13T10:59:32,2319.54
2870,9,SANTANDER,PAULO,SAQUE,2022-10-05T02:31:23,1103.37
1520,1,SANTANDER,JOAO,SAQUE,2022-12-13T13:09:41,8425.91
2220,2,SANTANDER,JULIA,DEPOSITO,2022-06-01T01:01:44,2516.1
1044,2,SANTANDER,FELIPE,SAQUE,2022-09-16T16:44:41,5194.2
3320,4,SANTANDER,MARIA,SAQUE,2022-10-05T01:33:39,762.62
3320,4,SANTANDER,MARIA,SAQUE,2022-01-06T06:35:14,6004.72
3090,6,SANTANDER,PEDRO,DEPOSITO,2022-10-10T14:43:49,349.64
3090,6,SANTANDER,PEDRO,SAQUE,2022-09-19T01:16:06,6122.51
1810,3,SANTANDER,CARLOS,SAQUE,2022-11-10T17:19:30,8237.61
2220,2,SANTANDER,JULIA,DEPOSITO,2022-01-23T15:43:20,8994.91
4110,7,SANTANDER,LUCAS,DEPOSITO,2022-08-16T00:09:02,5038.42
4110,7,SANTANDER,LUCAS,SAQUE,2022-01-04T16:37:49,4619.28
3090,6,SANTANDER,PEDRO,SAQUE,2022-10-19T10:41:23,8013.56
1044,2,SANTANDER,FELIPE,DEPOSITO,2022-10-22T15:30:17,8050.22
1810,3,SANTANDER,CARLOS,SAQUE,2022-11-23T16:38:56,6200.04
3320,4,SANTANDER,MARIA,DEPOSITO,2022-07-22T20:21:36,8082.03
1520,1,SANTANDER,JOAO,DEPOSITO,2022-10-15T12:17:07,3830.9
1810,3,SANTANDER,CARLOS,SAQUE,2022-01-25T21:06:29,3526.96
3320,4,SANTANDER,MARIA,SAQUE,2022-06-18T09:32:22,1236.17
2750,5,SANTANDER,ANA,DEPOSITO,2022-03-03T14:17:46,9981.22
1044,2,SANTANDER,FELIPE,SAQUE,2022-05-26T15:55:37,130.24
4110,7,SANTANDER,LUCAS,DEPOSITO,2022-05-31T13:20:39,4308.87
3090,6,SANTANDER,PEDRO,DEPOSITO,2022-11-13T00:36:29,655.45
1260,8,SANTANDER,BEATRIZ,SAQUE,2022-02-10T10:28:34,4372.52
1044,2,SANTANDER,FELIPE,SAQUE,2022-10-16T14:04:54,1683.66
1810,3,SANTANDER,CARLOS,SAQUE,2022-03-02T01:22:22,7365.11
4110,7,SANTANDER,LUCAS,DEPOSITO,2022-06-24T06:35:44,4439.66
1520,1,SANTANDER,JOAO,DEPOSITO,2022-12-22T00:29:01,2414.12
2750,5,SANTANDER,ANA,SAQUE,2022-01-08T09:59:31,9663.79
3090,6,SANTANDER,PEDRO,DEPOSITO,2022-04-12T22:51:34,356.84
3090,6,SANTANDER,PEDRO,SAQUE,2022-10-09T14:21:22,6804.54
1260,8,SANTANDER,BEATRIZ,DEPOSITO,2022-07-02T17:12:07,3402.2
3320,4,SANTANDER,MARIA,SAQUE,2022-03-09T23:55:59,7695.51
2220,2,SANTANDER,JULIA,SAQUE,2022-05-21T07:27:45,3177.4
2870,9,SANTANDER,PAULO,DEPOSITO,2022-08-20T18:54:20,5627.93
1520,1,SANTANDER,JOAO,SAQUE,2022-08-17T18:52:13,4776.98
1520,1,SANTANDER,JOAO,SAQUE,2022-09-01T21:20:31,8905.5
1260,8,SANTANDER,BEATRIZ,SAQUE,2022-08-12T01:53:33,3739.19
1260,8,SANTANDER,BEATRIZ,DEPOSITO,2022-11-21T05:14:40,930.96
3090,6,SANTANDER,PEDRO,DEPOSITO,2022-10-15T06:10:25,1261.23
2750,5,SANTANDER,ANA,SAQUE,2022-11-26T08:51:00,1949.06
1520,1,SANTANDER,JOAO,SAQUE,2022-08-31T07:05:06,504.86
2220,2,SANTANDER,JULIA,DEPOSITO,2022-09-21T22:49:57,6068.48
1044,2,SANTANDER,FELIPE,DEPOSITO,2022-07-15T23:11:43,3044.71
2220,2,SANTANDER,JULIA,SAQUE,2022-05-27T02:36:09,1989.08
1260,8,SANTANDER,BEATRIZ,DEPOSITO,2022-10-13T00:50:12,1643.25
1810,3,SANTANDER,CARLOS,SAQUE,2022-02-20T17:40:10,4800.12
1520,1,SANTANDER,JOAO,SAQUE,2022-04-05T17:25:54,7366.8
3320,4,SANTANDER,MARIA,SAQUE,2022-10-09T22:23:06,2572.52
2870,9,SANTANDER,PAULO,SAQUE,2022-04-28T04:41:37,3981.44
1810,3,SANTANDER,CARLOS,SAQUE,2022-08-08T21:04:53,5022.13
3320,4,SANTANDER,MARIA,SAQUE,2022-12-19T19:29:51,6987.57
2220,2,SANTANDER,JULIA,DEPOSITO,2022-09-30T11:53:02,1071.23
1044,2,SANTANDER,FELIPE,DEPOSITO,2022-07-03T10:05:08,778.99
4110,7,SANTANDER,LUCAS,SAQUE,2022-03-04T14:08:59,2888.23
4110,7,SANTANDER,LUCAS,DEPOSITO,2022-01-03T06:42:00,6806.83
2750,5,SANTANDER,ANA,SAQUE,2022-09-06T11:59:43,1470.47
2750,5,SANTANDER,ANA,SAQUE,2022-07-20T05:52:01,4755.53
1810,3,SANTANDER,CARLOS,DEPOSITO,2022-11-27T01:36:46,3523.87
2870,9,SANTANDER,PAULO,SAQUE,2022-12-05T23:44:17,2168.95
4110,7,SANTANDER,LUCAS,SAQUE,2022-09-29T08:10:40,4635.4
2870,9,SANTANDER,PAULO,SAQUE,2022-05-30T20:44:37,3468.64
1520,1,SANTANDER,JOAO,SAQUE,2022-02-21T04:17:39,9934.05
1260,8,SANTANDER,BEATRIZ,DEPOSITO,2022-12-03T12:25:05,670.74
2870,9,SANTANDER,PAULO,DEPOSITO,2022-11-25T22:46:27,2259.07
4110,7,SANTANDER,LUCAS,DEPOSITO,2022-10-19T11:42:54,9575.45
1520,1,SANTANDER,JOAO,SAQUE,2022-05-04T01:34:56,8483.13
4110,7,SANTANDER,LUCAS,DEPOSITO,2022-12-24T16:37:52,1591.42
1810,3,SANTANDER,CARLOS,DEPOSITO,2022-11-30T20:42:39,8028.46
3090,6,SANTANDER,PEDRO,DEPOSITO,2022-03-01T05:34:51,7649.72
2750,5,SANTANDER,ANA,SAQUE,2022-05-11T15:14:07,3643.51
1044,2,SANTANDER,FELIPE,DEPOSITO,2022-03-22T04:42:48,6468.58
2870,9,SANTANDER,PAULO,SAQUE,2022-07-17T20:03:20,5892.19
1044,2,SANTANDER,FELIPE,DEPOSITO,2022-12-17T10:13:28,8912.19
3090,6,SANTANDER,PEDRO,DEPOSITO,2022-02-26T10:14:43,7609.44
2750,5,SANTANDER,ANA,DEPOSITO,2022-12-21T23:36:59,5845.18
1044,2,SANTANDER,FELIPE,DEPOSITO,2022-08-10T08:05:33,6444.47
1810,3,SANTANDER,CARLOS,SAQUE,2022-12-28T23:12:33,7678.95
3090,6,SANTANDER,PEDRO,SAQUE,2022-10-14T00:55:21,3733.79
2750,5,SANTANDER,ANA,SAQUE,2022-09-03T23:03:22,2108.96
3320,4,SANTANDER,MARIA,SAQUE,2022-04-18T21:22:35,7024.44
3320,4,SANTANDER,MARIA,SAQUE,2022-10-28T08:02:12,6218.41
3090,6,SANTANDER,PEDRO,DEPOSITO,2022-10-09T13:11:59,551.66
3090,6,SANTANDER,PEDRO,SAQUE,2022-01-22T08:21:38,892.43
1810,3,SANTANDER,CARLOS,DEPOSITO,2022-03-23T12:04:11,6411.67
2220,2,SANTANDER,JULIA,SAQUE,2022-03-02T15:33:34,7059.45
2750,5,SANTANDER,ANA,SAQUE,2022-08-27T04:23:53,3856.28
4110,7,SANTANDER,LUCAS,DEPOSITO,2022-10-16T23:21:25,4279.69
1810,3,SANTANDER,CARLOS,SAQUE,2022-06-16T23:45:02,9926.77
1520,1,SANTANDER,JOAO,SAQUE,2022-09-16T14:57:13,5552.31
2750,5,SANTANDER,ANA,DEPOSITO,2022-06-24T00:03:48,5160.96
1260,8,SANTANDER,BEATRIZ,DEPOSITO,2022-05-26T17:35:46,2878.22
1260,8,SANTANDER,BEATRIZ,DEPOSITO,2022-01-03T15:32:06,9901.58
3320,4,SANTANDER,MARIA,SAQUE,2022-04-18T04:48:40,5745.96
4110,7,SANTANDER,LUCAS,DEPOSITO,2022-12-10T12:36:17,2806.92
1044,2,SANTANDER,FELIPE,SAQUE,2022-03-04T18:38:04,324.67
1044,2,SANTANDER,FELIPE,DEPOSITO,2022-05-13T18:38:25,2993.8
3090,6,SANTANDER,PEDRO,DEPOSITO,2022-10-26T11:47:17,246.83
4110,7,SANTANDER,LUCAS,DEPOSITO,2022-12-27T20:11:10,9902.16
3090,6,SANTANDER,PEDRO,SAQUE,2022-10-19T01:33:20,3076.18
1810,3,SANTANDER,CARLOS,DEPOSITO,2022-07-23T04:41:05,5447.16
2220,2,SANTANDER,JULIA,DEPOSITO,2022-02-21T01:48:14,3060.67
3090,6,SANTANDER,PEDRO,DEPOSITO,2022-04-12T04:02:30,7445.8
2220,2,SANTANDER,JULIA,DEPOSITO,2022-07-24T17:56:32,7146.99
1520,1,SANTANDER,JOAO,SAQUE,2022-10-10T21:40:56,5803.8
2750,5,SANTANDER,ANA,SAQUE,2022-01-30T14:01:21,1665.92
1044,2,SANTANDER,FELIPE,SAQUE,2022-01-11T15:51:19,4556.97
2220,2,SANTANDER,JULIA,DEPOSITO,2022-05-17T20:43:16,4075.99
1260,8,SANTANDER,BEATRIZ,SAQUE,2022-07-14T22:22:43,6036.72
3320,4,SANTANDER,MARIA,SAQUE,2022-12-12T20:43:45,1257.38
1810,3,SANTANDER,CARLOS,SAQUE,2022-04-17T05:09:43,1531.83
1044,2,SANTANDER,FELIPE,DEPOSITO,2022-06-01T00:27:28,9021.48
1044,2,SANTANDER,FELIPE,SAQUE,2022-10-01T05:50:55,2559.03
3320,4,SANTANDER,MARIA,DEPOSITO,2022-06-27T23:41:11,9130.72
1044,2,SANTANDER,FELIPE,SAQUE,2022-05-12T23:42:11,5843.61
3320,4,SANTANDER,MARIA,SAQUE,2022-12-21T19:02:45,5606.32
2750,5,SANTANDER,ANA,DEPOSITO,2022-02-01T02:46:37,8951.23
4110,7,SANTANDER,LUCAS,SAQUE,2022-03-19T10:28:48,7210.47
1520,1,SANTANDER,JOAO,DEPOSITO,2022-10-11T11:34:42,5082.83
4110,7,SANTANDER,LUCAS,DEPOSITO,2022-03-28T06:39:33,8866.63
2220,2,SANTANDER,JULIA,SAQUE,2022-10-07T08:18:12,1074.89
1810,3,SANTANDER,CARLOS,DEPOSITO,2022-09-07T04:14:36,313.44
1810,3,SANTANDER,CARLOS,DEPOSITO,2022-05-01T03:23:43,30.51
2220,2,SANTANDER,JULIA,SAQUE,2022-03-11T12:12:55,1270.94
2220,2,SANTANDER,JULIA,DEPOSITO,2022-01-02T01:58:34,7826.59
1260,8,SANTANDER,BEATRIZ,SAQUE,2022-11-05T13:29:04,6982.1
1260,8,SANTANDER,BEATRIZ,DEPOSITO,2022-02-22T15:54:14,265.09
1810,3,SANTANDER,CARLOS,SAQUE,2022-05-31T11:39:44,4559.26
1044,2,SANTANDER,FELIPE,SAQUE,2022-04-27T06:00:53,1981.21
2220,2,SANTANDER,JULIA,SAQUE,2022-09-11T15:50:54,9002.11
4110,7,SANTANDER,LUCAS,DEPOSITO,2022-12-01T07:09:25,3891.32
2220,2,SANTANDER,JULIA,DEPOSITO,2022-11-11T17:32:49,270.7
1260,8,SANTANDER,BEATRIZ,DEPOSITO,2022-04-26T15:22:13,4510.18
1810,3,SANTANDER,CARLOS,SAQUE,2022-07-20T03:56:45,9165.98
2870,9,SANTANDER,PAULO,DEPOSITO,2022-02-20T17:54:18,105.18
1520,1,SANTANDER,JOAO,SAQUE,2022-07-08T00:26:28,7005.37
1520,1,SANTANDER,JOAO,DEPOSITO,2022-11-08T00:00:35,9417.02
4110,7,SANTANDER,LUCAS,DEPOSITO,2022-06-01T08:46:26,3407.04
2750,5,SANTANDER,ANA,SAQUE,2022-02-20T20:24:46,6719.95
3090,6,SANTANDER,PEDRO,DEPOSITO,2022-04-26T22:03:54,1007.74
1520,1,SANTANDER,JOAO,DEPOSITO,2022-08-20T02:16:58,4214.66
2750,5,SANTANDER,ANA,SAQUE,2022-05-02T01:28:06,5798.81
1044,2,SANTANDER,FELIPE,SAQUE,2022-06-08T15:30:58,6659.7
2750,5,SANTANDER,ANA,DEPOSITO,2022-01-07T07:53:53,3277.43
2870,9,SANTANDER,PAULO,DEPOSITO,2022-10-31T06:48:25,1335.59
1260,8,SANTANDER,BEATRIZ,DEPOSITO,2022-06-29T15:28:13,5221.63
1044,2,SANTANDER,FELIPE,DEPOSITO,2022-10-08T01:37:53,8482.68
2870,9,SANTANDER,PAULO,DEPOSITO,2022-09-01T15:30:53,2164.37
4110,7,SANTANDER,LUCAS,DEPOSITO,2022-05-22T13:43:35,31.56
1044,2,SANTANDER,FELIPE,SAQUE,2022-03-11T17:31:37,881.66
4110,7,SANTANDER,LUCAS,SAQUE,2022-06-05T06:47:59,4880.46
3320,4,SANTANDER,MARIA,SAQUE,2022-06-13T07:30:49,3921.02
1044,2,SANTANDER,FELIPE,DEPOSITO,2022-06-18T16:03:27,7197.09
3320,4,SANTANDER,MARIA,SAQUE,2022-02-24T12:03:12,2409.73
2220,2,SANTANDER,JULIA,SAQUE,2022-05-26T02:05:16,9685.26
2750,5,SANTANDER,ANA,SAQUE,2022-10-06T10:09:47,7497.68
3320,4,SANTANDER,MARIA,DEPOSITO,2022-06-30T12:56:33,1770.45
1260,8,SANTANDER,BEATRIZ,SAQUE,2022-08-15T13:51:39,4110.18
2750,5,SANTANDER,ANA,DEPOSITO,2022-07-11T00:35:10,133.13
3090,6,SANTANDER,PEDRO,SAQUE,2022-05-17T16:27:39,6201.6
2750,5,SANTANDER,ANA,SAQUE,2022-04-18T22:17:05,5752.54
1810,3,SANTANDER,CARLOS,DEPOSITO,2022-08-21T15:14:20,571.18
1044,2,SANTANDER,FELIPE,SAQUE,2022-11-17T00:05:42,9937.76
1810,3,SANTANDER,CARLOS,DEPOSITO,2022-01-17T04:07:06,4528.57
3090,6,SANTANDER,PEDRO,SAQUE,2022-06-10T17:37:22,5378.36
2750,5,SANTANDER,ANA,SAQUE,2022-04-15T07:10:51,4414.59
2220,2,SANTANDER,JULIA,SAQUE,2022-04-09T09:16:58,2672.53
2870,9,SANTANDER,PAULO,DEPOSITO,2022-06-06T20:11:53,7239.58
2220,2,SANTANDER,JULIA,DEPOSITO,2022-04-14T14:32:25,3415.4
1260,8,SANTANDER,BEATRIZ,DEPOSITO,2022-02-20T06:55:17,8031.58
1520,1,SANTANDER,JOAO,SAQUE,2022-03-30T01:28:16,4612.09
3320,4,SANTANDER,MARIA,SAQUE,2022-07-13T00:24:57,6502.29
1520,1,SANTANDER,JOAO,SAQUE,2022-09-15T20:16:02,7671.62
2220,2,SANTANDER,JULIA,SAQUE,2022-07-19T11:00:09,3702.52
1260,8,SANTANDER,BEATRIZ,SAQUE,2022-05-31T17:49:22,5558.21
4110,7,SANTANDER,LUCAS,DEPOSITO,2022-09-02T00:58:02,6368.55
3320,4,SANTANDER,MARIA,DEPOSITO,2022-02-06T20:18:51,2408.0
1520,1,SANTANDER,JOAO,SAQUE,2022-10-29T05:07:10,1377.91
2220,2,SANTANDER,JULIA,DEPOSITO,2022-11-22T16:58:42,2407.96
4110,7,SANTANDER,LUCAS,DEPOSITO,2022-06-20T12:53:44,152.22
2870,9,SANTANDER,PAULO,DEPOSITO,2022-11-28T22:51:19,3947.63
3320,4,SANTANDER,MARIA,SAQUE,2022-12-10T13:30:26,5017.34
2870,9,SANTANDER,PAULO,SAQUE,2022-10-07T17:45:21,6775.11
2870,9,SANTANDER,PAULO,DEPOSITO,2022-03-20T08:54:03,6355.07
2220,2,SANTANDER,JULIA,DEPOSITO,2022-12-19T10:33:11,7029.42
2750,5,SANTANDER,ANA,SAQUE,2022-12-17T12:15:51,344.52
3320,4,SANTANDER,MARIA,DEPOSITO,2022-08-19T03:22:58,1732.68
1810,3,SANTANDER,CARLOS,SAQUE,2022-08-01T23:01:59,544.88
3090,6,SANTANDER,PEDRO,SAQUE,2022-08-18T08:59:26,264.26
2870,9,SANTANDER,PAULO,SAQUE,2022-11-04T01:26:43,4435.72
2220,2,SANTANDER,JULIA,DEPOSITO,2022-04-22T15:23:30,7240.96
3320,4,SANTANDER,MARIA,SAQUE,2022-09-05T19:01:14,2975.21
1520,1,SANTANDER,JOAO,DEPOSITO,2022-10-19T21:00:09,3503.12
3320,4,SANTANDER,MARIA,DEPOSITO,2022-05-20T20:03:28,1895.24
3090,6,SANTANDER,PEDRO,DEPOSITO,2022-05-23T03:06:35,7734.18
1260,8,SANTANDER,BEATRIZ,DEPOSITO,2022-09-04T19:46:14,8538.87
1520,1,SANTANDER,JOAO,DEPOSITO,2022-02-05T22:36:15,3767.48
2750,5,SANTANDER,ANA,DEPOSITO,2022-09-01T20:59:36,5189.13
3090,6,SANTANDER,PEDRO,SAQUE,2022-08-23T22:21:21,1447.12
1520,1,SANTANDER,JOAO,DEPOSITO,2022-08-22T21:42:35,9564.16
1810,3,SANTANDER,CARLOS,SAQUE,2022-02-10T11:01:24,57.7
1044,2,SANTANDER,FELIPE,SAQUE,2022-09-14T18:34:53,5413.4
1044,2,SANTANDER,FELIPE,DEPOSITO,2022-01-16T02:07:55,8072.7
1810,3,SANTANDER,CARLOS,DEPOSITO,2022-01-13T01:20:27,1927.08
1520,1,SANTANDER,JOAO,SAQUE,2022-10-27T17:26:21,7297.36
1520,1,SANTANDER,JOAO,DEPOSITO,2022-03-09T22:05:41,7800.74
1044,2,SANTANDER,FELIPE,SAQUE,2022-08-14T00:38:50,7870.24
3320,4,SANTANDER,MARIA,SAQUE,2022-10-02T18:56:55,4969.86
2870,9,SANTANDER,PAULO,SAQUE,2022-08-03T00:57:35,5019.27
2870,9,SANTANDER,PAULO,DEPOSITO,2022-11-10T15:37:02,861.28
2870,9,SANTANDER,PAULO,DEPOSITO,2022-06-27T19:06:17,8025.81
2220,2,SANTANDER,JULIA,DEPOSITO,2022-11-06T01:34:20,690.51
3090,6,SANTANDER,PEDRO,DEPOSITO,2022-12-19T10:10:12,8336.05
1044,2,SANTANDER,FELIPE,SAQUE,2022-04-08T04:32:20,6073.47
1520,1,SANTANDER,JOAO,SAQUE,2022-04-30T03:14:44,8567.86
3320,4,SANTANDER,MARIA,SAQUE,2022-11-29T21:54:35,1859.4
2750,5,SANTANDER,ANA,SAQUE,2022-08-04T22:02:24,8077.95
1520,1,SANTANDER,JOAO,SAQUE,2022-09-03T10:18:37,8195.15
3320,4,SANTANDER,MARIA,SAQUE,2022-07-08T23:55:42,2166.67
2870,9,SANTANDER,PAULO,DEPOSITO,2022-11-18T10:23:17,8490.88
3320,4,SANTANDER,MARIA,DEPOSITO,2022-12-16T03:49:13,6832.39
3090,6,SANTANDER,PEDRO,DEPOSITO,2022-08-13T11:23:03,1561.41
3090,6,SANTANDER,PEDRO,DEPOSITO,2022-04-09T16:04:17,2964.02
1260,8,SANTANDER,BEATRIZ,SAQUE,2022-06-29T08:55:47,6447.17
1260,8,SANTANDER,BEATRIZ,DEPOSITO,2022-10-21T18:41:08,9156.18
3090,6,SANTANDER,PEDRO,SAQUE,2022-03-18T11:08:22,4681.67
3320,4,SANTANDER,MARIA,SAQUE,2022-03-04T07:13:59,8641.48
1044,2,SANTANDER,FELIPE,DEPOSITO,2022-07-20T04:49:04,98.59
2750,5,SANTANDER,ANA,DEPOSITO,2022-10-03T12:16:57,3295.72
4110,7,SANTANDER,LUCAS,DEPOSITO,2022-03-12T19:04:09,466.7
1810,3,SANTANDER,CARLOS,DEPOSITO,2022-06-29T20:41:12,7699.26
1810,3,SANTANDER,CARLOS,DEPOSITO,2022-05-18T12:55:10,6225.84
1520,1,SANTANDER,JOAO,SAQUE,2022-05-18T17:48:05,7441.02
2750,5,SANTANDER,ANA,DEPOSITO,2022-06-05T04:06:18,5649.39
3090,6,SANTANDER,PEDRO,DEPOSITO,2022-12-09T09:17:50,6639.37
2220,2,SANTANDER,JULIA,SAQUE,2022-04-17T19:01:37,8977.08
3320,4,SANTANDER,MARIA,SAQUE,2022-08-31T03:41:56,6560.06
1520,1,SANTANDER,JOAO,DEPOSITO,2022-07-20T08:55:15,2622.42
3090,6,SANTANDER,PEDRO,SAQUE,2022-04-21T05:14:10,1687.14
3320,4,SANTANDER,MARIA,DEPOSITO,2022-12-25T23:44:33,7054.71
2750,5,SANTANDER,ANA,DEPOSITO,2022-12-13T01:25:25,9336.65
1520,1,SANTANDER,JOAO,DEPOSITO,2022-12-04T23:42:03,6964.62
2750,5,SANTANDER,ANA,SAQUE,2022-03-25T08:12:38,8713.19
2750,5,SANTANDER,ANA,DEPOSITO,2022-04-13T01:09:58,9423.44
3320,4,SANTANDER,MARIA,DEPOSITO,2022-11-03T15:06:23,6686.35
3090,6,SANTANDER,PEDRO,SAQUE,2022-05-28T07:01:05,8749.97
3090,6,SANTANDER,PEDRO,DEPOSITO,2022-06-08T12:41:51,8266.1
3320,4,SANTANDER,MARIA,SAQUE,2022-06-18T13:16:41,941.84
3320,4,SANTANDER,MARIA,DEPOSITO,2022-12-11T00:15:55,223.65
2870,9,SANTANDER,PAULO,SAQUE,2022-05-17T17:46:05,6025.91
1260,8,SANTANDER,BEATRIZ,SAQUE,2022-08-31T02:01:19,1806.57
1044,2,SANTANDER,FELIPE,SAQUE,2022-04-03T12:21:42,5929.57
3320,4,SANTANDER,MARIA,DEPOSITO,2022-03-30T07:28:01,8385.14
1260,8,SANTANDER,BEATRIZ,DEPOSITO,2022-01-19T21:25:17,9307.36
2750,5,SANTANDER,ANA,DEPOSITO,2022-08-29T02:12:40,3140.56
2870,9,SANTANDER,PAULO,DEPOSITO,2022-04-18T03:33:52,555.59
4110,7,SANTANDER,LUCAS,SAQUE,2022-11-11T16:33:43,2196.34
4110,7,SANTANDER,LUCAS,DEPOSITO,2022-06-10T06:30:02,2668.09
4110,7,SANTANDER,LUCAS,SAQUE,2022-12-06T12:17:58,765.05
2870,9,SANTANDER,PAULO,DEPOSITO,2022-11-12T08:26:49,1567.24
2870,9,SANTANDER,PAULO,DEPOSITO,2022-09-19T15:41:45,6700.2
2750,5,SANTANDER,ANA,SAQUE,2022-10-01T23:02:46,2229.28
2750,5,SANTANDER,ANA,SAQUE,2022-03-11T23:57:51,9323.72
4110,7,SANTANDER,LUCAS,SAQUE,2022-01-13T10:19:48,5716.17
3320,4,SANTANDER,MARIA,SAQUE,2022-02-04T08:52:56,918.81
1810,3,SANTANDER,CARLOS,SAQUE,2022-07-29T07:33:07,2181.35
3090,6,SANTANDER,PEDRO,DEPOSITO,2022-09-21T12:32:55,1678.83
1520,1,SANTANDER,JOAO,DEPOSITO,2022-08-26T23:17:19,3791.12
1044,2,SANTANDER,FELIPE,DEPOSITO,2022-12-02T10:22:04,3038.31
2870,9,SANTANDER,PAULO,DEPOSITO,2022-08-26T14:53:46,2652.19
2220,2,SANTANDER,JULIA,SAQUE,2022-10-11T22:17:19,6927.55
4110,7,SANTANDER,LUCAS,DEPOSITO,2022-06-17T17:29:02,5876.94
3320,4,SANTANDER,MARIA,DEPOSITO,2022-07-19T05:32:10,3172.59
4110,7,SANTANDER,LUCAS,DEPOSITO,2022-06-01T16:40:14,9917.28
2750,5,SANTANDER,ANA,DEPOSITO,2022-08-07T07:54:02,2060.96
4110,7,SANTANDER,LUCAS,SAQUE,2022-06-18T17:12:45,4094.39
2750,5,SANTANDER,ANA,SAQUE,2022-12-03T06:37:18,670.92
1520,1,SANTANDER,JOAO,SAQUE,2022-07-28T04:07:28,9396.54
4110,7,SANTANDER,LUCAS,DEPOSITO,2022-04-29T21:38:13,772.87
1044,2,SANTANDER,FELIPE,DEPOSITO,2022-04-27T17:43:20,2709.14
2870,9,SANTANDER,PAULO,SAQUE,2022-08-04T12:01:56,6214.92
2870,9,SANTANDER,PAULO,SAQUE,2022-09-05T19:49:23,2096.05
1044,2,SANTANDER,FELIPE,SAQUE,2022-05-26T23:33:28,1992.4
3320,4,SANTANDER,MARIA,DEPOSITO,2022-03-06T20:22:22,49.18
3090,6,SANTANDER,PEDRO,SAQUE,2022-01-20T10:35:53,1671.9
2220,2,SANTANDER,JULIA,SAQUE,2022-05-05T23:26:22,9984.72
2220,2,SANTANDER,JULIA,DEPOSITO,2022-03-04T04:53:52,2100.72
2220,2,SANTANDER,JULIA,SAQUE,2022-02-25T14:41:35,3747.71
2750,5,SANTANDER,ANA,DEPOSITO,2022-03-01T00:01:44,7360.72
1044,2,SANTANDER,FELIPE,DEPOSITO,2022-07-24T18:24:25,5297.03
2220,2,SANTANDER,JULIA,DEPOSITO,2022-01-05T10:29:25,7096.2
2870,9,SANTANDER,PAULO,SAQUE,2022-10-15T03:53:28,7707.32
1260,8,SANTANDER,BEATRIZ,DEPOSITO,2022-08-11T18:02:47,6226.79
3090,6,SANTANDER,PEDRO,DEPOSITO,2022-11-19T18:09:38,4342.46
2220,2,SANTANDER,JULIA,DEPOSITO,2022-11-04T18:16:32,5275.48
2870,9,SANTANDER,PAULO,DEPOSITO,2022-05-21T06:10:55,2947.39
1520,1,SANTANDER,JOAO,SAQUE,2022-03-04T09:38:35,7091.82
3320,4,SANTANDER,MARIA,SAQUE,2022-07-21T08:34:53,5015.44
1520,1,SANTANDER,JOAO,SAQUE,2022-08-02T06:06:45,1466.31
3090,6,SANTANDER,PEDRO,SAQUE,2022-05-29T15:03:34,6719.64
2870,9,SANTANDER,PAULO,DEPOSITO,2022-11-22T03:58:30,7123.12
2870,9,SANTANDER,PAULO,DEPOSITO,2022-10-13T15:33:54,2588.95
1044,2,SANTANDER,FELIPE,SAQUE,2022-11-20T03:42:24,6452.62
1260,8,SANTANDER,BEATRIZ,DEPOSITO,2022-05-26T17:57:13,2787.39
1260,8,SANTANDER,BEATRIZ,SAQUE,2022-12-11T08:30:28,2549.88
1520,1,SANTANDER,JOAO,DEPOSITO,2022-06-23T13:13:31,530.01
3320,4,SANTANDER,MARIA,DEPOSITO,2022-05-15T08:02:32,8758.47
2870,9,SANTANDER,PAULO,SAQUE,2022-09-29T15:31:35,1411.39
3090,6,SANTANDER,PEDRO,DEPOSITO,2022-10-03T18:00:27,3500.75
1520,1,SANTANDER,JOAO,SAQUE,2022-04-11T06:10:04,855.17
3320,4,SANTANDER,MARIA,DEPOSITO,2022-09-10T06:54:29,2176.69
1520,1,SANTANDER,JOAO,SAQUE,2022-10-17T01:07:00,4509.7
1260,8,SANTANDER,BEATRIZ,DEPOSITO,2022-06-24T11:25:07,9975.71
1044,2,SANTANDER,FELIPE,SAQUE,2022-06-04T16:12:02,8997.42
2870,9,SANTANDER,PAULO,DEPOSITO,2022-04-28T06:33:46,6560.55
2870,9,SANTANDER,PAULO,SAQUE,2022-02-03T08:51:34,2232.7
2220,2,SANTANDER,JULIA,SAQUE,2022-01-26T12:08:24,3143.19
2750,5,SANTANDER,ANA,SAQUE,2022-07-22T13:27:31,2226.43
1520,1,SANTANDER,JOAO,SAQUE,2022-12-20T04:35:13,5000.94
2750,5,SANTANDER,ANA,SAQUE,2022-03-15T21:06:47,6843.09
3090,6,SANTANDER,PEDRO,SAQUE,2022-06-14T19:20:54,2234.93
2750,5,SANTANDER,ANA,SAQUE,2022-11-09T22:15:27,3000.16
3090,6,SANTANDER,PEDRO,DEPOSITO,2022-10-11T02:32:08,2460.14
1810,3,SANTANDER,CARLOS,SAQUE,2022-12-14T05:31:15,3559.93
1260,8,SANTANDER,BEATRIZ,SAQUE,2022-10-22T07:55:12,1437.34
1044,2,SANTANDER,FELIPE,DEPOSITO,2022-08-05T18:08:59,9295.83
3090,6,SANTANDER,PEDRO,SAQUE,2022-05-29T00:40:29,8060.12
1260,8,SANTANDER,BEATRIZ,SAQUE,2022-12-19T10:31:41,9411.08
1044,2,SANTANDER,FELIPE,DEPOSITO,2022-10-14T16:05:58,6516.83
1520,1,SANTANDER,JOAO,SAQUE,2022-03-14T00:27:36,9201.49
1810,3,SANTANDER,CARLOS,SAQUE,2022-06-22T00:37:39,6518.47
1520,1,SANTANDER,JOAO,DEPOSITO,2022-03-20T01:53:00,5996.17
3320,4,SANTANDER,MARIA,DEPOSITO,2022-11-03T23:03:18,8088.5
1520,1,SANTANDER,JOAO,DEPOSITO,2022-08-24T10:20:35,376.44
2220,2,SANTANDER,JULIA,SAQUE,2022-12-09T15:23:16,8558.75
4110,7,SANTANDER,LUCAS,DEPOSITO,2022-07-03T03:00:34,2642.41
1520,1,SANTANDER,JOAO,DEPOSITO,2022-07-22T00:53:53,7674.62
1260,8,SANTANDER,BEATRIZ,DEPOSITO,2022-09-16T08:30:01,6655.71
3090,6,SANTANDER,PEDRO,DEPOSITO,2022-09-07T14:30:18,4872.23
4110,7,SANTANDER,LUCAS,SAQUE,2022-04-24T07:08:30,4716.44
4110,7,SANTANDER,LUCAS,SAQUE,2022-11-30T16:55:08,83.47
3090,6,SANTANDER,PEDRO,DEPOSITO,2022-06-18T18:00:34,9770.9
1810,3,SANTANDER,CARLOS,DEPOSITO,2022-11-05T00:51:44,136.76
2750,5,SANTANDER,ANA,DEPOSITO,2022-11-18T19:13:14,2216.6
1044,2,SANTANDER,FELIPE,SAQUE,2022-07-15T17:27:11,8716.95
2220,2,SANTANDER,JULIA,DEPOSITO,2022-03-11T11:29:37,6426.32
3320,4,SANTANDER,MARIA,SAQUE,2022-10-23T21:36:33,3838.77
2870,9,SANTANDER,PAULO,SAQUE,2022-07-22T08:42:14,3622.36
1260,8,SANTANDER,BEATRIZ,DEPOSITO,2022-12-31T03:06:43,2769.96
4110,7,SANTANDER,LUCAS,SAQUE,2022-02-28T20:43:00,2551.36
1260,8,SANTANDER,BEATRIZ,DEPOSITO,2022-05-23T03:54:02,7910.92
1260,8,SANTANDER,BEATRIZ,DEPOSITO,2022-07-04T22:15:47,894.49
2220,2,SANTANDER,JULIA,SAQUE,2022-05-18T23:39:57,4979.28
2220,2,SANTANDER,JULIA,DEPOSITO,2022-07-25T13:58:38,3233.77
1810,3,SANTANDER,CARLOS,SAQUE,2022-01-04T06:54:11,3363.66
4110,7,SANTANDER,LUCAS,SAQUE,2022-12-12T20:58:01,4714.96
1520,1,SANTANDER,JOAO,SAQUE,2022-03-06T08:23:41,1802.55
2220,2,SANTANDER,JULIA,SAQUE,2022-02-14T16:46:22,602.5
2750,5,SANTANDER,ANA,DEPOSITO,2022-02-23T10:02:55,7681.14
4110,7,SANTANDER,LUCAS,SAQUE,2022-08-16T14:22:40,2415.33
1044,2,SANTANDER,FELIPE,SAQUE,2022-11-04T01:21:03,2730.73
2870,9,SANTANDER,PAULO,SAQUE,2022-01-17T05:33:27,3750.99
4110,7,SANTANDER,LUCAS,DEPOSITO,2022-04-14T05:12:56,2416.4
3320,4,SANTANDER,MARIA,SAQUE,2022-07-03T16:48:59,8028.12
2870,9,SANTANDER,PAULO,SAQUE,2022-10-26T00:55:30,255.31
1810,3,SANTANDER,CARLOS,SAQUE,2022-12-11T14:26:26,7430.58
4110,7,SANTANDER,LUCAS,SAQUE,2022-03-30T13:26:09,1743.28
3320,4,SANTANDER,MARIA,SAQUE,2022-11-18T18:07:51,669.79
2750,5,SANTANDER,ANA,DEPOSITO,2022-10-05T05:18:56,5841.62
1044,2,SANTANDER,FELIPE,DEPOSITO,2022-08-16T20:39:43,2158.46
3090,6,SANTANDER,PEDRO,SAQUE,2022-12-27T01:08:14,1960.98
3090,6,SANTANDER,PEDRO,SAQUE,2022-04-16T22:28:14,2047.03
1044,2,SANTANDER,FELIPE,DEPOSITO,2022-07-14T21:58:27,2178.27
1044,2,SANTANDER,FELIPE,SAQUE,2022-05-05T20:57:03,5633.17
3320,4,SANTANDER,MARIA,DEPOSITO,2022-12-13T11:35:19,6992.99
3320,4,SANTANDER,MARIA,DEPOSITO,2022-09-04T19:09:23,3244.87
2750,5,SANTANDER,ANA,DEPOSITO,2022-01-16T15:58:05,3708.5
1260,8,SANTANDER,BEATRIZ,DEPOSITO,2022-06-23T02:17:58,4632.75
2750,5,SANTANDER,ANA,SAQUE,2022-05-02T14:32:27,2090.89
1260,8,SANTANDER,BEATRIZ,SAQUE,2022-03-25T05:12:10,4557.85
2750,5,SANTANDER,ANA,SAQUE,2022-04-13T23:00:05,6038.29
3320,4,SANTANDER,MARIA,DEPOSITO,2022-12-14T12:28:55,8264.03
3320,4,SANTANDER,MARIA,SAQUE,2022-05-17T05:33:14,9729.89
1810,3,SANTANDER,CARLOS,DEPOSITO,2022-05-29T06:56:29,2733.41
1044,2,SANTANDER,FELIPE,SAQUE,2022-01-12T11:13:07,489.91
1810,3,SANTANDER,CARLOS,DEPOSITO,2022-09-29T22:13:06,1361.4
1520,1,SANTANDER,JOAO,SAQUE,2022-05-01T21:49:21,135.04
3320,4,SANTANDER,MARIA,SAQUE,2022-09-30T16:34:27,3935.34
3090,6,SANTANDER,PEDRO,DEPOSITO,2022-01-03T23:22:08,5358.92
1520,1,SANTANDER,JOAO,SAQUE,2022-01-10T22:43:55,4090.42
4110,7,SANTANDER,LUCAS,SAQUE,2022-10-31T18:00:44,6318.28
1260,8,SANTANDER,BEATRIZ,DEPOSITO,2022-01-20T05:43:14,7293.85
1044,2,SANTANDER,FELIPE,DEPOSITO,2022-03-04T00:37:26,1274.01
1810,3,SANTANDER,CARLOS,DEPOSITO,2022-12-07T22:59:02,1672.97
1810,3,SANTANDER,CARLOS,SAQUE,2022-09-23T22:38:17,636.92
1810,3,SANTANDER,CARLOS,SAQUE,2022-03-02T22:51:40,3047.11
4110,7,SANTANDER,LUCAS,SAQUE,2022-02-11T13:01:25,6822.63
3320,4,SANTANDER,MARIA,DEPOSITO,2022-11-06T01:24:39,5968.72
4110,7,SANTANDER,LUCAS,SAQUE,2022-08-28T03:16:00,7629.46
1520,1,SANTANDER,JOAO,SAQUE,2022-08-17T17:52:34,8001.25
3090,6,SANTANDER,PEDRO,DEPOSITO,2022-06-06T05:03:19,2445.48
2220,2,SANTANDER,JULIA,DEPOSITO,2022-08-08T07:02:35,8643.15
4110,7,SANTANDER,LUCAS,SAQUE,2022-03-31T21:07:29,4855.42
3090,6,SANTANDER,PEDRO,SAQUE,2022-08-21T09:39:21,6979.2
1044,2,SANTANDER,FELIPE,DEPOSITO,2022-03-18T07:39:07,3673.4
1260,8,SANTANDER,BEATRIZ,SAQUE,2022-06-07T00:59:00,7248.57
4110,7,SANTANDER,LUCAS,DEPOSITO,2022-11-09T10:40:10,9162.44
1260,8,SANTANDER,BEATRIZ,DEPOSITO,2022-09-03T06:14:45,2323.17
1260,8,SANTANDER,BEATRIZ,DEPOSITO,2022-03-27T14:02:51,9720.58
2870,9,SANTANDER,PAULO,SAQUE,2022-05-20T01:15:12,4623.77
3320,4,SANTANDER,MARIA,DEPOSITO,2022-03-28T17:32:02,4806.65
1044,2,SANTANDER,FELIPE,SAQUE,2022-06-14T17:09:00,9465.99
1260,8,SANTANDER,BEATRIZ,SAQUE,2022-10-06T21:22:09,3303.14
1260,8,SANTANDER,BEATRIZ,SAQUE,2022-02-15T10:13:23,1638.14
3090,6,SANTANDER,PEDRO,DEPOSITO,2022-10-25T05:15:00,7097.23
4110,7,SANTANDER,LUCAS,SAQUE,2022-05-25T05:07:42,3700.81
1260,8,SANTANDER,BEATRIZ,SAQUE,2022-04-16T05:44:22,1165.33
2750,5,SANTANDER,ANA,SAQUE,2022-04-17T15:36:08,2237.29
1810,3,SANTANDER,CARLOS,DEPOSITO,2022-06-13T02:34:28,9935.75
3320,4,SANTANDER,MARIA,SAQUE,2022-04-13T15:51:03,9730.63
2220,2,SANTANDER,JULIA,SAQUE,2022-05-13T01:14:01,320.35
3090,6,SANTANDER,PEDRO,DEPOSITO,2022-08-24T00:19:14,8946.02
1044,2,SANTANDER,FELIPE,SAQUE,2022-01-04T16:46:47,7261.81
1520,1,SANTANDER,JOAO,DEPOSITO,2022-04-08T01:11:00,8259.34
2220,2,SANTANDER,JULIA,DEPOSITO,2022-08-28T23:41:57,590.56
2870,9,SANTANDER,PAULO,SAQUE,2022-07-11T04:16:11,992.03
1260,8,SANTANDER,BEATRIZ,DEPOSITO,2022-10-14T15:09:22,4616.94
2750,5,SANTANDER,ANA,SAQUE,2022-10-06T13:43:51,9899.99
2870,9,SANTANDER,PAULO,DEPOSITO,2022-08-24T18:13:29,6229.73
1810,3,SANTANDER,CARLOS,DEPOSITO,2022-10-01T22:15:48,5022.68
2750,5,SANTANDER,ANA,DEPOSITO,2022-08-02T07:39:35,8966.16
1520,1,SANTANDER,JOAO,SAQUE,2022-02-23T12:15:22,7010.56
1520,1,SANTANDER,JOAO,SAQUE,2022-01-06T04:11:04,5222.26
1044,2,SANTANDER,FELIPE,SAQUE,2022-04-21T16:40:45,7247.88
3090,6,SANTANDER,PEDRO,DEPOSITO,2022-10-13T07:13:43,8014.54
1044,2,SANTANDER,FELIPE,DEPOSITO,2022-02-07T09:34:11,5042.39
2750,5,SANTANDER,ANA,SAQUE,2022-04-10T16:54:31,8450.76
2220,2,SANTANDER,JULIA,SAQUE,2022-05-30T07:42:25,573.39
1044,2,SANTANDER,FELIPE,SAQUE,2022-11-05T13:31:48,8734.21
3090,6,SANTANDER,PEDRO,SAQUE,2022-05-06T22:36:31,386.88
1810,3,SANTANDER,CARLOS,SAQUE,2022-03-09T09:25:42,9024.42
1810,3,SANTANDER,CARLOS,DEPOSITO,2022-04-06T18:25:21,5686.03
2750,5,SANTANDER,ANA,SAQUE,2022-03-23T17:19:52,9012.7
1260,8,SANTANDER,BEATRIZ,SAQUE,2022-04-04T07:20:03,8842.41
3320,4,SANTANDER,MARIA,DEPOSITO,2022-04-18T10:42:59,1784.51
1044,2,SANTANDER,FELIPE,DEPOSITO,2022-08-04T21:01:56,6468.07
4110,7,SANTANDER,LUCAS,DEPOSITO,2022-02-14T00:30:28,6146.82
1810,3,SANTANDER,CARLOS,SAQUE,2022-10-20T14:39:22,7069.21
1520,1,SANTANDER,JOAO,DEPOSITO,2022-09-19T11:07:09,702.51
2220,2,SANTANDER,JULIA,DEPOSITO,2022-02-05T18:18:20,4946.55
4110,7,SANTANDER,LUCAS,DEPOSITO,2022-11-20T15:17:37,4591.13
1260,8,SANTANDER,BEATRIZ,DEPOSITO,2022-03-05T06:47:51,7314.45
1044,2,SANTANDER,FELIPE,DEPOSITO,2022-06-09T20:23:50,6832.04
3090,6,SANTANDER,PEDRO,DEPOSITO,2022-12-05T20:26:17,3900.67
1044,2,SANTANDER,FELIPE,SAQUE,2022-05-24T22:48:24,5028.11
1260,8,SANTANDER,BEATRIZ,SAQUE,2022-04-13T03:03:46,4677.47
1044,2,SANTANDER,FELIPE,SAQUE,2022-10-07T03:06:25,8526.13
3320,4,SANTANDER,MARIA,SAQUE,2022-07-20T10:49:37,7572.09
1520,1,SANTANDER,JOAO,DEPOSITO,2022-10-13T05:00:44,1533.15
1520,1,SANTANDER,JOAO,SAQUE,2022-01-16T12:47:32,2962.12
1260,8,SANTANDER,BEATRIZ,DEPOSITO,2022-10-16T17:49:22,6160.97
2870,9,SANTANDER,PAULO,SAQUE,2022-10-23T07:13:38,5115.3
4110,7,SANTANDER,LUCAS,SAQUE,2022-06-28T13:58:06,8593.29
2750,5,SANTANDER,ANA,DEPOSITO,2022-02-01T09:19:03,1172.95
1260,8,SANTANDER,BEATRIZ,SAQUE,2022-04-18T11:14:26,3260.87
1044,2,SANTANDER,FELIPE,SAQUE,2022-05-17T07:11:56,3003.24
2750,5,SANTANDER,ANA,SAQUE,2022-10-30T19:03:20,9728.7
1520,1,SANTANDER,JOAO,DEPOSITO,2022-05-14T16:16:24,4585.22
1260,8,SANTANDER,BEATRIZ,DEPOSITO,2022-08-04T09:57:45,2926.11
1044,2,SANTANDER,FELIPE,DEPOSITO,2022-08-05T01:32:32,2077.54
2750,5,SANTANDER,ANA,SAQUE,2022-04-03T12:42:53,213.77
1260,8,SANTANDER,BEATRIZ,DEPOSITO,2022-04-30T20:54:29,4807.25
1520,1,SANTANDER,JOAO,SAQUE,2022-11-07T00:53:18,7649.12
2870,9,SANTANDER,PAULO,SAQUE,2022-08-06T02:56:50,3150.81
2870,9,SANTANDER,PAULO,DEPOSITO,2022-10-18T08:07:59,1319.44
4110,7,SANTANDER,LUCAS,DEPOSITO,2022-10-02T06:42:22,6347.04
2870,9,SANTANDER,PAULO,DEPOSITO,2022-08-11T03:56:34,4838.85
2220,2,SANTANDER,JULIA,SAQUE,2022-11-09T16:45:38,4647.58
1810,3,SANTANDER,CARLOS,SAQUE,2022-03-26T22:36:24,9047.94
4110,7,SANTANDER,LUCAS,SAQUE,2022-11-22T02:49:42,6848.53
2870,9,SANTANDER,PAULO,DEPOSITO,2022-02-16T18:00:07,5372.24
1044,2,SANTANDER,FELIPE,SAQUE,2022-05-19T14:53:01,8212.98
2220,2,SANTANDER,JULIA,DEPOSITO,2022-07-26T10:05:36,2892.09
1810,3,SANTANDER,CARLOS,DEPOSITO,2022-12-28T02:47:46,1442.38
2220,2,SANTANDER,JULIA,DEPOSITO,2022-04-09T11:10:01,1438.7
2750,5,SANTANDER,ANA,SAQUE,2022-07-29T22:58:57,4171.41
2750,5,SANTANDER,ANA,SAQUE,2022-05-25T02:53:42,3364.18
1520,1,SANTANDER,JOAO,DEPOSITO,2022-12-03T15:50:37,845.69
2870,9,SANTANDER,PAULO,SAQUE,2022-10-22T18:14:37,8779.62
1810,3,SANTANDER,CARLOS,SAQUE,2022-09-28T20:30:11,9119.26
2220,2,SANTANDER,JULIA,SAQUE,2022-10-05T08:02:19,1668.04
3090,6,SANTANDER,PEDRO,DEPOSITO,2022-08-02T05:24:27,9668.72
1810,3,SANTANDER,CARLOS,SAQUE,2022-11-01T01:50:01,9941.23
2870,9,SANTANDER,PAULO,SAQUE,2022-11-25T14:08:24,7197.41
3090,6,SANTANDER,PEDRO,SAQUE,2022-06-29T15:08:00,4616.88
3320,4,SANTANDER,MARIA,SAQUE,2022-12-25T14:54:02,4981.27
4110,7,SANTANDER,LUCAS,SAQUE,2022-02-15T14:09:29,8250.2
3090,6,SANTANDER,PEDRO,SAQUE,2022-02-07T19:29:53,2326.11
4110,7,SANTANDER,LUCAS,DEPOSITO,2022-08-06T16:42:55,6821.37
2220,2,SANTANDER,JULIA,SAQUE,2022-07-03T16:42:21,8846.97
2750,5,SANTANDER,ANA,DEPOSITO,2022-06-27T06:32:48,9773.65
1044,2,SANTANDER,FELIPE,SAQUE,2022-09-26T22:23:12,9262.31
1520,1,SANTANDER,JOAO,DEPOSITO,2022-11-08T11:41:55,3208.39
2220,2,SANTANDER,JULIA,DEPOSITO,2022-05-06T11:26:01,7283.61
3320,4,SANTANDER,MARIA,SAQUE,2022-08-18T06:11:35,2314.8
2750,5,SANTANDER,ANA,DEPOSITO,2022-01-31T02:19:01,2440.54
1810,3,SANTANDER,CARLOS,SAQUE,2022-03-04T21:27:03,8751.67
2220,2,SANTANDER,JULIA,SAQUE,2022-12-29T03:05:26,8608.08
1810,3,SANTANDER,CARLOS,SAQUE,2022-12-29T22:49:03,1099.95
1520,1,SANTANDER,JOAO,SAQUE,2022-05-12T19:19:48,297.72
1810,3,SANTANDER,CARLOS,SAQUE,2022-04-13T17:21:50,3593.04
2750,5,SANTANDER,ANA,DEPOSITO,2022-05-14T19:20:28,4323.05
1260,8,SANTANDER,BEATRIZ,DEPOSITO,2022-04-01T17:15:01,2967.99
1044,2,SANTANDER,FELIPE,SAQUE,2022-02-12T19:29:18,9110.65
2750,5,SANTANDER,ANA,SAQUE,2022-11-08T19:17:08,8923.24
1810,3,SANTANDER,CARLOS,SAQUE,2022-12-14T18:14:39,4837.26
2750,5,SANTANDER,ANA,SAQUE,2022-07-14T20:55:24,6038.96
1810,3,SANTANDER,CARLOS,SAQUE,2022-11-21T10:07:09,5834.25
3320,4,SANTANDER,MARIA,DEPOSITO,2022-02-23T23:07:31,2744.52
2750,5,SANTANDER,ANA,DEPOSITO,2022-09-06T14:52:17,7545.6
1260,8,SANTANDER,BEATRIZ,DEPOSITO,2022-06-09T21:24:52,6372.52
2220,2,SANTANDER,JULIA,DEPOSITO,2022-10-28T13:56:57,7101.43
2220,2,SANTANDER,JULIA,DEPOSITO,2022-01-22T05:36:02,1151.89
3320,4,SANTANDER,MARIA,DEPOSITO,2022-03-30T09:44:47,6631.78
4110,7,SANTANDER,LUCAS,SAQUE,2022-10-11T20:11:33,7316.59
1810,3,SANTANDER,CARLOS,DEPOSITO,2022-01-16T19:46:11,7390.15
1260,8,SANTANDER,BEATRIZ,DEPOSITO,2022-12-12T14:29:05,5354.26
1044,2,SANTANDER,FELIPE,DEPOSITO,2022-11-10T08:53:12,2728.38
2220,2,SANTANDER,JULIA,SAQUE,2022-07-24T18:39:40,6473.45
1260,8,SANTANDER,BEATRIZ,SAQUE,2022-01-20T13:26:59,897.17
2750,5,SANTANDER,ANA,DEPOSITO,2022-10-02T19:08:35,5041.17
4110,7,SANTANDER,LUCAS,SAQUE,2022-07-30T03:00:55,7742.1
2750,5,SANTANDER,ANA,DEPOSITO,2022-07-04T09:42:39,4651.69
2750,5,SANTANDER,ANA,SAQUE,2022-02-05T20:59:41,1120.76
3320,4,SANTANDER,MARIA,SAQUE,2022-10-02T05:07:09,975.06
1520,1,SANTANDER,JOAO,SAQUE,2022-11-03T15:08:26,3787.5
2220,2,SANTANDER,JULIA,DEPOSITO,2022-01-18T03:24:22,2187.31
3090,6,SANTANDER,PEDRO,SAQUE,2022-09-21T23:56:06,6347.33
3090,6,SANTANDER,PEDRO,SAQUE,2022-01-04T00:06:28,4933.26
1044,2,SANTANDER,FELIPE,DEPOSITO,2022-08-16T15:30:58,7125.67
1810,3,SANTANDER,CARLOS,SAQUE,2022-09-13T02:52:53,4278.1
3320,4,SANTANDER,MARIA,SAQUE,2022-01-13T18:03:15,3076.04
1260,8,SANTANDER,BEATRIZ,SAQUE,2022-11-12T11:36:20,2962.22
3090,6,SANTANDER,PEDRO,DEPOSITO,2022-04-09T02:55:31,8763.28
2750,5,SANTANDER,ANA,SAQUE,2022-10-18T08:36:22,2560.56
3320,4,SANTANDER,MARIA,DEPOSITO,2022-04-28T12:24:46,2474.44
1044,2,SANTANDER,FELIPE,DEPOSITO,2022-06-22T12:07:12,1765.47
2750,5,SANTANDER,ANA,SAQUE,2022-06-22T13:37:18,7793.19
3320,4,SANTANDER,MARIA,DEPOSITO,2022-10-21T03:15:45,7511.13
1810,3,SANTANDER,CARLOS,SAQUE,2022-10-15T17:16:50,2196.28
1520,1,SANTANDER,JOAO,DEPOSITO,2022-01-25T15:44:33,2914.93
2220,2,SANTANDER,JULIA,DEPOSITO,2022-11-21T11:37:42,7836.78
1520,1,SANTANDER,JOAO,DEPOSITO,2022-01-16T04:29:33,61.32
1260,8,SANTANDER,BEATRIZ,SAQUE,2022-03-23T22:42:52,320.21
1810,3,SANTANDER,CARLOS,SAQUE,2022-10-21T19:20:25,2084.62
1810,3,SANTANDER,CARLOS,SAQUE,2022-04-08T14:04:36,1709.73
3090,6,SANTANDER,PEDRO,DEPOSITO,2022-08-17T18:40:14,1758.93
2750,5,SANTANDER,ANA,SAQUE,2022-11-11T21:44:56,3941.6
1520,1,SANTANDER,JOAO,SAQUE,2022-07-01T15:34:32,8389.84
2220,2,SANTANDER,JULIA,DEPOSITO,2022-03-17T17:05:11,8690.01
2750,5,SANTANDER,ANA,SAQUE,2022-07-18T04:07:13,30.74
1810,3,SANTANDER,CARLOS,DEPOSITO,2022-04-26T07:35:08,441.02
1520,1,SANTANDER,JOAO,SAQUE,2022-05-29T23:33:59,7486.32
4110,7,SANTANDER,LUCAS,DEPOSITO,2022-11-12T11:23:05,7313.46
1520,1,SANTANDER,JOAO,DEPOSITO,2022-06-03T02:14:28,4040.83
1520,1,SANTANDER,JOAO,SAQUE,2022-07-24T03:51:03,8167.65
1810,3,SANTANDER,CARLOS,DEPOSITO,2022-04-24T18:26:25,61.62
2750,5,SANTANDER,ANA,SAQUE,2022-11-28T23:32:44,6514.69
4110,7,SANTANDER,LUCAS,SAQUE,2022-02-18T17:38:24,1894.74
2750,5,SANTANDER,ANA,DEPOSITO,2022-09-24T14:08:18,4132.04
3320,4,SANTANDER,MARIA,DEPOSITO,2022-04-04T05:07:28,5242.7
4110,7,SANTANDER,LUCAS,DEPOSITO,2022-01-05T06:51:56,5680.24
1044,2,SANTANDER,FELIPE,DEPOSITO,2022-04-27T09:08:47,8723.11
1520,1,SANTANDER,JOAO,SAQUE,2022-06-15T03:26:37,510.64
3090,6,SANTANDER,PEDRO,SAQUE,2022-05-12T06:13:31,9613.5
1520,1,SANTANDER,JOAO,DEPOSITO,2022-01-16T16:31:12,3206.7
1810,3,SANTANDER,CARLOS,DEPOSITO,2022-11-25T22:10:40,3971.17
1260,8,SANTANDER,BEATRIZ,SAQUE,2022-03-11T10:31:42,2879.93
1044,2,SANTANDER,FELIPE,DEPOSITO,2022-01-14T03:55:15,3629.57
1260,8,SANTANDER,BEATRIZ,SAQUE,2022-08-01T06:52:05,4841.22
2220,2,SANTANDER,JULIA,DEPOSITO,2022-05-28T16:05:55,5244.22
3320,4,SANTANDER,MARIA,SAQUE,2022-09-24T01:20:13,9543.12
1810,3,SANTANDER,CARLOS,DEPOSITO,2022-06-02T07:11:38,8593.84
1260,8,SANTANDER,BEATRIZ,SAQUE,2022-12-28T17:55:45,8782.81
1520,1,SANTANDER,JOAO,SAQUE,2022-09-14T15:36:14,6289.39
1810,3,SANTANDER,CARLOS,SAQUE,2022-03-12T01:24:14,6208.83
3090,6,SANTANDER,PEDRO,SAQUE,2022-10-04T13:04:08,743.05
2750,5,SANTANDER,ANA,SAQUE,2022-11-09T02:43:16,8926.36
4110,7,SANTANDER,LUCAS,DEPOSITO,2022-07-13T02:31:32,2254.11
3320,4,SANTANDER,MARIA,SAQUE,2022-10-17T17:19:51,8085.33
1520,1,SANTANDER,JOAO,DEPOSITO,2022-09-06T10:09:09,5515.57
3090,6,SANTANDER,PEDRO,SAQUE,2022-02-27T12:48:46,9362.54
3090,6,SANTANDER,PEDRO,DEPOSITO,2022-03-20T22:46:02,7076.65
2750,5,SANTANDER,ANA,DEPOSITO,2022-01-07T16:33:36,6151.25
1520,1,SANTANDER,JOAO,DEPOSITO,2022-12-18T05:37:39,1250.36
1520,1,SANTANDER,JOAO,SAQUE,2022-08-24T07:01:47,2489.86
4110,7,SANTANDER,LUCAS,SAQUE,2022-03-24T20:12:35,800.34
2750,5,SANTANDER,ANA,DEPOSITO,2022-05-24T16:27:09,9910.82
2750,5,SANTANDER,ANA,DEPOSITO,2022-07-26T01:20:35,2210.81
2750,5,SANTANDER,ANA,SAQUE,2022-04-20T09:30:05,8089.49
1520,1,SANTANDER,JOAO,DEPOSITO,2022-02-27T09:51:07,8652.71
2750,5,SANTANDER,ANA,SAQUE,2022-02-04T11:37:37,9203.34
1260,8,SANTANDER,BEATRIZ,SAQUE,2022-09-23T02:03:31,3517.13
1810,3,SANTANDER,CARLOS,DEPOSITO,2022-06-08T09:13:25,5691.55
2220,2,SANTANDER,JULIA,DEPOSITO,2022-04-10T08:01:44,6325.49
2220,2,SANTANDER,JULIA,SAQUE,2022-06-25T19:32:08,1464.19
1520,1,SANTANDER,JOAO,SAQUE,2022-12-03T16:02:33,569.72
3320,4,SANTANDER,MARIA,DEPOSITO,2022-06-24T04:24:30,2376.85
1260,8,SANTANDER,BEATRIZ,SAQUE,2022-03-21T05:14:05,1999.62
1520,1,SANTANDER,JOAO,DEPOSITO,2022-08-28T18:48:13,6562.23
1810,3,SANTANDER,CARLOS,SAQUE,2022-10-02T07:08:03,2029.93
1810,3,SANTANDER,CARLOS,DEPOSITO,2022-06-14T20:58:10,6044.99
2750,5,SANTANDER,ANA,DEPOSITO,2022-05-31T17:22:13,7752.18
2870,9,SANTANDER,PAULO,DEPOSITO,2022-03-08T14:43:57,1303.63
1810,3,SANTANDER,CARLOS,SAQUE,2022-01-03T12:27:18,5847.7
3090,6,SANTANDER,PEDRO,SAQUE,2022-02-07T09:21:33,956.14
3090,6,SANTANDER,PEDRO,DEPOSITO,2022-05-22T08:00:52,7991.84
2220,2,SANTANDER,JULIA,SAQUE,2022-04-15T03:19:45,606.57
1520,1,SANTANDER,JOAO,SAQUE,2022-01-27T21:30:19,8244.54
1810,3,SANTANDER,CARLOS,DEPOSITO,2022-01-24T04:05:22,1234.06
1044,2,SANTANDER,FELIPE,SAQUE,2022-11-19T00:35:16,4511.88
3320,4,SANTANDER,MARIA,SAQUE,2022-09-20T00:37:41,4528.78
2220,2,SANTANDER,JULIA,DEPOSITO,2022-02-12T22:12:53,6982.07
1810,3,SANTANDER,CARLOS,DEPOSITO,2022-06-12T11:03:50,497.02
2220,2,SANTANDER,JULIA,DEPOSITO,2022-02-26T07:07:00,2760.62
3090,6,SANTANDER,PEDRO,SAQUE,2022-02-08T01:51:29,3703.15
3090,6,SANTANDER,PEDRO,SAQUE,2022-09-24T04:09:39,5049.14
2870,9,SANTANDER,PAULO,DEPOSITO,2022-11-27T19:22:02,9770.42
2750,5,SANTANDER,ANA,DEPOSITO,2022-05-29T15:21:37,5887.13
4110,7,SANTANDER,LUCAS,DEPOSITO,2022-09-02T17:58:08,5625.39
1044,2,SANTANDER,FELIPE,DEPOSITO,2022-04-26T08:19:13,7937.44
1810,3,SANTANDER,CARLOS,DEPOSITO,2022-02-28T17:51:02,6747.33
3320,4,SANTANDER,MARIA,DEPOSITO,2022-12-20T16:33:16,3815.34
2220,2,SANTANDER,JULIA,SAQUE,2022-12-22T00:05:55,5882.16
2220,2,SANTANDER,JULIA,SAQUE,2022-08-15T02:13:04,5120.39
1044,2,SANTANDER,FELIPE,SAQUE,2022-12-06T00:00:41,1139.79
3320,4,SANTANDER,MARIA,DEPOSITO,2022-11-10T23:28:45,7948.72
2220,2,SANTANDER,JULIA,SAQUE,2022-05-31T02:32:10,3526.31
1810,3,SANTANDER,CARLOS,SAQUE,2022-08-25T03:52:19,3520.61
2750,5,SANTANDER,ANA,DEPOSITO,2022-06-08T23:13:54,252.58
3090,6,SANTANDER,PEDRO,DEPOSITO,2022-08-31T10:02:25,4596.89
1810,3,SANTANDER,CARLOS,DEPOSITO,2022-03-07T13:24:19,1826.49
1810,3,SANTANDER,CARLOS,SAQUE,2022-02-07T03:20:23,9407.29
3090,6,SANTANDER,PEDRO,SAQUE,2022-01-10T16:18:54,6433.02
1044,2,SANTANDER,FELIPE,SAQUE,2022-10-30T03:19:06,2920.38
1260,8,SANTANDER,BEATRIZ,SAQUE,2022-04-20T10:10:27,5461.21
2870,9,SANTANDER,PAULO,DEPOSITO,2022-04-01T23:42:10,8970.26
4110,7,SANTANDER,LUCAS,SAQUE,2022-12-26T19:07:44,6843.01
3090,6,SANTANDER,PEDRO,DEPOSITO,2022-01-23T21:44:42,4088.82
4110,7,SANTANDER,LUCAS,SAQUE,2022-05-19T20:40:09,3608.4
1520,1,SANTANDER,JOAO,SAQUE,2022-07-08T18:20:18,5175.58
2220,2,SANTANDER,JULIA,SAQUE,2022-01-02T02:43:19,4377.28
2750,5,SANTANDER,ANA,DEPOSITO,2022-10-05T06:40:35,3087.59
1520,1,SANTANDER,JOAO,DEPOSITO,2022-07-07T07:33:25,5104.43
3320,4,SANTANDER,MARIA,SAQUE,2022-04-11T09:17:45,2516.83
2870,9,SANTANDER,PAULO,SAQUE,2022-04-24T01:53:30,7322.81
2750,5,SANTANDER,ANA,DEPOSITO,2022-09-15T05:40:29,4424.12
2870,9,SANTANDER,PAULO,SAQUE,2022-01-10T00:51:58,1045.51
2870,9,SANTANDER,PAULO,DEPOSITO,2022-03-16T01:41:06,163.6
1044,2,SANTANDER,FELIPE,DEPOSITO,2022-09-03T17:34:03,5071.52
1044,2,SANTANDER,FELIPE,DEPOSITO,2022-12-10T12:08:02,8897.49
3090,6,SANTANDER,PEDRO,SAQUE,2022-01-23T08:54:56,7953.17
1260,8,SANTANDER,BEATRIZ,DEPOSITO,2022-05-04T17:57:30,3124.71
1044,2,SANTANDER,FELIPE,DEPOSITO,2022-04-11T04:53:50,2221.45
2750,5,SANTANDER,ANA,DEPOSITO,2022-03-08T01:29:46,7800.62
2870,9,SANTANDER,PAULO,SAQUE,2022-02-21T11:26:41,2017.35
1260,8,SANTANDER,BEATRIZ,DEPOSITO,2022-05-05T10:47:02,4015.08
4110,7,SANTANDER,LUCAS,SAQUE,2022-02-25T00:38:12,7691.51
1520,1,SANTANDER,JOAO,DEPOSITO,2022-08-27T15:15:34,9484.72
2220,2,SANTANDER,JULIA,SAQUE,2022-02-11T14:52:01,9137.46
2870,9,SANTANDER,PAULO,DEPOSITO,2022-11-23T19:50:11,6763.36
1520,1,SANTANDER,JOAO,DEPOSITO,2022-03-21T23:44:33,8263.05
4110,7,SANTANDER,LUCAS,DEPOSITO,2022-03-15T13:37:31,2807.71
3090,6,SANTANDER,PEDRO,DEPOSITO,2022-05-13T11:48:05,3126.22
2750,5,SANTANDER,ANA,DEPOSITO,2022-03-19T12:59:01,5667.99
4110,7,SANTANDER,LUCAS,SAQUE,2022-07-30T00:27:39,5337.03
1260,8,SANTANDER,BEATRIZ,SAQUE,2022-11-03T09:30:16,3363.77
2220,2,SANTANDER,JULIA,DEPOSITO,2022-09-16T11:54:15,7927.59
1810,3,SANTANDER,CARLOS,SAQUE,2022-10-25T07:58:12,6088.8
1520,1,SANTANDER,JOAO,SAQUE,2022-04-22T16:04:39,75.61
1810,3,SANTANDER,CARLOS,DEPOSITO,2022-07-26T06:36:58,9293.02
2870,9,SANTANDER,PAULO,SAQUE,2022-05-03T23:57:38,909.19
1520,1,SANTANDER,JOAO,SAQUE,2022-05-26T12:26:32,9056.16
3320,4,SANTANDER,MARIA,SAQUE,2022-12-15T03:56:23,284.09
1260,8,SANTANDER,BEATRIZ,DEPOSITO,2022-09-06T20:31:56,1167.11
3090,6,SANTANDER,PEDRO,DEPOSITO,2022-07-07T06:02:38,8339.57
3090,6,SANTANDER,PEDRO,DEPOSITO,2022-12-29T09:31:23,9323.86
2750,5,SANTANDER,ANA,DEPOSITO,2022-04-14T07:17:49,7552.27
1520,1,SANTANDER,JOAO,SAQUE,2022-02-05T08:22:46,9050.62
2750,5,SANTANDER,ANA,DEPOSITO,2022-01-29T20:10:23,3357.45
2750,5,SANTANDER,ANA,DEPOSITO,2022-05-17T22:58:11,5655.3
1044,2,SANTANDER,FELIPE,DEPOSITO,2022-02-21T05:31:00,7131.85
1044,2,SANTANDER,FELIPE,DEPOSITO,2022-07-10T12:40:17,7924.65
3320,4,SANTANDER,MARIA,DEPOSITO,2022-05-30T00:41:49,2981.87
2750,5,SANTANDER,ANA,DEPOSITO,2022-07-05T20:10:56,9577.45
1520,1,SANTANDER,JOAO,SAQUE,2022-07-01T17:13:50,1154.58
3320,4,SANTANDER,MARIA,SAQUE,2022-04-22T20:16:14,1937.0
2870,9,SANTANDER,PAULO,SAQUE,2022-05-18T01:37:18,8211.75
1520,1,SANTANDER,JOAO,SAQUE,2022-05-30T21:19:21,2125.62
1260,8,SANTANDER,BEATRIZ,SAQUE,2022-05-12T16:12:24,3745.59
1260,8,SANTANDER,BEATRIZ,SAQUE,2022-02-21T03:15:13,9986.59
2750,5,SANTANDER,ANA,SAQUE,2022-11-07T13:08:35,7961.47
3090,6,SANTANDER,PEDRO,DEPOSITO,2022-08-23T03:00:36,5082.04
4110,7,SANTANDER,LUCAS,DEPOSITO,2022-12-19T18:19:55,2917.3
2220,2,SANTANDER,JULIA,SAQUE,2022-07-31T02:18:27,3447.81
2220,2,SANTANDER,JULIA,SAQUE,2022-05-01T20:08:04,7751.16
1044,2,SANTANDER,FELIPE,SAQUE,2022-09-03T15:40:12,3588.26
3320,4,SANTANDER,MARIA,SAQUE,2022-04-13T05:33:11,480.24
3090,6,SANTANDER,PEDRO,DEPOSITO,2022-02-19T12:17:13,7778.19
2750,5,SANTANDER,ANA,DEPOSITO,2022-07-24T08:17:45,329.74
2220,2,SANTANDER,JULIA,SAQUE,2022-01-11T11:45:26,2811.91
1260,8,SANTANDER,BEATRIZ,SAQUE,2022-07-03T13:26:18,7730.29
1810,3,SANTANDER,CARLOS,SAQUE,2022-08-08T21:04:53,5022.13
1810,3,SANTANDER,CARLOS,DEPOSITO,2022-09-23T23:35:11,6080.32
1520,1,SANTANDER,JOAO,SAQUE,2022-12-30T01:14:01,4964.62
2870,9,SANTANDER,PAULO,DEPOSITO,2022-09-26T22:44:23,5874.57
2220,2,SANTANDER,JULIA,SAQUE,2022-04-22T01:45:52,8682.95
3090,6,SANTANDER,PEDRO,SAQUE,2022-09-13T18:01:48,1846.22
1260,8,SANTANDER,BEATRIZ,SAQUE,2022-11-02T16:12:14,576.78
1044,2,SANTANDER,FELIPE,DEPOSITO,2022-04-03T23:59:31,1776.03
2750,5,SANTANDER,ANA,SAQUE,2022-09-11T14:07:26,9601.61
1260,8,SANTANDER,BEATRIZ,SAQUE,2022-05-21T09:47:14,2573.47
2220,2,SANTANDER,JULIA,DEPOSITO,2022-07-23T04:10:38,2017.53
1520,1,SANTANDER,JOAO,DEPOSITO,2022-03-26T06:47:58,5911.36
1044,2,SANTANDER,FELIPE,SAQUE,2022-05-10T15:49:52,9262.17
2870,9,SANTANDER,PAULO,SAQUE,2022-02-22T21:37:17,785.36
3090,6,SANTANDER,PEDRO,SAQUE,2022-02-24T05:10:21,7638.32
2870,9,SANTANDER,PAULO,SAQUE,2022-01-16T23:17:50,608.89
4110,7,SANTANDER,LUCAS,SAQUE,2022-08-03T00:41:39,6786.97
3090,6,SANTANDER,PEDRO,DEPOSITO,2022-10-21T03:57:40,6345.28
1044,2,SANTANDER,FELIPE,SAQUE,2022-05-24T12:14:47,7035.68
1520,1,SANTANDER,JOAO,DEPOSITO,2022-06-18T16:32:58,8022.06
1044,2,SANTANDER,FELIPE,SAQUE,2022-12-31T06:54:16,6605.44
1810,3,SANTANDER,CARLOS,DEPOSITO,2022-06-21T07:37:44,7852.11
1260,8,SANTANDER,BEATRIZ,SAQUE,2022-03-13T10:15:22,5168.95
3320,4,SANTANDER,MARIA,SAQUE,2022-09-20T03:44:31,1352.05
1044,2,SANTANDER,FELIPE,DEPOSITO,2022-08-20T00:43:41,5193.09
2870,9,SANTANDER,PAULO,SAQUE,2022-03-15T14:03:18,9364.03
1520,1,SANTANDER,JOAO,SAQUE,2022-10-09T13:43:43,1240.24
1044,2,SANTANDER,FELIPE,DEPOSITO,2022-10-27T19:51:43,1767.11
3320,4,SANTANDER,MARIA,DEPOSITO,2022-12-11T00:15:55,223.65
1810,3,SANTANDER,CARLOS,DEPOSITO,2022-09-20T18:13:30,3205.86
1044,2,SANTANDER,FELIPE,SAQUE,2022-09-26T21:19:21,7712.03
1260,8,SANTANDER,BEATRIZ,DEPOSITO,2022-11-14T13:59:10,1952.33
1810,3,SANTANDER,CARLOS,DEPOSITO,2022-10-11T03:59:57,5056.84
4110,7,SANTANDER,LUCAS,SAQUE,2022-08-08T11:15:30,7731.81
1260,8,SANTANDER,BEATRIZ,DEPOSITO,2022-02-27T05:17:08,7297.12
2220,2,SANTANDER,JULIA,DEPOSITO,2022-05-08T06:48:22,917.32
2750,5,SANTANDER,ANA,DEPOSITO,2022-08-28T15:46:51,2239.51
3090,6,SANTANDER,PEDRO,DEPOSITO,2022-03-30T13:30:52,2101.51
2750,5,SANTANDER,ANA,SAQUE,2022-01-19T07:07:20,4343.91
1044,2,SANTANDER,FELIPE,SAQUE,2022-06-06T13:18:26,8121.04
3090,6,SANTANDER,PEDRO,DEPOSITO,2022-02-28T03:59:04,2721.69
1044,2,SANTANDER,FELIPE,SAQUE,2022-04-04T21:37:31,3906.35
3320,4,SANTANDER,MARIA,DEPOSITO,2022-11-30T01:10:41,9118.64
4110,7,SANTANDER,LUCAS,DEPOSITO,2022-08-11T02:59:30,6745.65
1260,8,SANTANDER,BEATRIZ,SAQUE,2022-12-13T04:17:07,1725.91
2220,2,SANTANDER,JULIA,DEPOSITO,2022-08-09T17:28:16,1510.37
2220,2,SANTANDER,JULIA,SAQUE,2022-12-29T06:37:19,1366.0
3090,6,SANTANDER,PEDRO,DEPOSITO,2022-06-25T10:08:18,9383.35
3320,4,SANTANDER,MARIA,DEPOSITO,2022-04-15T01:03:44,5706.26
4110,7,SANTANDER,LUCAS,DEPOSITO,2022-02-09T02:59:33,248.15
2750,5,SANTANDER,ANA,DEPOSITO,2022-01-21T08:52:56,3664.11
2220,2,SANTANDER,JULIA,DEPOSITO,2022-02-20T07:24:18,8404.98
3320,4,SANTANDER,MARIA,DEPOSITO,2022-11-22T07:32:59,2984.93
2870,9,SANTANDER,PAULO,DEPOSITO,2022-02-14T20:27:37,4484.18
1260,8,SANTANDER,BEATRIZ,SAQUE,2022-05-02T16:57:21,5317.96
2870,9,SANTANDER,PAULO,SAQUE,2022-05-10T13:07:31,6022.38
2870,9,SANTANDER,PAULO,SAQUE,2022-03-06T22:24:31,3923.14
1520,1,SANTANDER,JOAO,SAQUE,2022-11-20T16:20:20,6083.09
2220,2,SANTANDER,JULIA,DEPOSITO,2022-02-01T19:29:36,1264.47
1520,1,SANTANDER,JOAO,DEPOSITO,2022-02-13T09:21:53,199.97
2220,2,SANTANDER,JULIA,DEPOSITO,2022-08-23T04:43:25,389.12
3320,4,SANTANDER,MARIA,DEPOSITO,2022-12-10T15:03:45,9886.14
2220,2,SANTANDER,JULIA,DEPOSITO,2022-02-10T21:34:41,5014.37
1520,1,SANTANDER,JOAO,SAQUE,2022-04-06T17:20:11,701.5
2750,5,SANTANDER,ANA,SAQUE,2022-05-06T03:33:32,854.39
3090,6,SANTANDER,PEDRO,DEPOSITO,2022-11-24T10:39:08,2054.72
2220,2,SANTANDER,JULIA,SAQUE,2022-11-17T09:07:35,8261.14
1044,2,SANTANDER,FELIPE,DEPOSITO,2022-03-25T03:44:42,2153.89
2750,5,SANTANDER,ANA,SAQUE,2022-10-27T03:53:51,9116.97
1260,8,SANTANDER,BEATRIZ,SAQUE,2022-05-13T22:37:38,7928.84
1260,8,SANTANDER,BEATRIZ,SAQUE,2022-08-05T14:43:55,9334.27
3320,4,SANTANDER,MARIA,SAQUE,2022-02-08T03:26:36,7146.6
1810,3,SANTANDER,CARLOS,SAQUE,2022-03-02T11:57:01,5891.28
1810,3,SANTANDER,CARLOS,DEPOSITO,2022-12-18T01:52:25,9136.71
3320,4,SANTANDER,MARIA,DEPOSITO,2022-05-10T07:50:14,7981.36
1260,8,SANTANDER,BEATRIZ,DEPOSITO,2022-12-18T16:50:52,5877.21
2220,2,SANTANDER,JULIA,DEPOSITO,2022-01-18T22:29:37,9912.98
1044,2,SANTANDER,FELIPE,DEPOSITO,2022-02-19T18:09:44,5861.5
4110,7,SANTANDER,LUCAS,DEPOSITO,2022-04-20T02:11:00,2216.81
3320,4,SANTANDER,MARIA,SAQUE,2022-08-29T09:25:34,80.97
3090,6,SANTANDER,PEDRO,DEPOSITO,2022-01-30T03:53:44,4411.74
3320,4,SANTANDER,MARIA,DEPOSITO,2022-03-04T08:08:55,1312.35
1810,3,SANTANDER,CARLOS,SAQUE,2022-05-01T17:57:17,2229.46
3320,4,SANTANDER,MARIA,SAQUE,2022-07-06T10:32:17,912.93
3320,4,SANTANDER,MARIA,SAQUE,2022-04-15T05:17:08,9943.19
2750,5,SANTANDER,ANA,SAQUE,2022-02-28T23:06:05,5209.67
1044,2,SANTANDER,FELIPE,SAQUE,2022-09-13T17:18:25,6563.26
1260,8,SANTANDER,BEATRIZ,SAQUE,2022-05-12T14:06:29,7866.94
1044,2,SANTANDER,FELIPE,SAQUE,2022-06-18T23:44:41,4175.18
3090,6,SANTANDER,PEDRO,SAQUE,2022-08-02T22:55:07,6325.26
2750,5,SANTANDER,ANA,SAQUE,2022-03-04T13:16:22,8275.87
4110,7,SANTANDER,LUCAS,DEPOSITO,2022-12-26T07:20:47,3946.59
3090,6,SANTANDER,PEDRO,DEPOSITO,2022-11-21T07:43:29,7855.65
1260,8,SANTANDER,BEATRIZ,SAQUE,2022-09-26T13:22:37,8259.05
3090,6,SANTANDER,PEDRO,DEPOSITO,2022-02-26T10:14:43,7609.44
1810,3,SANTANDER,CARLOS,SAQUE,2022-06-24T15:41:58,7074.12
1810,3,SANTANDER,CARLOS,SAQUE,2022-05-26T23:12:58,2048.43
4110,7,SANTANDER,LUCAS,DEPOSITO,2022-08-02T09:35:22,9465.39
1260,8,SANTANDER,BEATRIZ,DEPOSITO,2022-01-05T19:32:28,2487.56
1810,3,SANTANDER,CARLOS,DEPOSITO,2022-12-23T19:31:26,8776.4
2220,2,SANTANDER,JULIA,SAQUE,2022-07-16T23:16:36,3347.72
1044,2,SANTANDER,FELIPE,SAQUE,2022-12-12T07:15:30,376.72
2220,2,SANTANDER,JULIA,SAQUE,2022-09-03T04:21:24,7472.87
1260,8,SANTANDER,BEATRIZ,DEPOSITO,2022-08-13T16:21:36,83.08
4110,7,SANTANDER,LUCAS,SAQUE,2022-02-24T03:59:35,7726.92
2220,2,SANTANDER,JULIA,SAQUE,2022-01-13T12:25:35,7923.18
4110,7,SANTANDER,LUCAS,SAQUE,2022-03-31T02:30:01,7295.3
3320,4,SANTANDER,MARIA,DEPOSITO,2022-10-07T10:50:53,3975.13
1810,3,SANTANDER,CARLOS,SAQUE,2022-07-24T14:02:37,1921.81
2220,2,SANTANDER,JULIA,DEPOSITO,2022-05-11T22:48:07,8416.41
3090,6,SANTANDER,PEDRO,SAQUE,2022-11-26T21:57:23,6794.55
1810,3,SANTANDER,CARLOS,SAQUE,2022-03-14T06:39:52,5540.81
2220,2,SANTANDER,JULIA,SAQUE,2022-11-07T20:36:28,1522.6
1260,8,SANTANDER,BEATRIZ,SAQUE,2022-12-13T08:11:52,8496.01
2220,2,SANTANDER,JULIA,DEPOSITO,2022-06-08T06:00:51,6154.09
4110,7,SANTANDER,LUCAS,SAQUE,2022-04-20T11:58:32,6395.45
1520,1,SANTANDER,JOAO,DEPOSITO,2022-04-10T00:21:54,3792.4
4110,7,SANTANDER,LUCAS,SAQUE,2022-07-18T00:39:58,7264.63
2220,2,SANTANDER,JULIA,DEPOSITO,2022-10-31T12:53:54,9861.98
3090,6,SANTANDER,PEDRO,SAQUE,2022-04-11T15:46:31,7833.4
1044,2,SANTANDER,FELIPE,DEPOSITO,2022-10-28T03:39:56,304.29
2220,2,SANTANDER,JULIA,DEPOSITO,2022-04-15T14:52:58,8432.96
1810,3,SANTANDER,CARLOS,SAQUE,2022-07-06T14:42:59,2045.37
2220,2,SANTANDER,JULIA,DEPOSITO,2022-09-26T20:51:04,4366.56
1810,3,SANTANDER,CARLOS,DEPOSITO,2022-12-24T02:25:42,7759.99
2870,9,SANTANDER,PAULO,DEPOSITO,2022-12-11T12:12:40,8216.37
1520,1,SANTANDER,JOAO,SAQUE,2022-02-14T17:27:46,8096.97
4110,7,SANTANDER,LUCAS,SAQUE,2022-12-05T22:05:19,9165.8
2750,5,SANTANDER,ANA,SAQUE,2022-12-21T19:07:06,5331.16
1044,2,SANTANDER,FELIPE,SAQUE,2022-09-29T21:45:23,6166.6
1260,8,SANTANDER,BEATRIZ,DEPOSITO,2022-06-07T04:22:13,1934.44
1260,8,SANTANDER,BEATRIZ,SAQUE,2022-03-15T00:45:47,9694.29
4110,7,SANTANDER,LUCAS,DEPOSITO,2022-09-10T13:42:09,7534.46
3090,6,SANTANDER,PEDRO,DEPOSITO,2022-10-08T09:14:33,3803.27
3320,4,SANTANDER,MARIA,SAQUE,2022-10-27T18:31:05,267.65
1810,3,SANTANDER,CARLOS,SAQUE,2022-10-11T05:52:02,8248.2
1520,1,SANTANDER,JOAO,DEPOSITO,2022-07-29T18:49:38,4505.95
2870,9,SANTANDER,PAULO,SAQUE,2022-04-15T12:01:04,1931.07
2750,5,SANTANDER,ANA,SAQUE,2022-09-10T17:52:33,5208.88
1520,1,SANTANDER,JOAO,DEPOSITO,2022-06-07T15:06:15,7338.38
3320,4,SANTANDER,MARIA,DEPOSITO,2022-04-21T16:03:22,801.24
1260,8,SANTANDER,BEATRIZ,SAQUE,2022-06-11T16:06:24,7342.36
2750,5,SANTANDER,ANA,DEPOSITO,2022-12-16T12:11:58,8639.75
1810,3,SANTANDER,CARLOS,DEPOSITO,2022-05-17T20:37:01,1722.32
1810,3,SANTANDER,CARLOS,DEPOSITO,2022-11-14T01:28:44,4782.64
1044,2,SANTANDER,FELIPE,DEPOSITO,2022-06-08T20:20:51,7609.45
3090,6,SANTANDER,PEDRO,DEPOSITO,2022-12-28T19:09:37,979.53
3090,6,SANTANDER,PEDRO,DEPOSITO,2022-06-08T05:21:31,5070.84
2870,9,SANTANDER,PAULO,SAQUE,2022-10-19T06:36:00,128.02
4110,7,SANTANDER,LUCAS,SAQUE,2022-07-15T04:37:02,7175.25
1044,2,SANTANDER,FELIPE,SAQUE,2022-01-27T14:56:51,6206.06
2750,5,SANTANDER,ANA,SAQUE,2022-10-24T20:04:12,9474.61
3320,4,SANTANDER,MARIA,DEPOSITO,2022-12-16T19:31:07,6151.16
2220,2,SANTANDER,JULIA,DEPOSITO,2022-07-27T22:34:07,796.59
1260,8,SANTANDER,BEATRIZ,DEPOSITO,2022-06-15T03:28:43,9038.93
1044,2,SANTANDER,FELIPE,SAQUE,2022-11-24T13:54:37,3364.74
2870,9,SANTANDER,PAULO,DEPOSITO,2022-03-11T15:11:48,6903.38
1810,3,SANTANDER,CARLOS,SAQUE,2022-05-24T22:49:50,366.93
1260,8,SANTANDER,BEATRIZ,DEPOSITO,2022-09-04T19:46:14,8538.87
2750,5,SANTANDER,ANA,DEPOSITO,2022-09-27T17:10:31,2640.57
2750,5,SANTANDER,ANA,DEPOSITO,2022-09-03T01:43:49,4800.56
3320,4,SANTANDER,MARIA,SAQUE,2022-01-08T23:30:26,6730.24
1520,1,SANTANDER,JOAO,SAQUE,2022-12-28T05:50:36,7377.74
1520,1,SANTANDER,JOAO,SAQUE,2022-02-03T22:25:24,7051.39
3320,4,SANTANDER,MARIA,SAQUE,2022-09-28T21:54:27,661.51
4110,7,SANTANDER,LUCAS,SAQUE,2022-08-28T02:48:30,3571.53
3090,6,SANTANDER,PEDRO,SAQUE,2022-11-30T01:14:14,9282.58
1520,1,SANTANDER,JOAO,SAQUE,2022-12-09T23:11:55,6372.82
2870,9,SANTANDER,PAULO,DEPOSITO,2022-03-25T19:23:30,6004.73
1044,2,SANTANDER,FELIPE,SAQUE,2022-06-14T00:08:56,9229.38
2750,5,SANTANDER,ANA,SAQUE,2022-02-22T09:06:25,1926.34
1520,1,SANTANDER,JOAO,DEPOSITO,2022-11-14T10:22:40,2345.99
1260,8,SANTANDER,BEATRIZ,SAQUE,2022-06-03T14:27:48,7785.62
1260,8,SANTANDER,BEATRIZ,DEPOSITO,2022-06-24T06:46:28,2443.93
1520,1,SANTANDER,JOAO,SAQUE,2022-12-16T16:56:02,871.62
3320,4,SANTANDER,MARIA,SAQUE,2022-02-18T03:32:32,4093.93
1260,8,SANTANDER,BEATRIZ,DEPOSITO,2022-06-26T09:14:35,3878.76
2220,2,SANTANDER,JULIA,SAQUE,2022-08-21T04:50:55,3490.22
1044,2,SANTANDER,FELIPE,DEPOSITO,2022-08-17T19:34:32,8884.94
4110,7,SANTANDER,LUCAS,DEPOSITO,2022-03-19T23:46:02,7246.37
2750,5,SANTANDER,ANA,SAQUE,2022-03-20T02:27:20,6624.2
2220,2,SANTANDER,JULIA,DEPOSITO,2022-03-22T01:23:39,2468.37
1260,8,SANTANDER,BEATRIZ,SAQUE,2022-06-25T08:46:54,5775.99
2220,2,SANTANDER,JULIA,DEPOSITO,2022-10-31T03:01:59,7636.97
2750,5,SANTANDER,ANA,DEPOSITO,2022-08-12T12:20:52,3606.73
2870,9,SANTANDER,PAULO,DEPOSITO,2022-10-26T03:01:59,3005.84
3320,4,SANTANDER,MARIA,SAQUE,2022-12-24T14:16:54,7246.23
2220,2,SANTANDER,JULIA,SAQUE,2022-04-27T11:35:22,7467.54
1044,2,SANTANDER,FELIPE,DEPOSITO,2022-03-10T05:37:13,3636.19
3090,6,SANTANDER,PEDRO,SAQUE,2022-10-20T11:22:04,9093.21
1044,2,SANTANDER,FELIPE,DEPOSITO,2022-02-02T16:56:45,7970.77
1810,3,SANTANDER,CARLOS,DEPOSITO,2022-09-17T17:14:39,1333.98
4110,7,SANTANDER,LUCAS,DEPOSITO,2022-01-11T23:00:28,2866.42
1520,1,SANTANDER,JOAO,SAQUE,2022-06-24T17:35:41,1755.25
1260,8,SANTANDER,BEATRIZ,SAQUE,2022-11-12T11:36:20,2962.22
2750,5,SANTANDER,ANA,DEPOSITO,2022-07-11T17:10:43,8216.47
1044,2,SANTANDER,FELIPE,DEPOSITO,2022-06-25T20:39:46,8606.89
1520,1,SANTANDER,JOAO,SAQUE,2022-04-18T20:10:05,3652.13
1260,8,SANTANDER,BEATRIZ,SAQUE,2022-12-02T13:04:54,5006.6
1520,1,SANTANDER,JOAO,SAQUE,2022-07-13T01:57:22,8086.36
1260,8,SANTANDER,BEATRIZ,SAQUE,2022-06-18T12:55:07,1555.17
3090,6,SANTANDER,PEDRO,DEPOSITO,2022-07-03T22:08:24,5423.09
3090,6,SANTANDER,PEDRO,DEPOSITO,2022-01-31T19:18:41,4203.24
2870,9,SANTANDER,PAULO,SAQUE,2022-05-12T00:32:39,138.36
1520,1,SANTANDER,JOAO,SAQUE,2022-08-24T07:00:57,4124.42
1520,1,SANTANDER,JOAO,SAQUE,2022-12-05T01:47:29,2519.73
1810,3,SANTANDER,CARLOS,SAQUE,2022-12-20T04:57:35,6925.7
4110,7,SANTANDER,LUCAS,SAQUE,2022-02-07T21:44:11,7111.32
2870,9,SANTANDER,PAULO,SAQUE,2022-04-06T11:55:12,7452.45
2870,9,SANTANDER,PAULO,SAQUE,2022-08-13T13:15:10,1749.23
1044,2,SANTANDER,FELIPE,SAQUE,2022-10-27T01:29:05,3651.73
1520,1,SANTANDER,JOAO,SAQUE,2022-06-13T11:14:34,5906.17
3090,6,SANTANDER,PEDRO,DEPOSITO,2022-01-23T21:44:42,4088.82
3320,4,SANTANDER,MARIA,SAQUE,2022-12-05T07:31:21,6264.33
1520,1,SANTANDER,JOAO,SAQUE,2022-11-21T09:31:40,5195.92
1044,2,SANTANDER,FELIPE,DEPOSITO,2022-12-26T14:35:47,9248.17
1810,3,SANTANDER,CARLOS,SAQUE,2022-08-10T23:51:47,4927.88
1810,3,SANTANDER,CARLOS,SAQUE,2022-05-12T20:02:32,5222.53
2750,5,SANTANDER,ANA,SAQUE,2022-10-08T02:41:18,2485.73
4110,7,SANTANDER,LUCAS,DEPOSITO,2022-05-18T17:33:56,7032.23
1044,2,SANTANDER,FELIPE,DEPOSITO,2022-02-23T23:21:13,3750.67
1520,1,SANTANDER,JOAO,SAQUE,2022-08-24T21:09:35,2391.0
1260,8,SANTANDER,BEATRIZ,DEPOSITO,2022-10-23T17:36:16,6794.55
3090,6,SANTANDER,PEDRO,SAQUE,2022-01-12T07:52:01,1442.72
1520,1,SANTANDER,JOAO,SAQUE,2022-12-31T00:24:11,9307.35
1810,3,SANTANDER,CARLOS,DEPOSITO,2022-01-05T17:54:09,9097.73
3090,6,SANTANDER,PEDRO,DEPOSITO,2022-01-03T11:20:14,8251.61
1810,3,SANTANDER,CARLOS,SAQUE,2022-03-23T04:15:58,184.26
1810,3,SANTANDER,CARLOS,SAQUE,2022-03-10T18:13:18,4825.35
1810,3,SANTANDER,CARLOS,DEPOSITO,2022-04-18T07:09:12,278.0
1810,3,SANTANDER,CARLOS,SAQUE,2022-07-20T21:16:50,5623.57
2750,5,SANTANDER,ANA,DEPOSITO,2022-09-28T14:08:01,9515.81
2220,2,SANTANDER,JULIA,SAQUE,2022-04-20T22:39:55,3014.11
3320,4,SANTANDER,MARIA,DEPOSITO,2022-03-30T14:49:41,6988.43
2220,2,SANTANDER,JULIA,SAQUE,2022-11-26T20:10:28,8904.26
1260,8,SANTANDER,BEATRIZ,DEPOSITO,2022-02-06T12:37:21,1772.22
2750,5,SANTANDER,ANA,DEPOSITO,2022-11-06T21:07:39,8722.29
4110,7,SANTANDER,LUCAS,SAQUE,2022-07-30T03:00:55,7742.1
1044,2,SANTANDER,FELIPE,SAQUE,2022-11-03T04:22:11,515.06
4110,7,SANTANDER,LUCAS,SAQUE,2022-03-21T03:33:18,8090.22
2220,2,SANTANDER,JULIA,SAQUE,2022-04-04T00:26:12,3644.67
4110,7,SANTANDER,LUCAS,DEPOSITO,2022-04-09T11:13:59,5880.44
2750,5,SANTANDER,ANA,SAQUE,2022-06-13T23:35:03,5919.93
3090,6,SANTANDER,PEDRO,SAQUE,2022-06-21T22:26:49,1256.36
1810,3,SANTANDER,CARLOS,SAQUE,2022-05-10T18:38:21,7374.55
1810,3,SANTANDER,CARLOS,SAQUE,2022-08-29T22:22:16,1320.12
1044,2,SANTANDER,FELIPE,SAQUE,2022-04-04T16:57:22,4561.74
2870,9,SANTANDER,PAULO,DEPOSITO,2022-10-01T19:47:52,5740.45
3320,4,SANTANDER,MARIA,SAQUE,2022-04-22T08:59:45,3070.49
2870,9,SANTANDER,PAULO,DEPOSITO,2022-02-23T23:13:56,4145.79
1260,8,SANTANDER,BEATRIZ,SAQUE,2022-08-15T04:48:41,939.31
1044,2,SANTANDER,FELIPE,SAQUE,2022-12-31T10:10:00,8996.88
3090,6,SANTANDER,PEDRO,SAQUE,2022-03-17T09:39:40,9075.96
2870,9,SANTANDER,PAULO,SAQUE,2022-10-24T05:53:33,6244.36
2750,5,SANTANDER,ANA,DEPOSITO,2022-03-17T07:00:45,8418.87
2750,5,SANTANDER,ANA,SAQUE,2022-08-17T07:09:40,6685.05
1260,8,SANTANDER,BEATRIZ,DEPOSITO,2022-04-13T04:54:56,6849.11
2220,2,SANTANDER,JULIA,DEPOSITO,2022-02-26T11:34:14,3119.7
1810,3,SANTANDER,CARLOS,DEPOSITO,2022-05-06T23:21:47,9807.06
1520,1,SANTANDER,JOAO,SAQUE,2022-03-11T08:39:12,8687.87
3090,6,SANTANDER,PEDRO,DEPOSITO,2022-10-09T23:22:40,2935.65
1810,3,SANTANDER,CARLOS,DEPOSITO,2022-07-08T03:24:12,5047.23
2870,9,SANTANDER,PAULO,SAQUE,2022-02-07T10:35:29,8295.89
2220,2,SANTANDER,JULIA,SAQUE,2022-11-17T09:07:35,8261.14
4110,7,SANTANDER,LUCAS,SAQUE,2022-09-29T09:25:47,9676.73
3090,6,SANTANDER,PEDRO,SAQUE,2022-10-25T01:45:04,1564.17
2750,5,SANTANDER,ANA,SAQUE,2022-04-01T05:46:46,373.17
3320,4,SANTANDER,MARIA,SAQUE,2022-06-25T20:44:42,8600.3
3090,6,SANTANDER,PEDRO,DEPOSITO,2022-06-03T16:02:27,8019.68
2220,2,SANTANDER,JULIA,DEPOSITO,2022-06-19T11:55:10,8543.16
2750,5,SANTANDER,ANA,DEPOSITO,2022-12-28T10:15:54,6845.63
1520,1,SANTANDER,JOAO,DEPOSITO,2022-04-02T09:58:33,4843.79
1260,8,SANTANDER,BEATRIZ,DEPOSITO,2022-05-09T10:12:12,3587.54
1044,2,SANTANDER,FELIPE,SAQUE,2022-05-30T23:58:56,8454.9
1810,3,SANTANDER,CARLOS,DEPOSITO,2022-01-13T04:01:53,6160.79
2750,5,SANTANDER,ANA,DEPOSITO,2022-10-19T06:42:40,875.75
1044,2,SANTANDER,FELIPE,SAQUE,2022-04-10T02:59:11,6337.21
2220,2,SANTANDER,JULIA,DEPOSITO,2022-10-26T03:49:24,2973.93
2870,9,SANTANDER,PAULO,SAQUE,2022-04-23T06:14:28,833.92
2750,5,SANTANDER,ANA,DEPOSITO,2022-01-02T05:08:14,54.57
1810,3,SANTANDER,CARLOS,SAQUE,2022-11-16T11:10:10,7650.05
2220,2,SANTANDER,JULIA,SAQUE,2022-02-21T18:53:42,252.19
1044,2,SANTANDER,FELIPE,DEPOSITO,2022-06-18T00:09:52,2151.82
2750,5,SANTANDER,ANA,SAQUE,2022-12-23T08:36:57,5976.84
3090,6,SANTANDER,PEDRO,DEPOSITO,2022-05-28T00:32:03,6418.52
4110,7,SANTANDER,LUCAS,DEPOSITO,2022-07-15T12:29:12,4818.58
1810,3,SANTANDER,CARLOS,SAQUE,2022-12-03T07:47:02,6208.75
3320,4,SANTANDER,MARIA,SAQUE,2022-06-20T23:19:05,9598.78
1044,2,SANTANDER,FELIPE,DEPOSITO,2022-03-20T02:27:54,4037.91
3320,4,SANTANDER,MARIA,SAQUE,2022-07-13T04:38:53,5490.45
2870,9,SANTANDER,PAULO,SAQUE,2022-03-30T19:00:08,3009.16
1044,2,SANTANDER,FELIPE,SAQUE,2022-10-09T11:01:33,9789.39
2870,9,SANTANDER,PAULO,DEPOSITO,2022-07-20T15:56:22,3121.91
3090,6,SANTANDER,PEDRO,DEPOSITO,2022-12-27T00:23:19,2881.81
1260,8,SANTANDER,BEATRIZ,SAQUE,2022-04-15T17:40:19,9424.29
2750,5,SANTANDER,ANA,SAQUE,2022-07-27T15:25:42,2113.83
4110,7,SANTANDER,LUCAS,DEPOSITO,2022-12-27T22:33:06,7281.7
3320,4,SANTANDER,MARIA,SAQUE,2022-04-05T11:26:39,296.95
1520,1,SANTANDER,JOAO,DEPOSITO,2022-05-30T11:58:24,3473.62
1260,8,SANTANDER,BEATRIZ,DEPOSITO,2022-02-19T08:11:13,9138.25
1520,1,SANTANDER,JOAO,DEPOSITO,2022-04-23T23:19:25,7766.83
4110,7,SANTANDER,LUCAS,DEPOSITO,2022-07-23T19:25:26,4206.99
1810,3,SANTANDER,CARLOS,SAQUE,2022-06-02T00:10:11,4026.48
1044,2,SANTANDER,FELIPE,DEPOSITO,2022-06-12T19:26:14,4872.65
2750,5,SANTANDER,ANA,DEPOSITO,2022-11-02T05:53:18,1796.29
1520,1,SANTANDER,JOAO,SAQUE,2022-10-09T11:27:07,3788.76
1044,2,SANTANDER,FELIPE,SAQUE,2022-07-06T02:32:11,6088.44
2220,2,SANTANDER,JULIA,DEPOSITO,2022-03-26T00:45:07,7470.01
1520,1,SANTANDER,JOAO,DEPOSITO,2022-01-13T23:35:25,9087.25
3320,4,SANTANDER,MARIA,SAQUE,2022-03-03T05:54:30,4719.67
3090,6,SANTANDER,PEDRO,DEPOSITO,2022-11-09T18:58:44,1742.42
4110,7,SANTANDER,LUCAS,SAQUE,2022-01-27T17:40:49,6312.12
2870,9,SANTANDER,PAULO,DEPOSITO,2022-09-11T13:38:58,5187.41
3090,6,SANTANDER,PEDRO,SAQUE,2022-02-16T16:23:13,908.32
2750,5,SANTANDER,ANA,SAQUE,2022-10-29T04:55:10,4151.47
2870,9,SANTANDER,PAULO,DEPOSITO,2022-12-08T09:40:21,9526.43
3090,6,SANTANDER,PEDRO,SAQUE,2022-01-15T04:23:49,9621.51
3090,6,SANTANDER,PEDRO,SAQUE,2022-12-20T20:17:12,5415.48
2220,2,SANTANDER,JULIA,SAQUE,2022-02-05T20:15:45,1774.98
2870,9,SANTANDER,PAULO,SAQUE,2022-08-04T07:42:49,6776.67
1044,2,SANTANDER,FELIPE,DEPOSITO,2022-11-20T00:12:08,7550.53
1044,2,SANTANDER,FELIPE,DEPOSITO,2022-09-27T14:12:03,6505.11
2870,9,SANTANDER,PAULO,SAQUE,2022-04-09T05:25:43,4909.49
3090,6,SANTANDER,PEDRO,DEPOSITO,2022-11-30T03:37:28,9728.95
1044,2,SANTANDER,FELIPE,SAQUE,2022-12-16T14:47:17,2833.19
1520,1,SANTANDER,JOAO,SAQUE,2022-04-14T17:15:04,7595.46
1044,2,SANTANDER,FELIPE,DEPOSITO,2022-12-28T10:45:52,1650.49
1810,3,SANTANDER,CARLOS,SAQUE,2022-07-22T03:25:25,9133.1
2870,9,SANTANDER,PAULO,SAQUE,2022-01-24T22:10:55,1850.83
2220,2,SANTANDER,JULIA,DEPOSITO,2022-09-04T13:02:57,1007.02
3320,4,SANTANDER,MARIA,SAQUE,2022-11-07T07:38:23,8267.26
2220,2,SANTANDER,JULIA,SAQUE,2022-06-23T23:50:14,3449.27
3320,4,SANTANDER,MARIA,SAQUE,2022-07-18T22:35:19,3426.82
1810,3,SANTANDER,CARLOS,DEPOSITO,2022-04-01T10:33:06,8099.79
2870,9,SANTANDER,PAULO,DEPOSITO,2022-10-20T14:03:45,4675.52
1044,2,SANTANDER,FELIPE,DEPOSITO,2022-11-27T03:11:39,1755.78
2220,2,SANTANDER,JULIA,DEPOSITO,2022-01-26T11:06:07,2012.65
3090,6,SANTANDER,PEDRO,DEPOSITO,2022-02-11T03:24:14,6603.84
3090,6,SANTANDER,PEDRO,DEPOSITO,2022-05-16T07:04:57,4908.38
2750,5,SANTANDER,ANA,DEPOSITO,2022-12-25T13:30:15,2820.93
2750,5,SANTANDER,ANA,SAQUE,2022-02-21T04:02:07,3780.18
2870,9,SANTANDER,PAULO,SAQUE,2022-06-18T12:42:14,6069.22
1520,1,SANTANDER,JOAO,DEPOSITO,2022-08-24T09:28:38,6570.9
1520,1,SANTANDER,JOAO,DEPOSITO,2022-04-11T11:16:52,9653.83
1044,2,SANTANDER,FELIPE,SAQUE,2022-10-10T11:24:17,4101.11
1044,2,SANTANDER,FELIPE,SAQUE,2022-03-17T16:50:31,7578.14
1260,8,SANTANDER,BEATRIZ,SAQUE,2022-10-19T07:02:00,1478.66
3090,6,SANTANDER,PEDRO,SAQUE,2022-10-29T08:26:38,1448.22
3320,4,SANTANDER,MARIA,DEPOSITO,2022-08-13T17:23:00,9890.76
2870,9,SANTANDER,PAULO,SAQUE,2022-06-30T19:20:19,8988.41
1260,8,SANTANDER,BEATRIZ,SAQUE,2022-11-30T07:29:31,3458.38
2750,5,SANTANDER,ANA,SAQUE,2022-07-23T22:40:58,5669.81
1044,2,SANTANDER,FELIPE,DEPOSITO,2022-07-27T06:21:44,4595.32
3090,6,SANTANDER,PEDRO,SAQUE,2022-07-06T12:10:29,5745.26
2750,5,SANTANDER,ANA,SAQUE,2022-09-09T05:52:00,3492.77
4110,7,SANTANDER,LUCAS,DEPOSITO,2022-06-16T23:40:49,6186.95
3320,4,SANTANDER,MARIA,SAQUE,2022-03-19T01:43:31,6700.49
2750,5,SANTANDER,ANA,SAQUE,2022-01-12T09:15:19,7440.08
2750,5,SANTANDER,ANA,SAQUE,2022-10-14T08:31:31,8624.01
3090,6,SANTANDER,PEDRO,SAQUE,2022-04-23T08:20:00,4216.24
2220,2,SANTANDER,JULIA,SAQUE,2022-03-23T03:36:34,813.67
2750,5,SANTANDER,ANA,DEPOSITO,2022-12-07T07:52:48,9726.91
1520,1,SANTANDER,JOAO,DEPOSITO,2022-09-11T02:40:50,7852.23
1260,8,SANTANDER,BEATRIZ,DEPOSITO,2022-09-20T01:37:32,7393.65
3320,4,SANTANDER,MARIA,DEPOSITO,2022-01-17T17:47:16,1636.51
2220,2,SANTANDER,JULIA,SAQUE,2022-03-03T22:11:24,7316.8
1810,3,SANTANDER,CARLOS,SAQUE,2022-08-18T11:26:38,5954.96
1520,1,SANTANDER,JOAO,DEPOSITO,2022-01-23T20:27:16,81.26
3320,4,SANTANDER,MARIA,DEPOSITO,2022-04-30T22:28:03,711.72
1810,3,SANTANDER,CARLOS,SAQUE,2022-03-02T01:22:22,7365.11
1044,2,SANTANDER,FELIPE,DEPOSITO,2022-04-06T22:46:14,8276.2
3320,4,SANTANDER,MARIA,DEPOSITO,2022-03-20T00:43:24,2432.32
3320,4,SANTANDER,MARIA,DEPOSITO,2022-10-02T15:44:33,5169.29
1520,1,SANTANDER,JOAO,SAQUE,2022-12-23T10:47:19,1453.05
2220,2,SANTANDER,JULIA,SAQUE,2022-12-14T07:15:30,7042.67
3320,4,SANTANDER,MARIA,SAQUE,2022-04-14T00:33:47,1251.83
1044,2,SANTANDER,FELIPE,DEPOSITO,2022-07-10T08:27:18,3792.4
1260,8,SANTANDER,BEATRIZ,SAQUE,2022-12-09T00:10:14,2187.53
4110,7,SANTANDER,LUCAS,DEPOSITO,2022-01-30T11:46:13,6864.87
1810,3,SANTANDER,CARLOS,SAQUE,2022-01-02T13:45:48,28.47
1810,3,SANTANDER,CARLOS,DEPOSITO,2022-08-30T09:37:17,1641.61
2220,2,SANTANDER,JULIA,DEPOSITO,2022-10-23T06:45:15,9539.42
2750,5,SANTANDER,ANA,DEPOSITO,2022-08-31T07:48:20,1719.05
1044,2,SANTANDER,FELIPE,DEPOSITO,2022-12-18T03:55:19,6535.4
1044,2,SANTANDER,FELIPE,DEPOSITO,2022-03-17T22:28:33,4779.48
2870,9,SANTANDER,PAULO,DEPOSITO,2022-04-14T23:56:50,2671.49
2220,2,SANTANDER,JULIA,SAQUE,2022-05-24T16:03:51,8223.32
4110,7,SANTANDER,LUCAS,DEPOSITO,2022-07-12T11:06:59,7264.48
2220,2,SANTANDER,JULIA,DEPOSITO,2022-03-25T00:56:53,8139.86
2870,9,SANTANDER,PAULO,DEPOSITO,2022-10-06T21:05:47,7412.14
2750,5,SANTANDER,ANA,DEPOSITO,2022-09-06T00:06:09,1837.13
1260,8,SANTANDER,BEATRIZ,DEPOSITO,2022-05-11T10:29:53,3724.98
4110,7,SANTANDER,LUCAS,DEPOSITO,2022-10-13T14:00:39,3267.51
2220,2,SANTANDER,JULIA,SAQUE,2022-10-02T01:46:18,4643.76
1810,3,SANTANDER,CARLOS,DEPOSITO,2022-12-01T23:51:01,8323.3
2750,5,SANTANDER,ANA,SAQUE,2022-11-05T04:07:43,5789.33
1044,2,SANTANDER,FELIPE,SAQUE,2022-05-23T10:50:19,4431.17
3090,6,SANTANDER,PEDRO,SAQUE,2022-02-07T18:41:41,3456.51
3320,4,SANTANDER,MARIA,DEPOSITO,2022-09-11T05:46:07,8475.3
2870,9,SANTANDER,PAULO,SAQUE,2022-03-11T20:18:03,8273.69
3320,4,SANTANDER,MARIA,SAQUE,2022-03-02T11:19:37,1633.73
2750,5,SANTANDER,ANA,DEPOSITO,2022-05-28T09:06:46,9095.12
3090,6,SANTANDER,PEDRO,SAQUE,2022-01-31T13:13:34,95.82
3320,4,SANTANDER,MARIA,SAQUE,2022-01-14T03:02:56,3948.21
1044,2,SANTANDER,FELIPE,DEPOSITO,2022-11-16T01:36:31,3902.6
3320,4,SANTANDER,MARIA,SAQUE,2022-10-21T01:50:50,5165.53
4110,7,SANTANDER,LUCAS,SAQUE,2022-07-01T06:29:11,8927.38
1044,2,SANTANDER,FELIPE,DEPOSITO,2022-12-26T14:26:09,5476.62
1044,2,SANTANDER,FELIPE,DEPOSITO,2022-09-01T01:58:05,2345.01
1810,3,SANTANDER,CARLOS,SAQUE,2022-12-30T07:31:00,9120.1
1520,1,SANTANDER,JOAO,SAQUE,2022-07-12T08:10:19,6092.7
4110,7,SANTANDER,LUCAS,DEPOSITO,2022-12-19T18:59:40,9491.12
1044,2,SANTANDER,FELIPE,DEPOSITO,2022-09-20T10:15:52,7864.21
1260,8,SANTANDER,BEATRIZ,SAQUE,2022-11-18T01:59:18,1106.14
1810,3,SANTANDER,CARLOS,DEPOSITO,2022-02-20T19:05:37,8737.42
3090,6,SANTANDER,PEDRO,SAQUE,2022-04-24T15:29:01,4247.95
3090,6,SANTANDER,PEDRO,SAQUE,2022-08-22T12:01:27,6315.66
2750,5,SANTANDER,ANA,SAQUE,2022-10-15T07:05:27,165.48
3090,6,SANTANDER,PEDRO,DEPOSITO,2022-12-08T23:57:01,9283.34
2220,2,SANTANDER,JULIA,SAQUE,2022-03-31T20:48:49,3321.75
3320,4,SANTANDER,MARIA,SAQUE,2022-06-19T19:34:54,2386.93
3320,4,SANTANDER,MARIA,SAQUE,2022-06-14T18:48:11,3902.57
1260,8,SANTANDER,BEATRIZ,SAQUE,2022-06-28T09:23:10,7402.7
2220,2,SANTANDER,JULIA,DEPOSITO,2022-10-24T04:20:17,7475.42
2750,5,SANTANDER,ANA,DEPOSITO,2022-05-13T12:34:27,1838.35
2220,2,SANTANDER,JULIA,SAQUE,2022-07-24T16:15:39,5896.53
1810,3,SANTANDER,CARLOS,SAQUE,2022-03-29T08:29:35,1125.82
1260,8,SANTANDER,BEATRIZ,DEPOSITO,2022-11-08T17:46:40,6757.52
1260,8,SANTANDER,BEATRIZ,SAQUE,2022-05-23T06:03:52,9840.62
1260,8,SANTANDER,BEATRIZ,SAQUE,2022-01-20T16:12:32,7532.29
2750,5,SANTANDER,ANA,SAQUE,2022-10-23T15:06:51,8556.41
3320,4,SANTANDER,MARIA,SAQUE,2022-02-16T14:36:45,1311.88
2750,5,SANTANDER,ANA,SAQUE,2022-07-15T00:49:36,4774.5
1810,3,SANTANDER,CARLOS,SAQUE,2022-09-08T23:08:42,5596.83
1520,1,SANTANDER,JOAO,DEPOSITO,2022-04-03T22:34:52,1758.02
1520,1,SANTANDER,JOAO,SAQUE,2022-10-02T13:42:53,6078.4
2750,5,SANTANDER,ANA,SAQUE,2022-04-07T06:41:49,1100.06
1260,8,SANTANDER,BEATRIZ,DEPOSITO,2022-04-09T13:31:31,7146.02
1044,2,SANTANDER,FELIPE,SAQUE,2022-09-08T02:55:03,5922.76
3090,6,SANTANDER,PEDRO,SAQUE,2022-12-11T07:03:00,1254.48
4110,7,SANTANDER,LUCAS,DEPOSITO,2022-08-17T14:13:19,7826.21
4110,7,SANTANDER,LUCAS,DEPOSITO,2022-02-15T20:57:59,7036.33
3320,4,SANTANDER,MARIA,SAQUE,2022-04-02T15:54:44,3620.45
4110,7,SANTANDER,LUCAS,SAQUE,2022-04-03T22:31:27,2885.21
1044,2,SANTANDER,FELIPE,DEPOSITO,2022-03-20T12:11:50,3513.98
1260,8,SANTANDER,BEATRIZ,DEPOSITO,2022-11-03T20:16:47,4896.3
4110,7,SANTANDER,LUCAS,SAQUE,2022-05-01T12:17:25,5071.27
2220,2,SANTANDER,JULIA,DEPOSITO,2022-02-14T16:59:03,7466.28
2870,9,SANTANDER,PAULO,SAQUE,2022-01-09T15:27:26,1908.94
4110,7,SANTANDER,LUCAS,SAQUE,2022-07-09T06:45:43,7031.67
3320,4,SANTANDER,MARIA,SAQUE,2022-08-16T11:54:15,811.54
1044,2,SANTANDER,FELIPE,DEPOSITO,2022-09-05T06:31:14,1954.3
1260,8,SANTANDER,BEATRIZ,DEPOSITO,2022-01-28T11:06:24,2860.25
1520,1,SANTANDER,JOAO,SAQUE,2022-09-02T04:31:39,1827.23
1260,8,SANTANDER,BEATRIZ,SAQUE,2022-10-09T00:57:23,3225.52
1520,1,SANTANDER,JOAO,SAQUE,2022-03-31T22:51:29,6443.32
3320,4,SANTANDER,MARIA,SAQUE,2022-10-23T10:37:49,7063.01
2220,2,SANTANDER,JULIA,DEPOSITO,2022-08-05T04:40:36,2492.02
2220,2,SANTANDER,JULIA,DEPOSITO,2022-04-23T02:02:58,6724.79
1260,8,SANTANDER,BEATRIZ,DEPOSITO,2022-12-14T07:03:35,6398.19
4110,7,SANTANDER,LUCAS,SAQUE,2022-05-12T17:54:06,2093.68
1520,1,SANTANDER,JOAO,SAQUE,2022-08-31T07:05:06,504.86
3320,4,SANTANDER,MARIA,DEPOSITO,2022-07-03T14:33:50,981.64
1044,2,SANTANDER,FELIPE,SAQUE,2022-05-07T11:56:43,4977.39
1260,8,SANTANDER,BEATRIZ,SAQUE,2022-01-14T02:12:24,8728.48
2870,9,SANTANDER,PAULO,SAQUE,2022-08-10T03:28:05,3430.06
2220,2,SANTANDER,JULIA,SAQUE,2022-07-30T09:05:10,8565.41
3320,4,SANTANDER,MARIA,SAQUE,2022-11-11T21:59:14,4477.91
2750,5,SANTANDER,ANA,SAQUE,2022-04-05T05:03:39,1065.62
1044,2,SANTANDER,FELIPE,SAQUE,2022-03-31T21:13:38,9989.84
3090,6,SANTANDER,PEDRO,DEPOSITO,2022-06-19T14:30:25,905.63
4110,7,SANTANDER,LUCAS,SAQUE,2022-09-13T17:07:13,5958.73
2220,2,SANTANDER,JULIA,SAQUE,2022-11-10T14:26:45,416.94
2870,9,SANTANDER,PAULO,SAQUE,2022-03-05T11:12:52,9557.8
3090,6,SANTANDER,PEDRO,DEPOSITO,2022-08-15T10:23:55,4005.32
3090,6,SANTANDER,PEDRO,DEPOSITO,2022-02-14T02:07:51,484.82
1044,2,SANTANDER,FELIPE,SAQUE,2022-06-06T12:11:05,3587.5
1044,2,SANTANDER,FELIPE,DEPOSITO,2022-10-02T00:08:59,9283.5
3090,6,SANTANDER,PEDRO,DEPOSITO,2022-04-22T18:35:57,5946.22
3090,6,SANTANDER,PEDRO,SAQUE,2022-04-06T04:18:04,7461.59
1810,3,SANTANDER,CARLOS,SAQUE,2022-10-21T00:32:10,8755.96
4110,7,SANTANDER,LUCAS,DEPOSITO,2022-02-01T04:12:35,444.44
4110,7,SANTANDER,LUCAS,DEPOSITO,2022-02-20T12:51:56,9730.46
2870,9,SANTANDER,PAULO,DEPOSITO,2022-08-02T16:44:29,8878.08
3090,6,SANTANDER,PEDRO,SAQUE,2022-06-15T03:32:12,1118.88
1810,3,SANTANDER,CARLOS,SAQUE,2022-10-22T19:04:01,1413.57
4110,7,SANTANDER,LUCAS,SAQUE,2022-10-05T04:05:45,6330.45
1520,1,SANTANDER,JOAO,DEPOSITO,2022-04-20T13:36:43,952.28
1260,8,SANTANDER,BEATRIZ,SAQUE,2022-10-18T14:28:24,2437.69
1810,3,SANTANDER,CARLOS,DEPOSITO,2022-06-27T23:12:25,472.04
1810,3,SANTANDER,CARLOS,DEPOSITO,2022-04-12T21:39:07,4195.74
3320,4,SANTANDER,MARIA,SAQUE,2022-01-21T17:33:51,8148.67
2870,9,SANTANDER,PAULO,SAQUE,2022-02-21T05:13:10,3249.41
1810,3,SANTANDER,CARLOS,SAQUE,2022-12-29T22:54:32,9602.29
1044,2,SANTANDER,FELIPE,DEPOSITO,2022-03-16T04:52:31,7219.33
1520,1,SANTANDER,JOAO,DEPOSITO,2022-11-30T08:20:27,1677.72
1044,2,SANTANDER,FELIPE,SAQUE,2022-10-12T05:23:40,6544.86
1260,8,SANTANDER,BEATRIZ,SAQUE,2022-04-27T23:17:39,2936.65
2750,5,SANTANDER,ANA,DEPOSITO,2022-11-14T11:36:51,551.73
2870,9,SANTANDER,PAULO,DEPOSITO,2022-01-02T23:51:51,9412.23
3320,4,SANTANDER,MARIA,SAQUE,2022-10-28T02:24:39,996.26
2750,5,SANTANDER,ANA,SAQUE,2022-02-26T21:10:42,4323.96
3090,6,SANTANDER,PEDRO,SAQUE,2022-04-26T09:56:06,172.52
2220,2,SANTANDER,JULIA,SAQUE,2022-08-08T11:02:43,1398.38
3090,6,SANTANDER,PEDRO,DEPOSITO,2022-05-19T00:51:17,7858.64
3320,4,SANTANDER,MARIA,DEPOSITO,2022-04-18T10:42:59,1784.51
3320,4,SANTANDER,MARIA,SAQUE,2022-07-04T01:14:59,3469.11
1520,1,SANTANDER,JOAO,SAQUE,2022-10-30T11:49:12,7762.37
1044,2,SANTANDER,FELIPE,SAQUE,2022-02-20T23:39:45,6626.32
1044,2,SANTANDER,FELIPE,SAQUE,2022-06-01T06:04:09,8977.44
3090,6,SANTANDER,PEDRO,SAQUE,2022-08-18T15:14:22,1101.54
1044,2,SANTANDER,FELIPE,SAQUE,2022-03-19T13:34:20,5854.06
3090,6,SANTANDER,PEDRO,SAQUE,2022-05-31T07:15:11,6863.41
2220,2,SANTANDER,JULIA,SAQUE,2022-08-22T19:46:27,9363.77
1044,2,SANTANDER,FELIPE,DEPOSITO,2022-06-08T20:20:51,7609.45
3320,4,SANTANDER,MARIA,SAQUE,2022-02-07T05:30:28,3428.59
1520,1,SANTANDER,JOAO,SAQUE,2022-11-08T07:20:45,4333.34
3090,6,SANTANDER,PEDRO,DEPOSITO,2022-12-20T04:48:43,1826.54
3320,4,SANTANDER,MARIA,SAQUE,2022-02-15T11:10:57,7086.0
1260,8,SANTANDER,BEATRIZ,DEPOSITO,2022-12-24T03:51:17,4975.96
2220,2,SANTANDER,JULIA,DEPOSITO,2022-06-06T16:36:39,1809.23
1810,3,SANTANDER,CARLOS,SAQUE,2022-09-10T21:48:12,7136.14
4110,7,SANTANDER,LUCAS,DEPOSITO,2022-07-29T06:32:04,9052.75
4110,7,SANTANDER,LUCAS,DEPOSITO,2022-02-10T10:58:08,2810.64
1810,3,SANTANDER,CARLOS,DEPOSITO,2022-10-21T23:12:51,7531.96
1044,2,SANTANDER,FELIPE,DEPOSITO,2022-03-26T16:54:42,507.37
1810,3,SANTANDER,CARLOS,DEPOSITO,2022-05-28T12:57:51,5658.55
3090,6,SANTANDER,PEDRO,SAQUE,2022-11-16T20:41:51,4576.95
1520,1,SANTANDER,JOAO,DEPOSITO,2022-11-24T07:58:14,9122.96
3090,6,SANTANDER,PEDRO,DEPOSITO,2022-11-08T03:38:33,9688.19
3320,4,SANTANDER,MARIA,SAQUE,2022-08-06T16:46:11,1709.24
2750,5,SANTANDER,ANA,SAQUE,2022-07-11T21:05:56,6461.31
1044,2,SANTANDER,FELIPE,SAQUE,2022-05-16T06:38:54,9018.49
3090,6,SANTANDER,PEDRO,DEPOSITO,2022-02-03T15:03:36,7849.0
1260,8,SANTANDER,BEATRIZ,DEPOSITO,2022-07-19T05:45:21,1075.29
1044,2,SANTANDER,FELIPE,DEPOSITO,2022-10-08T01:37:53,8482.68
1810,3,SANTANDER,CARLOS,SAQUE,2022-01-19T06:55:53,3852.68
2870,9,SANTANDER,PAULO,DEPOSITO,2022-02-03T03:49:30,2851.38
4110,7,SANTANDER,LUCAS,DEPOSITO,2022-12-13T19:41:16,2929.8
2220,2,SANTANDER,JULIA,SAQUE,2022-05-01T14:06:33,6857.69
1044,2,SANTANDER,FELIPE,SAQUE,2022-11-27T05:17:01,9555.16
1260,8,SANTANDER,BEATRIZ,SAQUE,2022-04-30T02:23:34,2341.54
1260,8,SANTANDER,BEATRIZ,SAQUE,2022-10-08T03:10:14,2227.61
3090,6,SANTANDER,PEDRO,DEPOSITO,2022-08-09T09:18:55,7440.27
1520,1,SANTANDER,JOAO,DEPOSITO,2022-02-13T19:31:01,145.61
4110,7,SANTANDER,LUCAS,DEPOSITO,2022-10-05T23:20:28,4306.36
3320,4,SANTANDER,MARIA,DEPOSITO,2022-04-13T04:08:06,8795.85
2870,9,SANTANDER,PAULO,DEPOSITO,2022-04-05T19:03:35,9642.81
2870,9,SANTANDER,PAULO,DEPOSITO,2022-04-15T11:55:22,1944.33
3090,6,SANTANDER,PEDRO,SAQUE,2022-08-18T05:18:21,1788.45
1260,8,SANTANDER,BEATRIZ,DEPOSITO,2022-01-16T15:35:29,7522.5
3090,6,SANTANDER,PEDRO,SAQUE,2022-03-26T04:08:34,7462.84
1044,2,SANTANDER,FELIPE,SAQUE,2022-02-21T03:35:50,8505.25
1810,3,SANTANDER,CARLOS,DEPOSITO,2022-02-08T08:23:51,5153.28
3090,6,SANTANDER,PEDRO,SAQUE,2022-03-29T12:43:32,5777.79
1260,8,SANTANDER,BEATRIZ,SAQUE,2022-01-01T10:31:20,4804.99
3320,4,SANTANDER,MARIA,SAQUE,2022-06-08T05:41:32,749.28
1810,3,SANTANDER,CARLOS,SAQUE,2022-01-05T04:18:15,1656.32
3320,4,SANTANDER,MARIA,SAQUE,2022-11-08T01:51:00,7477.11
2750,5,SANTANDER,ANA,SAQUE,2022-08-04T19:39:10,177.94
2870,9,SANTANDER,PAULO,SAQUE,2022-09-13T07:41:14,6989.62
1260,8,SANTANDER,BEATRIZ,SAQUE,2022-08-20T12:32:56,9905.08
3320,4,SANTANDER,MARIA,DEPOSITO,2022-05-17T03:51:48,9798.11
2870,9,SANTANDER,PAULO,SAQUE,2022-08-30T04:27:01,4058.0
2870,9,SANTANDER,PAULO,DEPOSITO,2022-10-25T21:56:00,4676.04
1044,2,SANTANDER,FELIPE,DEPOSITO,2022-01-24T09:54:30,7717.31
1810,3,SANTANDER,CARLOS,DEPOSITO,2022-01-09T04:41:56,1355.28
1260,8,SANTANDER,BEATRIZ,SAQUE,2022-03-10T22:18:11,4891.42
2750,5,SANTANDER,ANA,DEPOSITO,2022-04-28T22:59:21,5119.37
2750,5,SANTANDER,ANA,DEPOSITO,2022-03-06T09:45:23,5383.56
1810,3,SANTANDER,CARLOS,DEPOSITO,2022-11-23T12:53:44,9885.08
2220,2,SANTANDER,JULIA,SAQUE,2022-02-16T11:15:07,5643.19
1044,2,SANTANDER,FELIPE,DEPOSITO,2022-01-06T23:50:51,2588.03
1520,1,SANTANDER,JOAO,SAQUE,2022-05-17T16:02:30,968.42
1520,1,SANTANDER,JOAO,SAQUE,2022-05-27T12:46:57,6273.23
1810,3,SANTANDER,CARLOS,DEPOSITO,2022-01-26T04:17:37,6504.8
2870,9,SANTANDER,PAULO,DEPOSITO,2022-02-16T20:26:57,129.61
1810,3,SANTANDER,CARLOS,SAQUE,2022-11-19T08:44:17,7016.14
3090,6,SANTANDER,PEDRO,DEPOSITO,2022-06-15T17:56:29,2537.46
3320,4,SANTANDER,MARIA,SAQUE,2022-02-13T04:11:37,8561.14
2870,9,SANTANDER,PAULO,DEPOSITO,2022-11-14T11:35:38,5442.06
2870,9,SANTANDER,PAULO,SAQUE,2022-09-18T23:52:53,8740.59
2870,9,SANTANDER,PAULO,DEPOSITO,2022-06-02T16:28:17,3200.92
2750,5,SANTANDER,ANA,DEPOSITO,2022-07-01T12:04:00,4736.61
1520,1,SANTANDER,JOAO,DEPOSITO,2022-06-23T11:15:08,2426.12
1260,8,SANTANDER,BEATRIZ,DEPOSITO,2022-09-12T18:07:15,8408.35
4110,7,SANTANDER,LUCAS,DEPOSITO,2022-07-02T10:33:06,8127.3
3320,4,SANTANDER,MARIA,SAQUE,2022-11-19T03:23:13,87.62
1260,8,SANTANDER,BEATRIZ,DEPOSITO,2022-10-25T19:19:18,7802.12
4110,7,SANTANDER,LUCAS,SAQUE,2022-04-27T07:48:41,9919.58
1810,3,SANTANDER,CARLOS,DEPOSITO,2022-07-17T15:49:16,948.67
2870,9,SANTANDER,PAULO,SAQUE,2022-08-27T17:02:38,8217.81
3320,4,SANTANDER,MARIA,DEPOSITO,2022-06-18T08:00:57,6533.52
2870,9,SANTANDER,PAULO,DEPOSITO,2022-10-12T09:17:19,281.42
1810,3,SANTANDER,CARLOS,DEPOSITO,2022-07-05T14:35:53,6050.07
2750,5,SANTANDER,ANA,SAQUE,2022-04-06T03:14:05,3558.08
3090,6,SANTANDER,PEDRO,DEPOSITO,2022-01-10T18:06:51,3227.82
2750,5,SANTANDER,ANA,SAQUE,2022-06-26T03:52:33,8007.11
1520,1,SANTANDER,JOAO,SAQUE,2022-12-10T18:13:58,6245.17
2220,2,SANTANDER,JULIA,SAQUE,2022-04-20T10:04:38,6521.49
1044,2,SANTANDER,FELIPE,DEPOSITO,2022-01-30T15:33:25,3144.54
3090,6,SANTANDER,PEDRO,SAQUE,2022-05-11T16:51:02,6531.68
2870,9,SANTANDER,PAULO,DEPOSITO,2022-08-19T18:15:24,9462.58
2750,5,SANTANDER,ANA,SAQUE,2022-04-10T17:43:25,2100.45
2870,9,SANTANDER,PAULO,DEPOSITO,2022-10-02T03:47:18,1825.17
2220,2,SANTANDER,JULIA,SAQUE,2022-05-06T13:54:16,8192.17
2750,5,SANTANDER,ANA,SAQUE,2022-03-30T00:29:00,3500.62
1260,8,SANTANDER,BEATRIZ,DEPOSITO,2022-03-07T13:01:20,3417.13
3320,4,SANTANDER,MARIA,DEPOSITO,2022-10-31T23:43:52,5663.58
4110,7,SANTANDER,LUCAS,SAQUE,2022-09-26T17:00:43,4995.33
3320,4,SANTANDER,MARIA,SAQUE,2022-10-16T10:02:04,7409.25
1044,2,SANTANDER,FELIPE,DEPOSITO,2022-02-16T13:50:35,6418.24
1520,1,SANTANDER,JOAO,DEPOSITO,2022-12-20T18:31:34,6226.73
4110,7,SANTANDER,LUCAS,SAQUE,2022-10-06T05:44:20,6610.56
2870,9,SANTANDER,PAULO,DEPOSITO,2022-08-08T09:42:55,9162.3
3090,6,SANTANDER,PEDRO,DEPOSITO,2022-06-14T09:00:15,814.05
1260,8,SANTANDER,BEATRIZ,DEPOSITO,2022-06-16T19:49:01,4440.41
1810,3,SANTANDER,CARLOS,SAQUE,2022-04-15T11:03:24,2355.82
3320,4,SANTANDER,MARIA,SAQUE,2022-11-26T18:41:10,1573.3
1520,1,SANTANDER,JOAO,SAQUE,2022-04-15T16:14:50,9232.58
4110,7,SANTANDER,LUCAS,DEPOSITO,2022-08-06T16:35:33,1448.84
1044,2,SANTANDER,FELIPE,SAQUE,2022-07-15T11:22:28,974.29
3320,4,SANTANDER,MARIA,SAQUE,2022-09-12T09:38:31,3081.73
2750,5,SANTANDER,ANA,SAQUE,2022-06-06T08:04:25,9927.74
1810,3,SANTANDER,CARLOS,DEPOSITO,2022-06-16T17:38:47,4917.94
1044,2,SANTANDER,FELIPE,SAQUE,2022-11-27T09:34:51,9169.1
2750,5,SANTANDER,ANA,SAQUE,2022-08-03T09:46:52,3095.61
1520,1,SANTANDER,JOAO,SAQUE,2022-04-23T11:00:57,8508.6
2220,2,SANTANDER,JULIA,DEPOSITO,2022-03-27T10:09:07,9042.59
1260,8,SANTANDER,BEATRIZ,DEPOSITO,2022-10-28T11:17:30,1147.39
1520,1,SANTANDER,JOAO,SAQUE,2022-07-28T01:03:06,8360.51
4110,7,SANTANDER,LUCAS,DEPOSITO,2022-02-19T23:09:11,1575.14
3090,6,SANTANDER,PEDRO,SAQUE,2022-12-27T23:27:56,6243.69
3320,4,SANTANDER,MARIA,SAQUE,2022-10-20T18:20:58,2690.76
1520,1,SANTANDER,JOAO,SAQUE,2022-01-12T14:50:45,6315.61
2750,5,SANTANDER,ANA,SAQUE,2022-08-01T15:21:52,373.93
1810,3,SANTANDER,CARLOS,DEPOSITO,2022-07-05T14:35:53,6050.07
1520,1,SANTANDER,JOAO,SAQUE,2022-12-29T13:44:01,6353.31
3090,6,SANTANDER,PEDRO,DEPOSITO,2022-08-16T19:11:24,693.39
2220,2,SANTANDER,JULIA,SAQUE,2022-10-22T10:25:07,2137.09
1260,8,SANTANDER,BEATRIZ,SAQUE,2022-04-30T12:46:23,4558.25
3090,6,SANTANDER,PEDRO,SAQUE,2022-07-18T05:52:03,9212.51
2750,5,SANTANDER,ANA,DEPOSITO,2022-03-18T16:31:08,2108.06
1260,8,SANTANDER,BEATRIZ,SAQUE,2022-07-14T21:46:10,8875.61
1044,2,SANTANDER,FELIPE,DEPOSITO,2022-01-21T07:16:12,7830.09
2220,2,SANTANDER,JULIA,DEPOSITO,2022-01-04T21:17:49,2694.6
1260,8,SANTANDER,BEATRIZ,SAQUE,2022-09-02T08:05:14,4778.16
1260,8,SANTANDER,BEATRIZ,DEPOSITO,2022-06-05T22:37:25,8539.13
1520,1,SANTANDER,JOAO,SAQUE,2022-02-13T04:42:57,6372.39
2220,2,SANTANDER,JULIA,SAQUE,2022-08-25T03:58:18,1092.24
3090,6,SANTANDER,PEDRO,SAQUE,2022-08-01T08:46:57,1846.26
1044,2,SANTANDER,FELIPE,DEPOSITO,2022-01-02T23:47:37,5096.92
2870,9,SANTANDER,PAULO,SAQUE,2022-02-08T22:04:48,7248.56
1044,2,SANTANDER,FELIPE,DEPOSITO,2022-07-28T08:38:45,7206.24
2870,9,SANTANDER,PAULO,SAQUE,2022-03-13T06:41:36,3682.59
1260,8,SANTANDER,BEATRIZ,SAQUE,2022-02-28T11:57:29,5829.57
4110,7,SANTANDER,LUCAS,SAQUE,2022-03-15T09:41:03,6848.86
2750,5,SANTANDER,ANA,SAQUE,2022-01-21T06:54:11,3513.77
1044,2,SANTANDER,FELIPE,DEPOSITO,2022-04-19T11:54:31,547.84
3090,6,SANTANDER,PEDRO,SAQUE,2022-02-05T05:55:42,6916.27
1520,1,SANTANDER,JOAO,SAQUE,2022-03-20T14:27:24,5575.51
1260,8,SANTANDER,BEATRIZ,SAQUE,2022-05-15T10:12:16,5065.11
1260,8,SANTANDER,BEATRIZ,SAQUE,2022-01-19T06:56:30,8773.33
3320,4,SANTANDER,MARIA,DEPOSITO,2022-08-04T03:40:43,8001.66
2220,2,SANTANDER,JULIA,SAQUE,2022-11-04T17:06:10,5510.79
2870,9,SANTANDER,PAULO,SAQUE,2022-06-16T01:49:21,4324.87
1044,2,SANTANDER,FELIPE,SAQUE,2022-01-06T12:14:31,4071.23
2220,2,SANTANDER,JULIA,DEPOSITO,2022-03-27T17:39:23,2880.35
2750,5,SANTANDER,ANA,DEPOSITO,2022-01-16T15:58:05,3708.5
2750,5,SANTANDER,ANA,SAQUE,2022-01-26T21:40:30,8137.19
2870,9,SANTANDER,PAULO,DEPOSITO,2022-05-12T23:09:25,9074.94
1044,2,SANTANDER,FELIPE,SAQUE,2022-10-27T19:15:11,1548.86
4110,7,SANTANDER,LUCAS,DEPOSITO,2022-12-24T21:55:54,2166.52
1260,8,SANTANDER,BEATRIZ,SAQUE,2022-06-19T12:02:24,7509.76
1044,2,SANTANDER,FELIPE,DEPOSITO,2022-07-23T18:18:15,8166.94
4110,7,SANTANDER,LUCAS,SAQUE,2022-02-06T17:28:49,864.29
3320,4,SANTANDER,MARIA,SAQUE,2022-10-26T14:14:07,4605.59
1810,3,SANTANDER,CARLOS,SAQUE,2022-03-29T16:24:47,6393.96
1520,1,SANTANDER,JOAO,DEPOSITO,2022-02-22T11:03:13,8426.32
2220,2,SANTANDER,JULIA,DEPOSITO,2022-09-25T06:37:25,9023.21
1520,1,SANTANDER,JOAO,DEPOSITO,2022-06-23T02:05:44,4389.26
1810,3,SANTANDER,CARLOS,SAQUE,2022-08-31T11:57:20,9915.46
1520,1,SANTANDER,JOAO,SAQUE,2022-09-03T09:33:11,9083.12
2220,2,SANTANDER,JULIA,SAQUE,2022-04-09T08:23:26,6823.6
2870,9,SANTANDER,PAULO,DEPOSITO,2022-12-09T20:48:10,3490.21
2220,2,SANTANDER,JULIA,SAQUE,2022-03-23T11:32:04,7013.84
2220,2,SANTANDER,JULIA,DEPOSITO,2022-08-11T21:00:11,6385.9
2750,5,SANTANDER,ANA,DEPOSITO,2022-10-15T23:02:35,180.7
2870,9,SANTANDER,PAULO,DEPOSITO,2022-11-04T01:41:01,3838.41
1810,3,SANTANDER,CARLOS,DEPOSITO,2022-08-02T21:10:11,4816.18
2870,9,SANTANDER,PAULO,DEPOSITO,2022-11-22T20:53:32,2492.59
1810,3,SANTANDER,CARLOS,SAQUE,2022-07-27T07:07:45,8825.05
1520,1,SANTANDER,JOAO,SAQUE,2022-07-31T19:39:24,2107.17
3090,6,SANTANDER,PEDRO,DEPOSITO,2022-04-23T23:48:47,8896.59
2220,2,SANTANDER,JULIA,DEPOSITO,2022-07-01T14:11:48,898.0
1260,8,SANTANDER,BEATRIZ,DEPOSITO,2022-02-09T12:02:56,8497.89
1810,3,SANTANDER,CARLOS,DEPOSITO,2022-10-04T17:03:08,905.88
4110,7,SANTANDER,LUCAS,DEPOSITO,2022-04-15T08:09:11,7852.17
2750,5,SANTANDER,ANA,SAQUE,2022-12-16T02:13:04,2380.7
3090,6,SANTANDER,PEDRO,DEPOSITO,2022-05-02T07:25:02,6580.59
2870,9,SANTANDER,PAULO,SAQUE,2022-02-22T21:37:17,785.36
1810,3,SANTANDER,CARLOS,DEPOSITO,2022-01-26T19:30:24,966.29
1810,3,SANTANDER,CARLOS,DEPOSITO,2022-06-24T10:24:56,6796.63
1044,2,SANTANDER,FELIPE,DEPOSITO,2022-06-01T19:43:33,6457.74
1520,1,SANTANDER,JOAO,SAQUE,2022-07-16T23:29:12,3213.21
1810,3,SANTANDER,CARLOS,DEPOSITO,2022-07-09T11:31:39,9600.96
1260,8,SANTANDER,BEATRIZ,SAQUE,2022-08-23T21:31:55,4097.68
1260,8,SANTANDER,BEATRIZ,SAQUE,2022-08-04T16:25:50,6074.41
3320,4,SANTANDER,MARIA,SAQUE,2022-01-20T21:57:02,4371.43
2220,2,SANTANDER,JULIA,DEPOSITO,2022-01-24T20:17:32,2179.46
1260,8,SANTANDER,BEATRIZ,SAQUE,2022-06-21T01:25:16,3431.82
2750,5,SANTANDER,ANA,DEPOSITO,2022-05-14T19:20:28,4323.05
3320,4,SANTANDER,MARIA,SAQUE,2022-07-08T06:21:30,4095.95
1044,2,SANTANDER,FELIPE,SAQUE,2022-10-20T21:07:09,6318.69
1810,3,SANTANDER,CARLOS,DEPOSITO,2022-05-18T14:56:58,1138.21
2220,2,SANTANDER,JULIA,DEPOSITO,2022-12-02T14:38:38,6176.74
1810,3,SANTANDER,CARLOS,SAQUE,2022-08-10T01:34:23,3504.87
1044,2,SANTANDER,FELIPE,DEPOSITO,2022-04-25T03:07:31,172.36
2750,5,SANTANDER,ANA,DEPOSITO,2022-02-16T13:32:02,932.9
2220,2,SANTANDER,JULIA,SAQUE,2022-09-11T07:14:32,6847.74
1044,2,SANTANDER,FELIPE,DEPOSITO,2022-09-17T05:32:58,3069.59
1044,2,SANTANDER,FELIPE,DEPOSITO,2022-06-16T00:10:06,6265.6
1044,2,SANTANDER,FELIPE,SAQUE,2022-05-07T17:23:09,7732.15
4110,7,SANTANDER,LUCAS,DEPOSITO,2022-09-04T07:58:24,7921.77
3320,4,SANTANDER,MARIA,SAQUE,2022-12-14T09:07:18,6927.43
1044,2,SANTANDER,FELIPE,SAQUE,2022-02-14T05:30:56,522.55
2870,9,SANTANDER,PAULO,DEPOSITO,2022-03-14T03:22:10,9320.12
3320,4,SANTANDER,MARIA,DEPOSITO,2022-01-27T18:04:37,7371.63
2220,2,SANTANDER,JULIA,SAQUE,2022-06-06T11:35:29,9573.43
1810,3,SANTANDER,CARLOS,SAQUE,2022-07-24T11:02:15,7776.74
2750,5,SANTANDER,ANA,DEPOSITO,2022-05-23T17:26:52,8247.39
2220,2,SANTANDER,JULIA,SAQUE,2022-03-02T03:59:04,1509.95
1260,8,SANTANDER,BEATRIZ,SAQUE,2022-09-14T13:20:28,7092.04
2750,5,SANTANDER,ANA,SAQUE,2022-04-03T20:55:14,5598.77
4110,7,SANTANDER,LUCAS,DEPOSITO,2022-02-22T17:14:44,2920.24
2750,5,SANTANDER,ANA,SAQUE,2022-09-09T05:52:00,3492.77
1260,8,SANTANDER,BEATRIZ,DEPOSITO,2022-04-10T15:27:05,7841.13
3090,6,SANTANDER,PEDRO,SAQUE,2022-09-30T01:40:35,8680.79
1810,3,SANTANDER,CARLOS,DEPOSITO,2022-03-26T04:23:56,1115.33
1520,1,SANTANDER,JOAO,DEPOSITO,2022-08-24T02:24:15,1100.72
1044,2,SANTANDER,FELIPE,SAQUE,2022-06-28T09:36:47,6268.96
1810,3,SANTANDER,CARLOS,SAQUE,2022-08-09T13:13:42,8848.16
2870,9,SANTANDER,PAULO,SAQUE,2022-09-02T17:15:33,447.52
1520,1,SANTANDER,JOAO,DEPOSITO,2022-03-07T16:43:51,4165.31
1044,2,SANTANDER,FELIPE,DEPOSITO,2022-12-06T09:07:09,7467.57
2220,2,SANTANDER,JULIA,SAQUE,2022-01-29T14:46:27,5193.02
2870,9,SANTANDER,PAULO,DEPOSITO,2022-06-07T15:44:00,898.17
3090,6,SANTANDER,PEDRO,SAQUE,2022-01-14T16:32:00,4761.86
1520,1,SANTANDER,JOAO,DEPOSITO,2022-10-08T15:11:06,7283.51
3090,6,SANTANDER,PEDRO,SAQUE,2022-10-04T21:16:15,1319.76
2220,2,SANTANDER,JULIA,SAQUE,2022-02-21T13:38:28,1333.93
1044,2,SANTANDER,FELIPE,DEPOSITO,2022-05-09T12:36:07,7601.65
4110,7,SANTANDER,LUCAS,DEPOSITO,2022-01-19T20:52:01,5444.52
1044,2,SANTANDER,FELIPE,SAQUE,2022-08-04T07:09:25,3393.12
2870,9,SANTANDER,PAULO,DEPOSITO,2022-06-29T10:36:03,3462.13
2220,2,SANTANDER,JULIA,SAQUE,2022-02-23T13:53:29,3597.06
3090,6,SANTANDER,PEDRO,SAQUE,2022-09-03T01:05:19,3703.42
1810,3,SANTANDER,CARLOS,DEPOSITO,2022-04-06T16:58:34,9347.22
3320,4,SANTANDER,MARIA,SAQUE,2022-02-02T18:40:54,8254.64
4110,7,SANTANDER,LUCAS,DEPOSITO,2022-12-22T13:53:45,5938.09
1520,1,SANTANDER,JOAO,DEPOSITO,2022-05-09T23:50:06,1439.81
1044,2,SANTANDER,FELIPE,SAQUE,2022-11-11T11:03:55,6172.44
1810,3,SANTANDER,CARLOS,DEPOSITO,2022-02-16T14:41:31,3983.03
1810,3,SANTANDER,CARLOS,SAQUE,2022-10-13T04:16:29,9235.7
1810,3,SANTANDER,CARLOS,DEPOSITO,2022-01-02T21:26:31,1966.15
2220,2,SANTANDER,JULIA,DEPOSITO,2022-05-20T14:54:05,1369.66
1810,3,SANTANDER,CARLOS,SAQUE,2022-04-02T02:55:20,6420.12
3090,6,SANTANDER,PEDRO,SAQUE,2022-07-08T21:00:02,4852.93
1810,3,SANTANDER,CARLOS,DEPOSITO,2022-04-07T02:07:25,3306.49
1810,3,SANTANDER,CARLOS,DEPOSITO,2022-08-16T02:32:18,3916.83
1810,3,SANTANDER,CARLOS,DEPOSITO,2022-06-30T05:41:48,5490.28
3320,4,SANTANDER,MARIA,SAQUE,2022-11-06T22:00:03,9453.42
2870,9,SANTANDER,PAULO,DEPOSITO,2022-04-20T00:10:24,9580.98
3090,6,SANTANDER,PEDRO,SAQUE,2022-05-28T19:33:46,9097.64
1044,2,SANTANDER,FELIPE,SAQUE,2022-04-01T17:34:11,2266.82
2750,5,SANTANDER,ANA,DEPOSITO,2022-11-10T15:28:16,4118.56
2220,2,SANTANDER,JULIA,DEPOSITO,2022-04-21T06:31:55,4963.22
3090,6,SANTANDER,PEDRO,SAQUE,2022-03-15T04:31:29,4816.93
2220,2,SANTANDER,JULIA,DEPOSITO,2022-02-15T10:52:05,9100.2
3320,4,SANTANDER,MARIA,DEPOSITO,2022-04-19T14:35:11,902.52
4110,7,SANTANDER,LUCAS,SAQUE,2022-05-20T08:46:40,7966.81
1260,8,SANTANDER,BEATRIZ,DEPOSITO,2022-01-13T05:48:50,4164.58
1260,8,SANTANDER,BEATRIZ,SAQUE,2022-05-06T00:47:12,9668.72
3090,6,SANTANDER,PEDRO,DEPOSITO,2022-02-28T09:18:59,4038.0
4110,7,SANTANDER,LUCAS,DEPOSITO,2022-05-03T07:53:02,1007.09
2750,5,SANTANDER,ANA,DEPOSITO,2022-07-12T08:58:40,3405.03
1520,1,SANTANDER,JOAO,SAQUE,2022-09-24T00:05:33,8535.55
3320,4,SANTANDER,MARIA,DEPOSITO,2022-01-15T08:39:21,614.8
3090,6,SANTANDER,PEDRO,DEPOSITO,2022-08-11T11:06:52,3454.15
1810,3,SANTANDER,CARLOS,DEPOSITO,2022-04-23T18:00:13,1797.42
2750,5,SANTANDER,ANA,DEPOSITO,2022-12-22T06:50:22,6449.37
1260,8,SANTANDER,BEATRIZ,DEPOSITO,2022-09-16T08:30:01,6655.71
1810,3,SANTANDER,CARLOS,DEPOSITO,2022-10-27T06:15:17,5756.77
3320,4,SANTANDER,MARIA,DEPOSITO,2022-01-23T19:34:56,4093.95
1520,1,SANTANDER,JOAO,SAQUE,2022-11-28T05:04:52,1915.95
3320,4,SANTANDER,MARIA,DEPOSITO,2022-08-29T07:30:55,2642.54
2750,5,SANTANDER,ANA,DEPOSITO,2022-12-23T13:18:34,2041.03
3090,6,SANTANDER,PEDRO,SAQUE,2022-01-29T00:05:21,9354.37
1520,1,SANTANDER,JOAO,DEPOSITO,2022-11-13T04:17:59,244.18
3090,6,SANTANDER,PEDRO,DEPOSITO,2022-01-06T10:16:06,160.87
1810,3,SANTANDER,CARLOS,DEPOSITO,2022-01-14T11:51:49,212.02
1520,1,SANTANDER,JOAO,SAQUE,2022-06-20T20:49:28,4657.63
4110,7,SANTANDER,LUCAS,DEPOSITO,2022-10-10T04:26:41,6389.89
2750,5,SANTANDER,ANA,SAQUE,2022-06-11T06:18:27,5037.83
1260,8,SANTANDER,BEATRIZ,SAQUE,2022-11-12T17:13:19,6286.72
1044,2,SANTANDER,FELIPE,SAQUE,2022-07-20T12:42:47,2590.78
1520,1,SANTANDER,JOAO,SAQUE,2022-07-04T07:32:41,4185.64
3090,6,SANTANDER,PEDRO,SAQUE,2022-10-27T23:16:50,5733.93
1810,3,SANTANDER,CARLOS,SAQUE,2022-07-12T19:29:46,5081.79
2750,5,SANTANDER,ANA,SAQUE,2022-03-06T12:10:22,4969.34
4110,7,SANTANDER,LUCAS,SAQUE,2022-09-16T19:46:01,6984.65
2870,9,SANTANDER,PAULO,SAQUE,2022-03-27T07:20:58,8620.25
2220,2,SANTANDER,JULIA,SAQUE,2022-06-06T00:44:47,2450.3
3090,6,SANTANDER,PEDRO,SAQUE,2022-05-19T00:39:58,6037.86
2220,2,SANTANDER,JULIA,DEPOSITO,2022-01-25T17:32:04,8667.12
1810,3,SANTANDER,CARLOS,SAQUE,2022-02-27T10:36:20,1488.31
2750,5,SANTANDER,ANA,DEPOSITO,2022-10-30T01:59:48,1982.78
1520,1,SANTANDER,JOAO,SAQUE,2022-08-13T09:38:20,2275.88
3320,4,SANTANDER,MARIA,DEPOSITO,2022-02-12T01:43:13,7239.06
1520,1,SANTANDER,JOAO,SAQUE,2022-01-06T04:11:04,5222.26
2220,2,SANTANDER,JULIA,SAQUE,2022-10-02T14:37:12,6459.11
4110,7,SANTANDER,LUCAS,SAQUE,2022-10-18T21:53:36,4415.22
1260,8,SANTANDER,BEATRIZ,SAQUE,2022-02-19T02:19:51,1776.87
1044,2,SANTANDER,FELIPE,SAQUE,2022-11-02T23:10:06,3737.62
1520,1,SANTANDER,JOAO,SAQUE,2022-05-18T01:19:17,9333.63
2870,9,SANTANDER,PAULO,SAQUE,2022-12-02T11:37:44,5405.66
1260,8,SANTANDER,BEATRIZ,SAQUE,2022-01-23T21:49:17,5495.33
1044,2,SANTANDER,FELIPE,DEPOSITO,2022-12-24T05:06:21,1013.46
1044,2,SANTANDER,FELIPE,SAQUE,2022-11-09T01:46:27,304.87
2750,5,SANTANDER,ANA,SAQUE,2022-04-05T10:59:54,773.76
1044,2,SANTANDER,FELIPE,SAQUE,2022-06-26T22:13:26,9095.27
1810,3,SANTANDER,CARLOS,DEPOSITO,2022-06-02T09:36:06,1207.42
1520,1,SANTANDER,JOAO,SAQUE,2022-03-14T23:39:40,5361.11
2220,2,SANTANDER,JULIA,SAQUE,2022-11-17T20:09:23,7794.08
2220,2,SANTANDER,JULIA,SAQUE,2022-06-04T13:02:12,1065.68
2750,5,SANTANDER,ANA,SAQUE,2022-02-13T01:42:34,1832.57
4110,7,SANTANDER,LUCAS,DEPOSITO,2022-08-21T14:21:00,1120.84
2220,2,SANTANDER,JULIA,DEPOSITO,2022-01-28T12:50:58,5370.63
3090,6,SANTANDER,PEDRO,DEPOSITO,2022-10-31T13:58:03,9748.0
2870,9,SANTANDER,PAULO,SAQUE,2022-12-30T19:15:04,3087.37
2220,2,SANTANDER,JULIA,DEPOSITO,2022-01-29T16:22:09,1265.18
2750,5,SANTANDER,ANA,SAQUE,2022-07-10T00:56:54,7544.85
3090,6,SANTANDER,PEDRO,DEPOSITO,2022-05-10T19:07:51,4971.83
1044,2,SANTANDER,FELIPE,DEPOSITO,2022-11-14T20:27:01,7434.14
1044,2,SANTANDER,FELIPE,SAQUE,2022-12-07T06:39:52,2335.15
1044,2,SANTANDER,FELIPE,SAQUE,2022-06-14T00:29:14,4609.89
4110,7,SANTANDER,LUCAS,SAQUE,2022-03-16T00:17:56,5539.1
1044,2,SANTANDER,FELIPE,SAQUE,2022-11-23T17:09:00,8995.74
2750,5,SANTANDER,ANA,DEPOSITO,2022-06-24T08:59:41,1719.66
2870,9,SANTANDER,PAULO,DEPOSITO,2022-01-03T09:35:04,7241.73
2870,9,SANTANDER,PAULO,DEPOSITO,2022-11-09T11:56:30,8362.27
2870,9,SANTANDER,PAULO,SAQUE,2022-07-12T22:28:43,2944.37
3320,4,SANTANDER,MARIA,DEPOSITO,2022-07-28T07:08:28,6189.44
4110,7,SANTANDER,LUCAS,SAQUE,2022-01-15T20:14:22,3663.46
3320,4,SANTANDER,MARIA,SAQUE,2022-11-24T05:47:47,533.64
2220,2,SANTANDER,JULIA,DEPOSITO,2022-10-16T08:04:41,431.41
1260,8,SANTANDER,BEATRIZ,SAQUE,2022-12-14T16:11:39,3299.67
1520,1,SANTANDER,JOAO,SAQUE,2022-07-07T11:32:35,2889.32
1810,3,SANTANDER,CARLOS,SAQUE,2022-12-07T23:21:47,2915.48
3320,4,SANTANDER,MARIA,SAQUE,2022-07-26T08:51:05,6793.27
1520,1,SANTANDER,JOAO,DEPOSITO,2022-04-14T18:50:22,7107.8
2220,2,SANTANDER,JULIA,DEPOSITO,2022-10-20T00:32:25,1744.47
1520,1,SANTANDER,JOAO,SAQUE,2022-08-25T01:13:50,6270.96
3090,6,SANTANDER,PEDRO,SAQUE,2022-08-30T15:22:52,1262.3
3090,6,SANTANDER,PEDRO,DEPOSITO,2022-01-18T11:51:31,6602.4
3320,4,SANTANDER,MARIA,SAQUE,2022-07-17T04:40:46,1270.5
2750,5,SANTANDER,ANA,DEPOSITO,2022-04-13T05:23:50,296.73
1044,2,SANTANDER,FELIPE,DEPOSITO,2022-11-28T19:06:52,3788.03
1520,1,SANTANDER,JOAO,SAQUE,2022-07-17T16:13:40,5018.3
1520,1,SANTANDER,JOAO,DEPOSITO,2022-06-18T16:29:28,9397.57
2220,2,SANTANDER,JULIA,SAQUE,2022-11-06T22:43:48,1895.1
3320,4,SANTANDER,MARIA,DEPOSITO,2022-01-17T08:13:55,746.83
3320,4,SANTANDER,MARIA,DEPOSITO,2022-11-27T02:08:07,8671.05
3090,6,SANTANDER,PEDRO,DEPOSITO,2022-09-06T03:48:05,1335.66
1810,3,SANTANDER,CARLOS,SAQUE,2022-04-01T08:29:33,2577.93
1810,3,SANTANDER,CARLOS,SAQUE,2022-12-12T09:51:19,9672.05
1260,8,SANTANDER,BEATRIZ,DEPOSITO,2022-12-16T01:02:49,2651.0
3090,6,SANTANDER,PEDRO,DEPOSITO,2022-11-08T01:51:40,9387.67
2870,9,SANTANDER,PAULO,DEPOSITO,2022-05-05T12:36:31,4466.03
1520,1,SANTANDER,JOAO,DEPOSITO,2022-12-17T16:49:52,2025.96
2220,2,SANTANDER,JULIA,SAQUE,2022-09-30T22:42:04,1941.02
2870,9,SANTANDER,PAULO,SAQUE,2022-07-30T11:08:31,9688.74
4110,7,SANTANDER,LUCAS,SAQUE,2022-05-09T15:28:05,955.67
3320,4,SANTANDER,MARIA,SAQUE,2022-05-11T12:08:42,8724.58
4110,7,SANTANDER,LUCAS,SAQUE,2022-02-20T09:14:07,5134.6
1520,1,SANTANDER,JOAO,DEPOSITO,2022-10-07T15:10:34,7289.97
3320,4,SANTANDER,MARIA,SAQUE,2022-04-28T17:33:05,3639.67
4110,7,SANTANDER,LUCAS,SAQUE,2022-06-17T05:57:00,3778.23
2750,5,SANTANDER,ANA,DEPOSITO,2022-12-17T14:57:33,3200.75
2220,2,SANTANDER,JULIA,SAQUE,2022-08-31T02:10:31,3933.47
1260,8,SANTANDER,BEATRIZ,DEPOSITO,2022-03-12T14:38:35,721.79
3090,6,SANTANDER,PEDRO,SAQUE,2022-08-06T03:11:10,296.07
3320,4,SANTANDER,MARIA,DEPOSITO,2022-07-17T01:36:23,3843.24
3320,4,SANTANDER,MARIA,DEPOSITO,2022-01-25T14:43:22,9617.55
4110,7,SANTANDER,LUCAS,SAQUE,2022-12-26T22:22:21,4406.56
2220,2,SANTANDER,JULIA,SAQUE,2022-05-27T09:29:44,8861.7
2870,9,SANTANDER,PAULO,DEPOSITO,2022-01-05T00:21:08,8542.4
1260,8,SANTANDER,BEATRIZ,SAQUE,2022-10-17T02:18:31,2932.59
1810,3,SANTANDER,CARLOS,DEPOSITO,2022-10-20T05:52:00,7814.42
1260,8,SANTANDER,BEATRIZ,SAQUE,2022-07-16T23:53:15,657.79
1520,1,SANTANDER,JOAO,DEPOSITO,2022-02-07T11:04:14,3108.52
3320,4,SANTANDER,MARIA,DEPOSITO,2022-12-25T12:50:30,2683.25
1810,3,SANTANDER,CARLOS,SAQUE,2022-08-01T22:41:37,9794.34
1520,1,SANTANDER,JOAO,SAQUE,2022-12-21T00:22:09,4280.07
1044,2,SANTANDER,FELIPE,DEPOSITO,2022-11-09T10:29:41,2284.38
4110,7,SANTANDER,LUCAS,SAQUE,2022-06-12T16:06:49,9805.06
2750,5,SANTANDER,ANA,SAQUE,2022-03-12T11:56:42,455.36
1520,1,SANTANDER,JOAO,DEPOSITO,2022-12-03T04:09:26,5041.66
1810,3,SANTANDER,CARLOS,DEPOSITO,2022-04-23T10:09:42,7997.14
1520,1,SANTANDER,JOAO,DEPOSITO,2022-10-01T17:37:39,2180.2
2750,5,SANTANDER,ANA,SAQUE,2022-03-29T08:03:43,9928.54
3320,4,SANTANDER,MARIA,DEPOSITO,2022-07-01T19:06:57,2763.81
1044,2,SANTANDER,FELIPE,SAQUE,2022-07-31T01:08:50,7361.53
1520,1,SANTANDER,JOAO,SAQUE,2022-03-15T07:28:03,5979.22
2870,9,SANTANDER,PAULO,DEPOSITO,2022-01-21T19:30:40,1090.0
1520,1,SANTANDER,JOAO,DEPOSITO,2022-03-18T10:01:55,9966.4
2750,5,SANTANDER,ANA,DEPOSITO,2022-01-17T05:49:45,1440.81
2870,9,SANTANDER,PAULO,SAQUE,2022-07-06T09:27:43,7877.37
1520,1,SANTANDER,JOAO,DEPOSITO,2022-10-15T02:35:04,3015.27
2750,5,SANTANDER,ANA,DEPOSITO,2022-11-25T07:41:42,5090.51
4110,7,SANTANDER,LUCAS,DEPOSITO,2022-01-27T04:12:53,94.18
3320,4,SANTANDER,MARIA,SAQUE,2022-10-10T05:13:02,1883.25
1260,8,SANTANDER,BEATRIZ,SAQUE,2022-02-23T11:24:57,9897.3
1260,8,SANTANDER,BEATRIZ,SAQUE,2022-07-02T16:10:16,4420.68
2870,9,SANTANDER,PAULO,SAQUE,2022-10-20T08:03:34,4160.92
2750,5,SANTANDER,ANA,SAQUE,2022-11-01T14:45:56,9781.32
1260,8,SANTANDER,BEATRIZ,SAQUE,2022-08-15T12:33:57,6824.75
1260,8,SANTANDER,BEATRIZ,SAQUE,2022-01-10T06:12:04,1038.44
2220,2,SANTANDER,JULIA,SAQUE,2022-02-11T11:01:14,1549.05
2750,5,SANTANDER,ANA,DEPOSITO,2022-11-29T00:43:08,7585.88
1520,1,SANTANDER,JOAO,DEPOSITO,2022-03-26T02:31:07,2791.7
3090,6,SANTANDER,PEDRO,SAQUE,2022-09-04T09:02:26,168.41
1044,2,SANTANDER,FELIPE,DEPOSITO,2022-05-29T22:05:10,3057.92
1520,1,SANTANDER,JOAO,DEPOSITO,2022-07-15T20:21:03,3311.79
3090,6,SANTANDER,PEDRO,DEPOSITO,2022-04-01T04:31:28,803.99
2220,2,SANTANDER,JULIA,SAQUE,2022-05-05T18:59:06,4664.36
3090,6,SANTANDER,PEDRO,DEPOSITO,2022-09-22T09:55:45,3112.25
1520,1,SANTANDER,JOAO,SAQUE,2022-05-28T17:05:03,4802.29
4110,7,SANTANDER,LUCAS,SAQUE,2022-01-31T06:06:20,1223.24
3090,6,SANTANDER,PEDRO,DEPOSITO,2022-02-24T19:09:28,2288.08
3320,4,SANTANDER,MARIA,SAQUE,2022-08-22T15:20:46,1736.89
1044,2,SANTANDER,FELIPE,SAQUE,2022-10-19T01:50:19,2026.0
1810,3,SANTANDER,CARLOS,DEPOSITO,2022-07-02T16:37:17,9880.42
1520,1,SANTANDER,JOAO,SAQUE,2022-07-29T20:36:26,9625.84
2750,5,SANTANDER,ANA,SAQUE,2022-03-22T03:50:36,7446.28
1260,8,SANTANDER,BEATRIZ,DEPOSITO,2022-07-16T17:04:39,8556.28
4110,7,SANTANDER,LUCAS,SAQUE,2022-12-28T16:40:19,5677.48
1260,8,SANTANDER,BEATRIZ,SAQUE,2022-07-15T06:47:49,7590.09
1810,3,SANTANDER,CARLOS,DEPOSITO,2022-02-20T14:43:28,628.98
4110,7,SANTANDER,LUCAS,SAQUE,2022-08-06T21:06:04,4505.28
2220,2,SANTANDER,JULIA,DEPOSITO,2022-11-10T15:01:51,799.96
1810,3,SANTANDER,CARLOS,DEPOSITO,2022-07-30T01:07:20,5017.27
1044,2,SANTANDER,FELIPE,DEPOSITO,2022-04-17T04:04:19,9318.15
3320,4,SANTANDER,MARIA,SAQUE,2022-06-15T21:51:46,6254.73
3090,6,SANTANDER,PEDRO,SAQUE,2022-12-11T02:35:14,8950.19
1260,8,SANTANDER,BEATRIZ,DEPOSITO,2022-04-12T01:20:07,4135.82
1810,3,SANTANDER,CARLOS,DEPOSITO,2022-01-20T14:04:21,4401.46
4110,7,SANTANDER,LUCAS,DEPOSITO,2022-03-15T05:19:38,9447.24
3090,6,SANTANDER,PEDRO,DEPOSITO,2022-07-26T03:17:52,2260.91
1520,1,SANTANDER,JOAO,SAQUE,2022-05-21T11:54:58,7128.8
2750,5,SANTANDER,ANA,SAQUE,2022-06-30T00:08:24,9315.14
1044,2,SANTANDER,FELIPE,DEPOSITO,2022-02-01T10:51:55,2784.77
2750,5,SANTANDER,ANA,SAQUE,2022-04-08T13:38:03,657.29
1810,3,SANTANDER,CARLOS,SAQUE,2022-06-30T07:47:07,8577.53
1810,3,SANTANDER,CARLOS,SAQUE,2022-10-06T12:28:14,5562.59
1044,2,SANTANDER,FELIPE,SAQUE,2022-02-16T21:34:53,1911.6
2870,9,SANTANDER,PAULO,DEPOSITO,2022-08-21T03:00:41,9791.54
1520,1,SANTANDER,JOAO,DEPOSITO,2022-01-24T07:56:38,259.41
3320,4,SANTANDER,MARIA,SAQUE,2022-04-29T01:20:33,5573.91
1520,1,SANTANDER,JOAO,SAQUE,2022-08-29T10:01:36,1004.83
2870,9,SANTANDER,PAULO,SAQUE,2022-08-25T04:31:15,3108.69
3320,4,SANTANDER,MARIA,SAQUE,2022-07-08T06:21:30,4095.95
1260,8,SANTANDER,BEATRIZ,SAQUE,2022-04-12T01:16:17,8871.06
2220,2,SANTANDER,JULIA,DEPOSITO,2022-12-04T02:46:23,6680.78
1260,8,SANTANDER,BEATRIZ,SAQUE,2022-06-06T22:21:46,8072.74
1810,3,SANTANDER,CARLOS,DEPOSITO,2022-01-05T21:18:21,6168.69
1810,3,SANTANDER,CARLOS,SAQUE,2022-05-23T11:18:28,7288.17
3320,4,SANTANDER,MARIA,DEPOSITO,2022-12-19T12:08:06,4211.07
3320,4,SANTANDER,MARIA,SAQUE,2022-06-17T17:05:58,8407.67
1044,2,SANTANDER,FELIPE,SAQUE,2022-12-12T01:24:50,1636.98
1044,2,SANTANDER,FELIPE,DEPOSITO,2022-06-23T12:54:20,9102.19
1810,3,SANTANDER,CARLOS,DEPOSITO,2022-11-05T02:18:10,8503.79
3320,4,SANTANDER,MARIA,SAQUE,2022-12-15T03:32:34,6932.74
1810,3,SANTANDER,CARLOS,DEPOSITO,2022-02-09T22:23:22,1694.75
3090,6,SANTANDER,PEDRO,DEPOSITO,2022-04-26T02:43:40,9064.74
1520,1,SANTANDER,JOAO,SAQUE,2022-07-20T06:15:08,9857.72
2870,9,SANTANDER,PAULO,SAQUE,2022-02-08T21:01:56,1124.52
1520,1,SANTANDER,JOAO,DEPOSITO,2022-12-31T04:17:17,8026.49
1044,2,SANTANDER,FELIPE,DEPOSITO,2022-07-30T08:07:15,8183.84
4110,7,SANTANDER,LUCAS,DEPOSITO,2022-10-28T04:49:32,4885.89
2750,5,SANTANDER,ANA,SAQUE,2022-06-21T19:17:06,4181.44
1260,8,SANTANDER,BEATRIZ,DEPOSITO,2022-12-30T18:25:17,1400.65
2750,5,SANTANDER,ANA,SAQUE,2022-10-10T18:06:58,1219.88
4110,7,SANTANDER,LUCAS,SAQUE,2022-04-25T22:48:55,4274.68
1810,3,SANTANDER,CARLOS,DEPOSITO,2022-08-21T08:29:11,7082.57
2870,9,SANTANDER,PAULO,SAQUE,2022-01-01T23:12:20,9143.72
2750,5,SANTANDER,ANA,SAQUE,2022-08-22T23:25:26,6633.72
1260,8,SANTANDER,BEATRIZ,DEPOSITO,2022-08-31T12:00:00,6814.1
2750,5,SANTANDER,ANA,SAQUE,2022-07-08T13:11:23,6301.94
3320,4,SANTANDER,MARIA,DEPOSITO,2022-01-19T02:51:50,6002.58
3320,4,SANTANDER,MARIA,SAQUE,2022-10-07T20:10:09,5471.62
2750,5,SANTANDER,ANA,SAQUE,2022-05-22T06:20:15,9408.55
4110,7,SANTANDER,LUCAS,DEPOSITO,2022-09-20T03:57:48,4141.49
2750,5,SANTANDER,ANA,DEPOSITO,2022-03-08T02:41:31,7390.14
4110,7,SANTANDER,LUCAS,SAQUE,2022-01-24T11:18:22,431.88
4110,7,SANTANDER,LUCAS,DEPOSITO,2022-03-31T17:44:13,8181.61
1260,8,SANTANDER,BEATRIZ,SAQUE,2022-07-06T23:56:35,3681.13
1044,2,SANTANDER,FELIPE,DEPOSITO,2022-01-30T20:55:26,2209.69
1810,3,SANTANDER,CARLOS,DEPOSITO,2022-06-22T00:11:15,1469.54
1520,1,SANTANDER,JOAO,DEPOSITO,2022-11-11T06:48:14,3817.12
1260,8,SANTANDER,BEATRIZ,DEPOSITO,2022-07-09T22:31:35,8653.14
4110,7,SANTANDER,LUCAS,DEPOSITO,2022-12-09T02:50:07,2701.63
1260,8,SANTANDER,BEATRIZ,DEPOSITO,2022-02-15T17:01:33,7815.38
1520,1,SANTANDER,JOAO,DEPOSITO,2022-05-30T02:58:30,3661.0
4110,7,SANTANDER,LUCAS,DEPOSITO,2022-05-25T00:34:53,6660.39
2220,2,SANTANDER,JULIA,DEPOSITO,2022-02-01T08:44:52,6110.48
1520,1,SANTANDER,JOAO,DEPOSITO,2022-05-10T15:10:13,7022.69
2750,5,SANTANDER,ANA,DEPOSITO,2022-08-09T19:59:36,1801.37
1044,2,SANTANDER,FELIPE,DEPOSITO,2022-11-20T06:13:18,6791.67
1520,1,SANTANDER,JOAO,DEPOSITO,2022-04-24T10:46:15,2067.58
1810,3,SANTANDER,CARLOS,DEPOSITO,2022-09-28T18:55:15,3350.49
3090,6,SANTANDER,PEDRO,SAQUE,2022-11-08T12:59:40,4620.28
3090,6,SANTANDER,PEDRO,SAQUE,2022-04-09T11:49:47,2156.68
2220,2,SANTANDER,JULIA,SAQUE,2022-02-20T20:21:37,1182.73
1520,1,SANTANDER,JOAO,SAQUE,2022-12-26T20:40:33,5447.24
1260,8,SANTANDER,BEATRIZ,SAQUE,2022-10-15T09:32:43,2825.62
3320,4,SANTANDER,MARIA,DEPOSITO,2022-02-05T18:17:26,1839.99
1810,3,SANTANDER,CARLOS,DEPOSITO,2022-08-24T03:17:45,9346.49
2750,5,SANTANDER,ANA,DEPOSITO,2022-05-06T14:37:14,9248.67
1810,3,SANTANDER,CARLOS,SAQUE,2022-06-20T16:21:52,41.73
1810,3,SANTANDER,CARLOS,DEPOSITO,2022-04-18T19:05:11,4031.09
1260,8,SANTANDER,BEATRIZ,SAQUE,2022-05-15T07:41:39,8820.9
2750,5,SANTANDER,ANA,SAQUE,2022-05-06T11:56:01,8205.38
2220,2,SANTANDER,JULIA,DEPOSITO,2022-03-18T04:52:08,6823.23
3090,6,SANTANDER,PEDRO,SAQUE,2022-01-04T13:44:12,5326.18
3090,6,SANTANDER,PEDRO,DEPOSITO,2022-09-16T00:09:25,3500.03
4110,7,SANTANDER,LUCAS,SAQUE,2022-06-02T00:05:01,9412.94
2220,2,SANTANDER,JULIA,DEPOSITO,2022-07-19T12:27:52,4894.58
2220,2,SANTANDER,JULIA,SAQUE,2022-09-16T15:20:07,3540.38
1260,8,SANTANDER,BEATRIZ,SAQUE,2022-12-14T03:33:12,2850.8
1520,1,SANTANDER,JOAO,DEPOSITO,2022-07-02T02:46:50,4463.7
3320,4,SANTANDER,MARIA,SAQUE,2022-04-17T15:44:54,4726.39
3090,6,SANTANDER,PEDRO,DEPOSITO,2022-09-24T10:50:59,6737.28
1044,2,SANTANDER,FELIPE,SAQUE,2022-05-09T15:41:10,5748.53
2870,9,SANTANDER,PAULO,DEPOSITO,2022-04-28T11:01:25,5446.57
4110,7,SANTANDER,LUCAS,DEPOSITO,2022-03-02T10:39:36,4010.72
1044,2,SANTANDER,FELIPE,DEPOSITO,2022-12-15T01:05:52,358.65
1520,1,SANTANDER,JOAO,DEPOSITO,2022-03-30T03:48:32,8320.94
2750,5,SANTANDER,ANA,DEPOSITO,2022-03-25T13:25:02,6471.52
2870,9,SANTANDER,PAULO,DEPOSITO,2022-10-09T01:37:49,1769.32
1520,1,SANTANDER,JOAO,SAQUE,2022-06-09T11:36:05,4700.46
2750,5,SANTANDER,ANA,SAQUE,2022-03-30T10:36:31,1300.03
1260,8,SANTANDER,BEATRIZ,DEPOSITO,2022-03-27T20:42:00,5459.69
3320,4,SANTANDER,MARIA,DEPOSITO,2022-09-21T01:56:55,8638.1
4110,7,SANTANDER,LUCAS,DEPOSITO,2022-10-08T13:20:07,7266.02
3090,6,SANTANDER,PEDRO,SAQUE,2022-05-13T23:56:13,3095.38
1520,1,SANTANDER,JOAO,DEPOSITO,2022-07-24T19:42:45,6174.61
1044,2,SANTANDER,FELIPE,DEPOSITO,2022-10-20T02:06:06,3732.04
1260,8,SANTANDER,BEATRIZ,SAQUE,2022-12-25T12:12:47,9779.4
4110,7,SANTANDER,LUCAS,SAQUE,2022-10-09T13:41:05,4803.04
3090,6,SANTANDER,PEDRO,SAQUE,2022-10-15T14:00:32,1664.03
4110,7,SANTANDER,LUCAS,DEPOSITO,2022-07-29T14:58:55,1331.56
4110,7,SANTANDER,LUCAS,DEPOSITO,2022-11-19T19:52:11,1117.5
4110,7,SANTANDER,LUCAS,SAQUE,2022-10-23T22:56:04,6781.72
2220,2,SANTANDER,JULIA,DEPOSITO,2022-03-08T14:25:06,2659.09
3320,4,SANTANDER,MARIA,DEPOSITO,2022-04-27T08:45:26,9857.71
1260,8,SANTANDER,BEATRIZ,SAQUE,2022-08-08T22:21:42,7971.25
1044,2,SANTANDER,FELIPE,DEPOSITO,2022-07-25T12:22:36,1239.52
3320,4,SANTANDER,MARIA,DEPOSITO,2022-05-13T10:14:18,1934.2
2870,9,SANTANDER,PAULO,SAQUE,2022-02-13T05:32:11,4827.59
4110,7,SANTANDER,LUCAS,DEPOSITO,2022-09-23T12:32:17,4407.63
4110,7,SANTANDER,LUCAS,DEPOSITO,2022-12-07T07:33:48,3521.02
1260,8,SANTANDER,BEATRIZ,SAQUE,2022-01-25T00:16:59,688.4
3090,6,SANTANDER,PEDRO,SAQUE,2022-12-01T05:54:16,1663.09
1260,8,SANTANDER,BEATRIZ,DEPOSITO,2022-07-29T04:17:22,4984.62
1260,8,SANTANDER,BEATRIZ,DEPOSITO,2022-11-18T22:08:16,1633.97
3320,4,SANTANDER,MARIA,DEPOSITO,2022-10-11T02:44:55,5617.57
3320,4,SANTANDER,MARIA,SAQUE,2022-11-06T14:28:22,2626.41
1260,8,SANTANDER,BEATRIZ,SAQUE,2022-10-19T04:52:39,8454.27
1044,2,SANTANDER,FELIPE,SAQUE,2022-03-06T04:31:25,2545.4
4110,7,SANTANDER,LUCAS,DEPOSITO,2022-05-23T21:03:12,7472.3
2220,2,SANTANDER,JULIA,SAQUE,2022-01-24T21:20:31,1301.82
2870,9,SANTANDER,PAULO,SAQUE,2022-11-19T02:02:27,7064.65
3320,4,SANTANDER,MARIA,DEPOSITO,2022-08-26T07:36:01,8559.88
3320,4,SANTANDER,MARIA,SAQUE,2022-12-31T08:34:26,7989.12
1044,2,SANTANDER,FELIPE,SAQUE,2022-04-21T23:45:09,8017.27
1810,3,SANTANDER,CARLOS,DEPOSITO,2022-07-05T14:59:26,482.82
2870,9,SANTANDER,PAULO,DEPOSITO,2022-11-21T12:30:07,4475.68
1810,3,SANTANDER,CARLOS,SAQUE,2022-07-01T04:16:18,6131.28
1044,2,SANTANDER,FELIPE,DEPOSITO,2022-01-07T15:40:14,6672.32
1520,1,SANTANDER,JOAO,DEPOSITO,2022-04-19T05:12:28,1171.15
2220,2,SANTANDER,JULIA,SAQUE,2022-09-04T04:59:54,862.35
4110,7,SANTANDER,LUCAS,SAQUE,2022-11-10T12:37:32,1928.75
2750,5,SANTANDER,ANA,SAQUE,2022-05-13T16:25:12,5008.8
2750,5,SANTANDER,ANA,SAQUE,2022-11-30T21:04:57,5675.9
1260,8,SANTANDER,BEATRIZ,SAQUE,2022-06-10T10:26:33,7750.55
3320,4,SANTANDER,MARIA,DEPOSITO,2022-12-27T15:17:00,7998.92
1810,3,SANTANDER,CARLOS,DEPOSITO,2022-10-02T02:03:38,2101.75
3090,6,SANTANDER,PEDRO,SAQUE,2022-10-15T20:17:05,5559.27
3090,6,SANTANDER,PEDRO,DEPOSITO,2022-08-17T22:41:37,293.16
3090,6,SANTANDER,PEDRO,DEPOSITO,2022-04-10T07:58:22,9439.5
3320,4,SANTANDER,MARIA,DEPOSITO,2022-02-11T19:26:03,6710.97
1260,8,SANTANDER,BEATRIZ,SAQUE,2022-01-11T13:10:09,7878.22
1520,1,SANTANDER,JOAO,DEPOSITO,2022-04-15T21:32:37,2308.68
1260,8,SANTANDER,BEATRIZ,DEPOSITO,2022-05-31T21:30:21,9056.09
3320,4,SANTANDER,MARIA,DEPOSITO,2022-10-27T18:32:40,2021.55
1260,8,SANTANDER,BEATRIZ,DEPOSITO,2022-07-02T21:18:47,8627.48
2220,2,SANTANDER,JULIA,DEPOSITO,2022-06-08T01:15:24,7882.45
2870,9,SANTANDER,PAULO,SAQUE,2022-12-27T19:49:52,5686.31
2870,9,SANTANDER,PAULO,DEPOSITO,2022-10-24T04:06:42,3386.25
3090,6,SANTANDER,PEDRO,SAQUE,2022-07-09T06:53:34,2551.84
1260,8,SANTANDER,BEATRIZ,DEPOSITO,2022-05-14T20:35:38,5027.3
1520,1,SANTANDER,JOAO,DEPOSITO,2022-06-04T11:42:17,5949.62
2750,5,SANTANDER,ANA,DEPOSITO,2022-08-17T23:24:15,3830.96
2750,5,SANTANDER,ANA,DEPOSITO,2022-09-08T16:30:35,5135.31
3320,4,SANTANDER,MARIA,SAQUE,2022-03-12T11:19:56,6276.85
3090,6,SANTANDER,PEDRO,DEPOSITO,2022-02-16T06:36:41,7818.82
3090,6,SANTANDER,PEDRO,SAQUE,2022-01-14T05:27:23,6896.84
2750,5,SANTANDER,ANA,DEPOSITO,2022-12-25T02:51:19,3381.91
2870,9,SANTANDER,PAULO,SAQUE,2022-05-27T18:46:27,8817.56
2870,9,SANTANDER,PAULO,DEPOSITO,2022-03-08T14:43:57,1303.63
1520,1,SANTANDER,JOAO,SAQUE,2022-06-12T08:52:40,2130.4
3320,4,SANTANDER,MARIA,SAQUE,2022-02-20T19:36:20,3873.34
1260,8,SANTANDER,BEATRIZ,DEPOSITO,2022-11-21T22:56:18,7028.83
1260,8,SANTANDER,BEATRIZ,SAQUE,2022-02-07T20:50:54,2700.72
1810,3,SANTANDER,CARLOS,DEPOSITO,2022-06-30T03:05:31,6214.64
2870,9,SANTANDER,PAULO,SAQUE,2022-02-23T06:22:01,2267.98
1260,8,SANTANDER,BEATRIZ,DEPOSITO,2022-01-16T19:27:41,4204.05
3090,6,SANTANDER,PEDRO,DEPOSITO,2022-04-11T16:26:29,8560.76
2870,9,SANTANDER,PAULO,DEPOSITO,2022-07-10T08:54:07,7666.93
1520,1,SANTANDER,JOAO,SAQUE,2022-02-02T18:37:15,9559.44
4110,7,SANTANDER,LUCAS,DEPOSITO,2022-06-25T17:10:08,7312.81
2750,5,SANTANDER,ANA,SAQUE,2022-08-09T14:07:56,2766.25
3320,4,SANTANDER,MARIA,SAQUE,2022-11-10T00:03:19,8018.85
2220,2,SANTANDER,JULIA,SAQUE,2022-04-22T07:40:35,8909.77
3320,4,SANTANDER,MARIA,DEPOSITO,2022-06-04T23:41:04,2921.27
4110,7,SANTANDER,LUCAS,SAQUE,2022-06-16T15:48:07,6246.01
1810,3,SANTANDER,CARLOS,DEPOSITO,2022-10-09T04:09:15,5011.13
1810,3,SANTANDER,CARLOS,SAQUE,2022-07-04T09:24:12,8454.73
1520,1,SANTANDER,JOAO,SAQUE,2022-01-07T16:27:15,3566.14
1810,3,SANTANDER,CARLOS,SAQUE,2022-10-12T20:56:31,6967.75
2870,9,SANTANDER,PAULO,SAQUE,2022-11-15T13:16:59,8267.47
3320,4,SANTANDER,MARIA,SAQUE,2022-09-27T05:08:07,2067.72
4110,7,SANTANDER,LUCAS,SAQUE,2022-02-19T06:39:11,1328.24
2870,9,SANTANDER,PAULO,SAQUE,2022-04-05T11:31:43,6494.13
1260,8,SANTANDER,BEATRIZ,DEPOSITO,2022-09-21T02:35:15,2709.08
4110,7,SANTANDER,LUCAS,DEPOSITO,2022-11-27T02:38:58,7793.33
2870,9,SANTANDER,PAULO,SAQUE,2022-03-29T16:05:21,9330.98
1810,3,SANTANDER,CARLOS,SAQUE,2022-11-14T19:53:27,3865.67
2220,2,SANTANDER,JULIA,SAQUE,2022-02-14T13:47:34,9532.95
1044,2,SANTANDER,FELIPE,SAQUE,2022-02-02T03:36:05,5229.88
2870,9,SANTANDER,PAULO,SAQUE,2022-01-16T12:39:00,4133.06
2750,5,SANTANDER,ANA,SAQUE,2022-07-15T03:04:20,3054.05
2870,9,SANTANDER,PAULO,DEPOSITO,2022-08-04T04:41:52,161.81
4110,7,SANTANDER,LUCAS,SAQUE,2022-05-26T02:36:51,9811.83
1260,8,SANTANDER,BEATRIZ,DEPOSITO,2022-01-18T10:18:07,4315.27
1260,8,SANTANDER,BEATRIZ,DEPOSITO,2022-03-02T06:10:45,6796.54
3320,4,SANTANDER,MARIA,SAQUE,2022-03-03T16:08:43,7373.44
3090,6,SANTANDER,PEDRO,SAQUE,2022-11-10T04:11:59,4754.74
4110,7,SANTANDER,LUCAS,DEPOSITO,2022-04-23T10:39:06,1313.69
3090,6,SANTANDER,PEDRO,DEPOSITO,2022-02-07T09:46:05,6917.42
1260,8,SANTANDER,BEATRIZ,SAQUE,2022-07-23T10:25:43,6176.61
2870,9,SANTANDER,PAULO,SAQUE,2022-02-21T02:37:48,3960.08
4110,7,SANTANDER,LUCAS,SAQUE,2022-07-26T23:55:08,8796.72
3090,6,SANTANDER,PEDRO,SAQUE,2022-10-31T23:52:35,5874.48
1520,1,SANTANDER,JOAO,DEPOSITO,2022-01-06T02:51:27,882.32
3320,4,SANTANDER,MARIA,DEPOSITO,2022-11-21T12:32:04,678.69
1260,8,SANTANDER,BEATRIZ,DEPOSITO,2022-01-16T05:48:30,956.89
4110,7,SANTANDER,LUCAS,SAQUE,2022-02-05T04:54:20,5175.83
2870,9,SANTANDER,PAULO,DEPOSITO,2022-07-22T00:55:59,4544.91
4110,7,SANTANDER,LUCAS,DEPOSITO,2022-11-25T10:58:45,4861.03
1520,1,SANTANDER,JOAO,SAQUE,2022-10-22T16:51:20,2024.41
2870,9,SANTANDER,PAULO,DEPOSITO,2022-09-01T09:45:48,2783.83
3090,6,SANTANDER,PEDRO,SAQUE,2022-03-07T15:25:56,2625.48
3320,4,SANTANDER,MARIA,SAQUE,2022-08-29T23:19:46,2760.56
1044,2,SANTANDER,FELIPE,SAQUE,2022-11-06T06:05:03,4860.44
2870,9,SANTANDER,PAULO,SAQUE,2022-05-04T10:22:55,5189.65
1520,1,SANTANDER,JOAO,DEPOSITO,2022-09-20T10:39:53,3617.71
2870,9,SANTANDER,PAULO,DEPOSITO,2022-07-12T17:04:20,9518.64
3320,4,SANTANDER,MARIA,DEPOSITO,2022-08-08T05:27:51,2379.2
3090,6,SANTANDER,PEDRO,SAQUE,2022-09-16T23:02:01,8973.85
3090,6,SANTANDER,PEDRO,DEPOSITO,2022-03-26T07:32:40,7188.62
3090,6,SANTANDER,PEDRO,SAQUE,2022-10-23T08:30:03,4100.26
2750,5,SANTANDER,ANA,DEPOSITO,2022-02-14T22:22:06,6722.38
2870,9,SANTANDER,PAULO,DEPOSITO,2022-11-08T14:12:16,2247.5
2750,5,SANTANDER,ANA,SAQUE,2022-03-31T23:33:02,3211.14
1044,2,SANTANDER,FELIPE,DEPOSITO,2022-09-30T17:17:37,9193.91
3090,6,SANTANDER,PEDRO,DEPOSITO,2022-10-26T11:30:04,3001.11
2220,2,SANTANDER,JULIA,SAQUE,2022-03-25T23:21:16,9509.05
4110,7,SANTANDER,LUCAS,SAQUE,2022-04-24T06:35:24,8855.55
1260,8,SANTANDER,BEATRIZ,SAQUE,2022-01-04T17:29:31,8219.38
2750,5,SANTANDER,ANA,DEPOSITO,2022-04-19T07:56:19,8700.01
1260,8,SANTANDER,BEATRIZ,SAQUE,2022-07-08T07:43:08,8200.0
1044,2,SANTANDER,FELIPE,DEPOSITO,2022-10-31T01:00:41,5321.56
3090,6,SANTANDER,PEDRO,SAQUE,2022-09-05T17:03:22,4656.21
2750,5,SANTANDER,ANA,SAQUE,2022-03-01T20:32:45,8208.49
3320,4,SANTANDER,MARIA,DEPOSITO,2022-12-04T07:58:15,3975.2
3090,6,SANTANDER,PEDRO,SAQUE,2022-08-10T04:08:06,140.64
2870,9,SANTANDER,PAULO,SAQUE,2022-05-20T19:19:00,5978.26
3090,6,SANTANDER,PEDRO,DEPOSITO,2022-01-29T22:37:15,5982.25
4110,7,SANTANDER,LUCAS,DEPOSITO,2022-03-26T00:45:31,1272.39
2750,5,SANTANDER,ANA,SAQUE,2022-05-18T09:50:26,7367.51
4110,7,SANTANDER,LUCAS,SAQUE,2022-03-29T13:37:45,1908.53
3090,6,SANTANDER,PEDRO,DEPOSITO,2022-05-03T23:44:55,8530.38
2750,5,SANTANDER,ANA,SAQUE,2022-01-01T21:19:48,1607.13
2220,2,SANTANDER,JULIA,SAQUE,2022-07-27T14:18:20,2195.58
1810,3,SANTANDER,CARLOS,SAQUE,2022-10-17T19:31:32,6088.16
1810,3,SANTANDER,CARLOS,DEPOSITO,2022-06-21T08:49:07,1707.5
3320,4,SANTANDER,MARIA,DEPOSITO,2022-03-07T00:10:05,8656.36
3090,6,SANTANDER,PEDRO,SAQUE,2022-03-18T06:02:30,1220.43
2750,5,SANTANDER,ANA,SAQUE,2022-06-30T17:18:06,2355.53
1810,3,SANTANDER,CARLOS,DEPOSITO,2022-09-25T07:53:38,4871.91
4110,7,SANTANDER,LUCAS,SAQUE,2022-10-11T04:20:04,2112.55
4110,7,SANTANDER,LUCAS,DEPOSITO,2022-12-26T23:58:45,1414.38
2870,9,SANTANDER,PAULO,SAQUE,2022-02-11T04:35:32,5263.25
1520,1,SANTANDER,JOAO,SAQUE,2022-07-20T05:55:30,1861.32
1044,2,SANTANDER,FELIPE,DEPOSITO,2022-07-28T01:20:43,2075.27
1260,8,SANTANDER,BEATRIZ,DEPOSITO,2022-02-16T02:10:38,897.02
3090,6,SANTANDER,PEDRO,SAQUE,2022-04-07T11:15:41,1788.87
1810,3,SANTANDER,CARLOS,DEPOSITO,2022-06-24T06:33:43,1196.66
1810,3,SANTANDER,CARLOS,SAQUE,2022-02-04T10:40:00,4465.39
2750,5,SANTANDER,ANA,DEPOSITO,2022-01-09T15:26:14,4376.62
3090,6,SANTANDER,PEDRO,DEPOSITO,2022-06-17T12:39:00,5755.31
1260,8,SANTANDER,BEATRIZ,SAQUE,2022-01-13T19:14:57,117.61
2870,9,SANTANDER,PAULO,DEPOSITO,2022-04-24T09:37:34,6898.03
2220,2,SANTANDER,JULIA,DEPOSITO,2022-02-24T20:21:38,5454.49
1810,3,SANTANDER,CARLOS,SAQUE,2022-01-17T20:21:07,8310.6
1810,3,SANTANDER,CARLOS,SAQUE,2022-12-28T15:42:25,95.39
2870,9,SANTANDER,PAULO,SAQUE,2022-03-22T23:35:26,174.26
4110,7,SANTANDER,LUCAS,DEPOSITO,2022-09-22T22:55:26,7321.38
1044,2,SANTANDER,FELIPE,SAQUE,2022-10-16T15:50:11,1381.1
3320,4,SANTANDER,MARIA,SAQUE,2022-01-18T01:33:01,1867.38
3090,6,SANTANDER,PEDRO,DEPOSITO,2022-10-22T12:23:14,7964.1
2870,9,SANTANDER,PAULO,DEPOSITO,2022-11-02T04:11:51,7751.92
3090,6,SANTANDER,PEDRO,DEPOSITO,2022-02-13T13:44:01,7493.78
3090,6,SANTANDER,PEDRO,DEPOSITO,2022-01-22T15:19:59,6161.76
3320,4,SANTANDER,MARIA,SAQUE,2022-09-16T12:23:34,5763.04
2220,2,SANTANDER,JULIA,DEPOSITO,2022-04-22T18:24:33,8744.28
1810,3,SANTANDER,CARLOS,DEPOSITO,2022-04-06T20:02:17,4494.83
1260,8,SANTANDER,BEATRIZ,DEPOSITO,2022-01-30T05:13:04,1115.73
3320,4,SANTANDER,MARIA,SAQUE,2022-07-27T02:39:10,2557.13
1260,8,SANTANDER,BEATRIZ,DEPOSITO,2022-04-02T12:55:34,6921.95
2220,2,SANTANDER,JULIA,SAQUE,2022-07-28T15:55:41,4109.99
1260,8,SANTANDER,BEATRIZ,SAQUE,2022-08-05T12:04:46,1901.69
3320,4,SANTANDER,MARIA,DEPOSITO,2022-07-12T18:21:18,7021.28
3090,6,SANTANDER,PEDRO,SAQUE,2022-11-26T21:03:46,3234.91
2220,2,SANTANDER,JULIA,SAQUE,2022-06-18T03:38:49,649.15
4110,7,SANTANDER,LUCAS,SAQUE,2022-01-21T16:43:25,6364.64
2750,5,SANTANDER,ANA,DEPOSITO,2022-06-05T12:14:51,6756.08
1810,3,SANTANDER,CARLOS,SAQUE,2022-02-25T14:40:49,9448.73
2870,9,SANTANDER,PAULO,SAQUE,2022-03-13T06:41:36,3682.59
1044,2,SANTANDER,FELIPE,SAQUE,2022-04-29T10:56:14,7226.42
1520,1,SANTANDER,JOAO,SAQUE,2022-09-29T19:36:29,2720.2
1260,8,SANTANDER,BEATRIZ,SAQUE,2022-02-21T02:07:38,3258.03
1260,8,SANTANDER,BEATRIZ,DEPOSITO,2022-12-21T23:55:56,1204.32
1044,2,SANTANDER,FELIPE,DEPOSITO,2022-07-28T08:38:45,7206.24
1044,2,SANTANDER,FELIPE,SAQUE,2022-04-26T14:04:23,3301.67
1260,8,SANTANDER,BEATRIZ,SAQUE,2022-04-06T05:52:40,5415.11
4110,7,SANTANDER,LUCAS,SAQUE,2022-04-21T09:25:40,10.06
4110,7,SANTANDER,LUCAS,SAQUE,2022-12-09T21:32:51,6925.07
3320,4,SANTANDER,MARIA,SAQUE,2022-09-04T04:15:52,9620.44
1520,1,SANTANDER,JOAO,SAQUE,2022-04-12T11:36:49,7229.64
3090,6,SANTANDER,PEDRO,SAQUE,2022-10-18T07:11:29,3465.64
2870,9,SANTANDER,PAULO,SAQUE,2022-03-05T04:40:02,443.09
2220,2,SANTANDER,JULIA,DEPOSITO,2022-09-21T20:09:33,8564.88
4110,7,SANTANDER,LUCAS,SAQUE,2022-11-14T09:18:48,6578.98
4110,7,SANTANDER,LUCAS,SAQUE,2022-05-05T11:02:48,1405.33
1520,1,SANTANDER,JOAO,SAQUE,2022-04-21T23:08:02,2037.55
2870,9,SANTANDER,PAULO,DEPOSITO,2022-08-08T06:55:32,1579.85
1810,3,SANTANDER,CARLOS,DEPOSITO,2022-12-18T05:17:37,4824.54
1260,8,SANTANDER,BEATRIZ,SAQUE,2022-02-01T14:50:52,8000.69
2220,2,SANTANDER,JULIA,SAQUE,2022-06-21T23:59:26,216.38
2870,9,SANTANDER,PAULO,SAQUE,2022-10-12T05:45:18,497.28
1044,2,SANTANDER,FELIPE,DEPOSITO,2022-04-18T16:57:09,5998.85
2870,9,SANTANDER,PAULO,SAQUE,2022-01-20T05:37:47,2766.57
4110,7,SANTANDER,LUCAS,SAQUE,2022-12-10T02:58:09,2859.39
1810,3,SANTANDER,CARLOS,SAQUE,2022-12-20T08:07:53,5354.69
3090,6,SANTANDER,PEDRO,DEPOSITO,2022-01-04T06:23:48,4766.38
2750,5,SANTANDER,ANA,SAQUE,2022-06-27T11:25:40,6152.07
1260,8,SANTANDER,BEATRIZ,SAQUE,2022-10-13T09:14:44,3381.19
3090,6,SANTANDER,PEDRO,SAQUE,2022-03-12T19:10:48,3654.17
1520,1,SANTANDER,JOAO,SAQUE,2022-11-13T19:57:55,5313.4
2870,9,SANTANDER,PAULO,SAQUE,2022-10-13T04:25:05,7181.35
1044,2,SANTANDER,FELIPE,SAQUE,2022-09-03T14:08:22,1592.14
2220,2,SANTANDER,JULIA,DEPOSITO,2022-06-09T06:47:59,3943.07
1044,2,SANTANDER,FELIPE,SAQUE,2022-08-17T23:03:40,1247.91
1044,2,SANTANDER,FELIPE,SAQUE,2022-12-01T14:28:25,5646.91
4110,7,SANTANDER,LUCAS,SAQUE,2022-09-16T03:40:41,9303.49
1260,8,SANTANDER,BEATRIZ,SAQUE,2022-05-25T15:53:53,7400.01
1810,3,SANTANDER,CARLOS,SAQUE,2022-12-31T00:27:36,5687.58
1520,1,SANTANDER,JOAO,DEPOSITO,2022-09-15T07:36:02,1807.16
3090,6,SANTANDER,PEDRO,SAQUE,2022-04-09T00:37:00,3310.77
1260,8,SANTANDER,BEATRIZ,SAQUE,2022-03-08T02:15:36,9891.41
1044,2,SANTANDER,FELIPE,SAQUE,2022-12-29T04:08:29,2552.99
1260,8,SANTANDER,BEATRIZ,SAQUE,2022-10-03T04:02:31,4781.48
1044,2,SANTANDER,FELIPE,SAQUE,2022-10-10T03:32:18,1101.32
1044,2,SANTANDER,FELIPE,SAQUE,2022-04-12T15:49:39,418.67
2870,9,SANTANDER,PAULO,SAQUE,2022-05-14T20:57:08,4395.38
1810,3,SANTANDER,CARLOS,SAQUE,2022-04-05T11:49:43,5541.57
4110,7,SANTANDER,LUCAS,DEPOSITO,2022-02-11T03:37:25,9466.53
3320,4,SANTANDER,MARIA,DEPOSITO,2022-08-02T19:41:12,1080.44
2750,5,SANTANDER,ANA,SAQUE,2022-07-23T13:34:55,4353.39
2220,2,SANTANDER,JULIA,DEPOSITO,2022-09-30T12:51:48,9855.2
1810,3,SANTANDER,CARLOS,SAQUE,2022-09-12T19:00:34,7346.71
2750,5,SANTANDER,ANA,DEPOSITO,2022-08-10T17:30:29,4329.13
3320,4,SANTANDER,MARIA,DEPOSITO,2022-07-17T17:49:30,6304.04
4110,7,SANTANDER,LUCAS,SAQUE,2022-10-30T13:33:33,1900.58
1260,8,SANTANDER,BEATRIZ,SAQUE,2022-05-04T20:45:10,1436.38
1520,1,SANTANDER,JOAO,DEPOSITO,2022-09-05T22:20:27,5518.0
2870,9,SANTANDER,PAULO,SAQUE,2022-07-12T18:46:38,9313.88
3090,6,SANTANDER,PEDRO,DEPOSITO,2022-04-15T02:34:30,506.31
1520,1,SANTANDER,JOAO,DEPOSITO,2022-01-16T15:55:46,7577.46
1260,8,SANTANDER,BEATRIZ,SAQUE,2022-04-18T22:44:01,3484.76
3320,4,SANTANDER,MARIA,SAQUE,2022-06-30T11:12:07,6463.54
3090,6,SANTANDER,PEDRO,DEPOSITO,2022-09-06T03:48:05,1335.66
3320,4,SANTANDER,MARIA,SAQUE,2022-11-29T10:23:02,1057.19
1044,2,SANTANDER,FELIPE,SAQUE,2022-09-12T04:26:38,3114.36
3090,6,SANTANDER,PEDRO,DEPOSITO,2022-05-28T08:41:56,7666.81
1520,1,SANTANDER,JOAO,DEPOSITO,2022-06-13T19:00:20,8547.92
4110,7,SANTANDER,LUCAS,SAQUE,2022-11-27T18:24:18,8236.16
1810,3,SANTANDER,CARLOS,SAQUE,2022-11-25T14:09:03,3911.94
3320,4,SANTANDER,MARIA,DEPOSITO,2022-07-16T08:36:33,2155.38
2220,2,SANTANDER,JULIA,SAQUE,2022-09-25T03:25:18,8356.49
4110,7,SANTANDER,LUCAS,SAQUE,2022-01-20T19:15:57,3188.58
3320,4,SANTANDER,MARIA,DEPOSITO,2022-03-23T14:31:44,767.68
1044,2,SANTANDER,FELIPE,DEPOSITO,2022-02-07T14:46:48,7409.89
1044,2,SANTANDER,FELIPE,DEPOSITO,2022-01-27T21:16:04,7082.23
1810,3,SANTANDER,CARLOS,DEPOSITO,2022-07-19T07:54:25,7408.92
4110,7,SANTANDER,LUCAS,DEPOSITO,2022-05-02T17:03:53,9097.8
1044,2,SANTANDER,FELIPE,SAQUE,2022-03-01T08:21:58,1703.12
3090,6,SANTANDER,PEDRO,DEPOSITO,2022-02-03T14:47:27,2587.29
3090,6,SANTANDER,PEDRO,DEPOSITO,2022-05-18T07:56:07,3202.52
1044,2,SANTANDER,FELIPE,DEPOSITO,2022-06-20T16:05:59,201.09
1810,3,SANTANDER,CARLOS,DEPOSITO,2022-05-24T19:22:47,5040.75
3320,4,SANTANDER,MARIA,DEPOSITO,2022-10-14T05:00:09,9809.79
2870,9,SANTANDER,PAULO,SAQUE,2022-06-21T00:32:11,2162.59
1520,1,SANTANDER,JOAO,SAQUE,2022-06-05T17:33:18,8372.17
2870,9,SANTANDER,PAULO,DEPOSITO,2022-11-02T22:09:48,3164.42
2220,2,SANTANDER,JULIA,SAQUE,2022-05-14T10:20:59,9922.21
1044,2,SANTANDER,FELIPE,DEPOSITO,2022-04-11T00:29:20,2762.09
4110,7,SANTANDER,LUCAS,SAQUE,2022-10-30T15:16:06,8140.17
1810,3,SANTANDER,CARLOS,SAQUE,2022-10-11T19:52:55,4563.71
1044,2,SANTANDER,FELIPE,SAQUE,2022-09-20T10:46:50,3951.37
1810,3,SANTANDER,CARLOS,SAQUE,2022-05-05T10:04:05,2290.09
3090,6,SANTANDER,PEDRO,DEPOSITO,2022-08-25T02:29:01,9673.38
2220,2,SANTANDER,JULIA,DEPOSITO,2022-04-19T03:00:36,1997.77
3090,6,SANTANDER,PEDRO,DEPOSITO,2022-12-19T00:52:40,1990.71
1810,3,SANTANDER,CARLOS,DEPOSITO,2022-07-09T10:43:20,3644.07
2750,5,SANTANDER,ANA,DEPOSITO,2022-04-25T12:39:28,4227.3
4110,7,SANTANDER,LUCAS,SAQUE,2022-02-17T17:41:41,7147.45
1260,8,SANTANDER,BEATRIZ,SAQUE,2022-09-20T08:30:41,8483.45
4110,7,SANTANDER,LUCAS,DEPOSITO,2022-07-27T09:18:20,6466.35
2220,2,SANTANDER,JULIA,DEPOSITO,2022-01-05T07:06:24,4771.31
1520,1,SANTANDER,JOAO,DEPOSITO,2022-10-27T07:25:09,4261.37
2220,2,SANTANDER,JULIA,DEPOSITO,2022-03-17T01:12:25,7063.76
4110,7,SANTANDER,LUCAS,SAQUE,2022-07-12T14:29:25,6745.35
1520,1,SANTANDER,JOAO,DEPOSITO,2022-03-02T04:18:48,3233.46
2750,5,SANTANDER,ANA,SAQUE,2022-03-09T21:51:37,2026.14
3090,6,SANTANDER,PEDRO,SAQUE,2022-05-13T10:02:56,8658.22
3320,4,SANTANDER,MARIA,DEPOSITO,2022-07-02T11:16:01,7032.32
3320,4,SANTANDER,MARIA,SAQUE,2022-11-18T22:53:08,3259.84
2870,9,SANTANDER,PAULO,DEPOSITO,2022-01-27T05:32:15,1805.88
3090,6,SANTANDER,PEDRO,DEPOSITO,2022-11-21T10:02:58,7300.41
3320,4,SANTANDER,MARIA,SAQUE,2022-03-30T16:20:52,4270.18
2870,9,SANTANDER,PAULO,DEPOSITO,2022-04-16T05:59:49,4096.07
1044,2,SANTANDER,FELIPE,SAQUE,2022-05-28T01:33:37,8351.96
2870,9,SANTANDER,PAULO,DEPOSITO,2022-01-28T16:19:31,5409.81
2220,2,SANTANDER,JULIA,DEPOSITO,2022-01-26T23:21:04,9341.44
3090,6,SANTANDER,PEDRO,DEPOSITO,2022-02-21T17:29:25,3461.51
1044,2,SANTANDER,FELIPE,SAQUE,2022-05-09T05:28:37,831.82
4110,7,SANTANDER,LUCAS,DEPOSITO,2022-09-12T09:36:20,6620.24
4110,7,SANTANDER,LUCAS,DEPOSITO,2022-08-22T21:50:12,582.96
4110,7,SANTANDER,LUCAS,SAQUE,2022-08-09T20:44:13,2987.55
2870,9,SANTANDER,PAULO,SAQUE,2022-07-21T04:26:16,6521.23
3090,6,SANTANDER,PEDRO,SAQUE,2022-12-02T04:43:04,7494.31
1260,8,SANTANDER,BEATRIZ,SAQUE,2022-03-13T12:07:37,1811.86
3320,4,SANTANDER,MARIA,DEPOSITO,2022-09-16T14:14:24,8413.11
3320,4,SANTANDER,MARIA,DEPOSITO,2022-01-29T11:39:59,8965.81
2870,9,SANTANDER,PAULO,DEPOSITO,2022-10-14T15:32:22,6659.61
1260,8,SANTANDER,BEATRIZ,DEPOSITO,2022-12-18T00:07:02,2563.87
3090,6,SANTANDER,PEDRO,SAQUE,2022-11-28T16:52:55,6296.82
1810,3,SANTANDER,CARLOS,DEPOSITO,2022-01-25T00:02:21,5428.39
2220,2,SANTANDER,JULIA,DEPOSITO,2022-02-14T12:15:01,7427.38
1044,2,SANTANDER,FELIPE,DEPOSITO,2022-11-05T12:25:26,9548.45
2870,9,SANTANDER,PAULO,SAQUE,2022-03-31T22:10:23,8061.72
3320,4,SANTANDER,MARIA,DEPOSITO,2022-06-19T00:34:56,2976.69
2870,9,SANTANDER,PAULO,SAQUE,2022-11-06T06:05:23,4552.77
1520,1,SANTANDER,JOAO,DEPOSITO,2022-08-20T20:02:59,493.51
1810,3,SANTANDER,CARLOS,DEPOSITO,2022-07-09T11:52:19,3877.05
3090,6,SANTANDER,PEDRO,SAQUE,2022-06-04T14:57:48,751.75
3320,4,SANTANDER,MARIA,DEPOSITO,2022-10-25T03:59:50,398.86
3320,4,SANTANDER,MARIA,DEPOSITO,2022-11-29T06:51:35,324.01
1260,8,SANTANDER,BEATRIZ,SAQUE,2022-04-10T07:50:42,3686.31
1810,3,SANTANDER,CARLOS,SAQUE,2022-06-03T07:42:27,1583.77
1520,1,SANTANDER,JOAO,DEPOSITO,2022-01-15T14:57:01,1943.17
3090,6,SANTANDER,PEDRO,SAQUE,2022-03-24T08:09:06,7088.98
4110,7,SANTANDER,LUCAS,DEPOSITO,2022-05-13T13:18:40,2884.99
4110,7,SANTANDER,LUCAS,SAQUE,2022-07-03T12:56:45,7962.15
3320,4,SANTANDER,MARIA,DEPOSITO,2022-03-02T16:47:03,3398.75
2220,2,SANTANDER,JULIA,SAQUE,2022-03-29T23:25:06,2652.69
4110,7,SANTANDER,LUCAS,SAQUE,2022-07-24T09:59:24,4165.66
1520,1,SANTANDER,JOAO,DEPOSITO,2022-05-07T05:12:32,3081.76
3090,6,SANTANDER,PEDRO,SAQUE,2022-09-12T17:16:33,4046.3
1260,8,SANTANDER,BEATRIZ,SAQUE,2022-10-21T18:11:50,9843.75
1520,1,SANTANDER,JOAO,DEPOSITO,2022-08-22T19:54:00,1898.45
2220,2,SANTANDER,JULIA,DEPOSITO,2022-02-26T08:20:09,2666.79
1260,8,SANTANDER,BEATRIZ,SAQUE,2022-08-07T04:27:25,1201.65
1044,2,SANTANDER,FELIPE,DEPOSITO,2022-09-29T16:19:28,9857.56
2750,5,SANTANDER,ANA,DEPOSITO,2022-04-15T06:52:21,5260.33
1044,2,SANTANDER,FELIPE,DEPOSITO,2022-08-07T06:57:03,2881.77
2870,9,SANTANDER,PAULO,SAQUE,2022-08-17T15:03:30,1956.41
1810,3,SANTANDER,CARLOS,SAQUE,2022-12-19T03:20:02,9783.48
4110,7,SANTANDER,LUCAS,SAQUE,2022-06-06T00:24:09,8842.86
2750,5,SANTANDER,ANA,SAQUE,2022-12-14T08:59:50,3569.89
3320,4,SANTANDER,MARIA,DEPOSITO,2022-08-22T16:15:20,5397.6
2870,9,SANTANDER,PAULO,DEPOSITO,2022-11-21T08:13:11,255.3
3090,6,SANTANDER,PEDRO,SAQUE,2022-09-23T02:04:39,7164.92
3090,6,SANTANDER,PEDRO,DEPOSITO,2022-06-05T20:09:14,2396.43
1260,8,SANTANDER,BEATRIZ,SAQUE,2022-04-16T05:44:22,1165.33
1520,1,SANTANDER,JOAO,SAQUE,2022-08-25T16:55:40,269.43
3090,6,SANTANDER,PEDRO,SAQUE,2022-12-25T09:48:46,4936.37
3090,6,SANTANDER,PEDRO,DEPOSITO,2022-06-06T22:27:48,1838.05
2870,9,SANTANDER,PAULO,DEPOSITO,2022-08-31T14:31:03,338.23
1260,8,SANTANDER,BEATRIZ,DEPOSITO,2022-12-03T05:50:39,3415.66
1810,3,SANTANDER,CARLOS,DEPOSITO,2022-12-04T07:43:17,8916.81
2870,9,SANTANDER,PAULO,DEPOSITO,2022-01-08T10:03:16,4196.68
3320,4,SANTANDER,MARIA,SAQUE,2022-04-02T03:57:37,7153.19
2220,2,SANTANDER,JULIA,SAQUE,2022-09-04T23:13:45,1876.5
3320,4,SANTANDER,MARIA,SAQUE,2022-11-18T18:07:51,669.79
1520,1,SANTANDER,JOAO,DEPOSITO,2022-04-18T23:12:13,3777.2
3320,4,SANTANDER,MARIA,DEPOSITO,2022-01-05T08:55:29,4301.19
1260,8,SANTANDER,BEATRIZ,SAQUE,2022-12-10T05:14:22,4463.77
1044,2,SANTANDER,FELIPE,DEPOSITO,2022-01-23T21:15:17,436.03
1520,1,SANTANDER,JOAO,DEPOSITO,2022-10-06T18:52:40,8148.29
1520,1,SANTANDER,JOAO,DEPOSITO,2022-08-24T10:20:35,376.44
2220,2,SANTANDER,JULIA,SAQUE,2022-06-20T06:15:28,4469.44
1810,3,SANTANDER,CARLOS,DEPOSITO,2022-02-23T13:04:56,487.41
1520,1,SANTANDER,JOAO,DEPOSITO,2022-03-14T01:21:50,9492.83
2870,9,SANTANDER,PAULO,DEPOSITO,2022-12-06T06:42:31,322.81
1520,1,SANTANDER,JOAO,DEPOSITO,2022-09-28T23:34:07,2761.02
1520,1,SANTANDER,JOAO,SAQUE,2022-02-20T22:50:13,8914.34
1810,3,SANTANDER,CARLOS,SAQUE,2022-12-07T20:49:02,7250.83
1260,8,SANTANDER,BEATRIZ,DEPOSITO,2022-09-19T22:08:24,4923.01
1810,3,SANTANDER,CARLOS,DEPOSITO,2022-07-13T08:54:51,1565.16
1044,2,SANTANDER,FELIPE,DEPOSITO,2022-11-15T08:17:42,1986.59
3090,6,SANTANDER,PEDRO,DEPOSITO,2022-07-05T01:05:04,2672.1
2750,5,SANTANDER,ANA,SAQUE,2022-06-29T07:23:23,9282.61
2750,5,SANTANDER,ANA,SAQUE,2022-11-26T22:36:17,2511.59
1520,1,SANTANDER,JOAO,SAQUE,2022-09-24T18:19:35,2272.55
2750,5,SANTANDER,ANA,DEPOSITO,2022-12-15T13:13:32,110.21
1520,1,SANTANDER,JOAO,DEPOSITO,2022-07-08T22:42:39,2036.26
2870,9,SANTANDER,PAULO,SAQUE,2022-07-22T18:08:07,7562.2
3320,4,SANTANDER,MARIA,SAQUE,2022-11-21T14:52:40,7721.3
3090,6,SANTANDER,PEDRO,SAQUE,2022-05-16T18:58:20,6688.99
3090,6,SANTANDER,PEDRO,DEPOSITO,2022-11-30T07:10:23,8611.87
2750,5,SANTANDER,ANA,SAQUE,2022-04-17T03:11:36,7914.08
2750,5,SANTANDER,ANA,SAQUE,2022-01-18T11:18:55,213.47
2750,5,SANTANDER,ANA,SAQUE,2022-05-22T08:50:53,8019.83
2870,9,SANTANDER,PAULO,SAQUE,2022-01-04T06:56:02,366.13
1260,8,SANTANDER,BEATRIZ,DEPOSITO,2022-06-26T09:14:35,3878.76
2870,9,SANTANDER,PAULO,DEPOSITO,2022-03-25T16:27:12,1566.08
1044,2,SANTANDER,FELIPE,DEPOSITO,2022-07-16T14:37:40,5793.57
1044,2,SANTANDER,FELIPE,SAQUE,2022-12-27T02:47:39,5206.02
2220,2,SANTANDER,JULIA,DEPOSITO,2022-09-01T07:03:18,983.99
4110,7,SANTANDER,LUCAS,SAQUE,2022-06-06T21:20:34,2866.52
3320,4,SANTANDER,MARIA,DEPOSITO,2022-09-21T01:56:55,8638.1
2220,2,SANTANDER,JULIA,DEPOSITO,2022-03-01T14:45:07,3842.47
4110,7,SANTANDER,LUCAS,DEPOSITO,2022-01-26T13:24:03,9881.79
1810,3,SANTANDER,CARLOS,DEPOSITO,2022-05-07T18:31:28,338.49
1520,1,SANTANDER,JOAO,DEPOSITO,2022-09-04T02:59:18,8373.66
1520,1,SANTANDER,JOAO,DEPOSITO,2022-01-22T04:00:19,7147.25
1520,1,SANTANDER,JOAO,DEPOSITO,2022-07-23T19:37:52,5702.66
1520,1,SANTANDER,JOAO,SAQUE,2022-04-28T05:28:20,7857.63
2750,5,SANTANDER,ANA,DEPOSITO,2022-05-13T07:37:05,4227.47
1044,2,SANTANDER,FELIPE,SAQUE,2022-10-06T11:00:45,4302.35
2870,9,SANTANDER,PAULO,DEPOSITO,2022-07-20T12:08:27,9575.35
1044,2,SANTANDER,FELIPE,SAQUE,2022-09-18T19:21:55,7045.26
1044,2,SANTANDER,FELIPE,SAQUE,2022-04-09T07:13:40,1695.35
2220,2,SANTANDER,JULIA,SAQUE,2022-06-17T02:30:02,417.25
1520,1,SANTANDER,JOAO,SAQUE,2022-12-04T15:05:55,984.22
3090,6,SANTANDER,PEDRO,SAQUE,2022-04-05T07:48:12,8531.44
2750,5,SANTANDER,ANA,SAQUE,2022-03-03T15:42:17,2211.35
4110,7,SANTANDER,LUCAS,SAQUE,2022-12-12T18:48:48,7754.27
1810,3,SANTANDER,CARLOS,DEPOSITO,2022-12-30T18:04:31,3295.29
1260,8,SANTANDER,BEATRIZ,SAQUE,2022-09-13T22:47:52,4292.06
1044,2,SANTANDER,FELIPE,SAQUE,2022-07-19T04:01:32,9759.48
2750,5,SANTANDER,ANA,SAQUE,2022-06-05T23:02:12,604.29
1810,3,SANTANDER,CARLOS,DEPOSITO,2022-05-24T12:14:56,9108.83
1044,2,SANTANDER,FELIPE,DEPOSITO,2022-08-22T12:45:18,3633.9
1044,2,SANTANDER,FELIPE,DEPOSITO,2022-01-01T16:41:17,5421.55
2220,2,SANTANDER,JULIA,DEPOSITO,2022-01-30T05:33:25,5344.75
1260,8,SANTANDER,BEATRIZ,SAQUE,2022-02-07T23:38:22,9171.93
4110,7,SANTANDER,LUCAS,DEPOSITO,2022-05-31T21:08:04,2549.97
1520,1,SANTANDER,JOAO,SAQUE,2022-07-25T23:55:25,8981.01
1810,3,SANTANDER,CARLOS,SAQUE,2022-01-19T14:13:40,1653.24
4110,7,SANTANDER,LUCAS,SAQUE,2022-08-30T09:07:46,8316.29
1044,2,SANTANDER,FELIPE,SAQUE,2022-07-29T00:51:23,8647.06
1810,3,SANTANDER,CARLOS,DEPOSITO,2022-03-17T14:15:28,9520.29
1260,8,SANTANDER,BEATRIZ,DEPOSITO,2022-09-23T16:48:06,1655.48
1260,8,SANTANDER,BEATRIZ,DEPOSITO,2022-08-04T12:34:12,5063.24
1520,1,SANTANDER,JOAO,SAQUE,2022-09-19T03:53:54,6972.74
2870,9,SANTANDER,PAULO,DEPOSITO,2022-10-14T09:59:43,761.58
1810,3,SANTANDER,CARLOS,DEPOSITO,2022-11-17T09:49:39,6928.02
2870,9,SANTANDER,PAULO,DEPOSITO,2022-07-28T21:19:02,8306.33
1520,1,SANTANDER,JOAO,DEPOSITO,2022-05-12T14:26:48,8948.38
3090,6,SANTANDER,PEDRO,SAQUE,2022-11-24T19:03:44,6273.14
4110,7,SANTANDER,LUCAS,SAQUE,2022-10-18T11:46:12,4628.28
2220,2,SANTANDER,JULIA,SAQUE,2022-02-07T02:09:21,9867.25
1260,8,SANTANDER,BEATRIZ,DEPOSITO,2022-01-20T07:08:43,5352.01
1260,8,SANTANDER,BEATRIZ,DEPOSITO,2022-05-06T22:55:48,9428.18
1520,1,SANTANDER,JOAO,DEPOSITO,2022-10-10T17:16:30,8556.2
3090,6,SANTANDER,PEDRO,DEPOSITO,2022-06-10T11:24:28,3603.34
4110,7,SANTANDER,LUCAS,DEPOSITO,2022-10-26T07:37:45,7042.35
3090,6,SANTANDER,PEDRO,SAQUE,2022-01-24T17:12:22,9123.12
3090,6,SANTANDER,PEDRO,SAQUE,2022-12-12T08:57:19,1851.15
1260,8,SANTANDER,BEATRIZ,DEPOSITO,2022-01-16T03:01:51,6433.0
2750,5,SANTANDER,ANA,DEPOSITO,2022-11-23T13:27:56,3038.11
1520,1,SANTANDER,JOAO,SAQUE,2022-08-03T03:19:35,6697.74
2220,2,SANTANDER,JULIA,SAQUE,2022-08-02T11:40:45,8526.24
2220,2,SANTANDER,JULIA,DEPOSITO,2022-11-15T19:28:00,7652.43
3090,6,SANTANDER,PEDRO,SAQUE,2022-12-29T03:34:27,5935.16
1520,1,SANTANDER,JOAO,SAQUE,2022-04-12T14:59:30,4901.11
4110,7,SANTANDER,LUCAS,SAQUE,2022-07-15T09:21:27,1290.84
1520,1,SANTANDER,JOAO,SAQUE,2022-08-12T10:30:33,3990.17
2220,2,SANTANDER,JULIA,DEPOSITO,2022-11-14T10:17:54,4776.57
3320,4,SANTANDER,MARIA,SAQUE,2022-10-11T06:30:36,7120.39
2870,9,SANTANDER,PAULO,DEPOSITO,2022-04-10T15:21:43,3282.22
2220,2,SANTANDER,JULIA,SAQUE,2022-08-29T10:58:52,9704.77
1810,3,SANTANDER,CARLOS,DEPOSITO,2022-04-07T03:21:55,4461.5
1520,1,SANTANDER,JOAO,DEPOSITO,2022-07-01T20:27:00,9607.33
1044,2,SANTANDER,FELIPE,SAQUE,2022-08-17T11:52:51,7094.01
1044,2,SANTANDER,FELIPE,DEPOSITO,2022-11-24T10:41:56,1127.54
2870,9,SANTANDER,PAULO,DEPOSITO,2022-07-25T03:59:30,6890.08
2870,9,SANTANDER,PAULO,SAQUE,2022-08-30T08:27:44,2313.98
1520,1,SANTANDER,JOAO,SAQUE,2022-12-04T04:32:28,9263.74
1260,8,SANTANDER,BEATRIZ,SAQUE,2022-05-22T19:06:48,8786.04
1520,1,SANTANDER,JOAO,SAQUE,2022-10-25T14:59:49,553.93
3090,6,SANTANDER,PEDRO,DEPOSITO,2022-01-10T05:38:03,2271.13
1520,1,SANTANDER,JOAO,SAQUE,2022-01-27T16:34:40,4959.81
3320,4,SANTANDER,MARIA,DEPOSITO,2022-08-22T13:13:12,3306.52
1260,8,SANTANDER,BEATRIZ,DEPOSITO,2022-05-23T03:54:02,7910.92
3090,6,SANTANDER,PEDRO,SAQUE,2022-02-11T16:36:18,7104.38
2870,9,SANTANDER,PAULO,DEPOSITO,2022-04-01T23:42:10,8970.26
1520,1,SANTANDER,JOAO,DEPOSITO,2022-10-26T23:44:54,4541.91
1260,8,SANTANDER,BEATRIZ,SAQUE,2022-10-19T15:56:00,242.13
3320,4,SANTANDER,MARIA,DEPOSITO,2022-08-04T03:40:43,8001.66
3090,6,SANTANDER,PEDRO,SAQUE,2022-01-19T06:12:09,8802.04
1810,3,SANTANDER,CARLOS,DEPOSITO,2022-12-22T12:00:36,7445.46
2750,5,SANTANDER,ANA,DEPOSITO,2022-07-21T16:54:42,2556.38
2870,9,SANTANDER,PAULO,DEPOSITO,2022-11-06T12:31:06,2551.97
3320,4,SANTANDER,MARIA,SAQUE,2022-02-12T06:39:22,6763.52
2220,2,SANTANDER,JULIA,SAQUE,2022-01-27T19:27:21,2402.49
1520,1,SANTANDER,JOAO,DEPOSITO,2022-01-28T12:13:50,8101.56
4110,7,SANTANDER,LUCAS,SAQUE,2022-02-16T02:17:21,8048.89
1810,3,SANTANDER,CARLOS,DEPOSITO,2022-02-13T16:02:06,6472.34
3320,4,SANTANDER,MARIA,SAQUE,2022-03-20T23:15:56,1470.53
1520,1,SANTANDER,JOAO,DEPOSITO,2022-12-21T17:32:35,9377.45
3090,6,SANTANDER,PEDRO,SAQUE,2022-07-12T17:10:56,4581.58
1044,2,SANTANDER,FELIPE,SAQUE,2022-01-15T18:45:27,688.23
2870,9,SANTANDER,PAULO,SAQUE,2022-01-28T02:36:06,3274.93
1260,8,SANTANDER,BEATRIZ,DEPOSITO,2022-07-07T09:19:57,9945.63
3320,4,SANTANDER,MARIA,SAQUE,2022-01-11T20:28:29,6512.16
4110,7,SANTANDER,LUCAS,SAQUE,2022-08-09T02:05:14,8818.52
3090,6,SANTANDER,PEDRO,SAQUE,2022-01-13T20:25:48,3509.65
2750,5,SANTANDER,ANA,DEPOSITO,2022-06-07T05:23:28,3395.79
2220,2,SANTANDER,JULIA,DEPOSITO,2022-12-30T01:45:16,4718.53
3090,6,SANTANDER,PEDRO,DEPOSITO,2022-10-24T09:37:38,2348.9
2870,9,SANTANDER,PAULO,SAQUE,2022-02-12T15:40:49,2759.78
1260,8,SANTANDER,BEATRIZ,DEPOSITO,2022-12-03T18:20:41,4485.84
1044,2,SANTANDER,FELIPE,SAQUE,2022-03-31T17:23:51,3909.67
1810,3,SANTANDER,CARLOS,SAQUE,2022-08-27T14:04:43,6844.69
3320,4,SANTANDER,MARIA,DEPOSITO,2022-06-04T11:54:10,1199.44
3320,4,SANTANDER,MARIA,DEPOSITO,2022-05-08T22:19:25,5905.34
4110,7,SANTANDER,LUCAS,SAQUE,2022-12-04T17:52:26,6033.53
1520,1,SANTANDER,JOAO,DEPOSITO,2022-06-28T08:15:02,4833.99
1520,1,SANTANDER,JOAO,DEPOSITO,2022-04-20T10:52:32,7570.79
2870,9,SANTANDER,PAULO,DEPOSITO,2022-08-04T05:21:36,8716.07
3090,6,SANTANDER,PEDRO,SAQUE,2022-02-20T00:11:10,1047.29
4110,7,SANTANDER,LUCAS,SAQUE,2022-11-08T06:40:40,5552.68
2220,2,SANTANDER,JULIA,SAQUE,2022-09-20T16:17:27,9178.66
2750,5,SANTANDER,ANA,DEPOSITO,2022-11-12T20:45:36,3103.62
2750,5,SANTANDER,ANA,DEPOSITO,2022-08-19T21:03:22,7359.1
2870,9,SANTANDER,PAULO,DEPOSITO,2022-07-10T23:35:49,7205.3
2220,2,SANTANDER,JULIA,DEPOSITO,2022-12-15T22:23:44,7091.64
3090,6,SANTANDER,PEDRO,DEPOSITO,2022-07-19T10:19:00,6583.11
1810,3,SANTANDER,CARLOS,DEPOSITO,2022-12-27T18:07:49,2203.86
2870,9,SANTANDER,PAULO,DEPOSITO,2022-07-01T02:02:19,1103.91
4110,7,SANTANDER,LUCAS,SAQUE,2022-12-10T10:07:35,5202.82
3090,6,SANTANDER,PEDRO,DEPOSITO,2022-08-30T03:42:17,5222.1
1810,3,SANTANDER,CARLOS,SAQUE,2022-01-17T10:23:13,3126.58
1260,8,SANTANDER,BEATRIZ,SAQUE,2022-10-20T07:17:51,6372.5
2750,5,SANTANDER,ANA,SAQUE,2022-08-11T14:56:07,2563.56
1044,2,SANTANDER,FELIPE,SAQUE,2022-08-21T21:21:17,9117.91
2220,2,SANTANDER,JULIA,DEPOSITO,2022-05-04T23:23:10,4734.78
3090,6,SANTANDER,PEDRO,DEPOSITO,2022-03-05T02:09:17,4869.09
2220,2,SANTANDER,JULIA,SAQUE,2022-08-05T13:26:55,9346.56
2220,2,SANTANDER,JULIA,DEPOSITO,2022-06-09T16:50:54,5739.52
1810,3,SANTANDER,CARLOS,DEPOSITO,2022-02-28T17:30:45,9595.34
2870,9,SANTANDER,PAULO,SAQUE,2022-03-04T16:28:14,7151.73
2870,9,SANTANDER,PAULO,SAQUE,2022-02-18T15:21:45,4399.03
3090,6,SANTANDER,PEDRO,SAQUE,2022-09-12T14:58:50,242.95
2870,9,SANTANDER,PAULO,DEPOSITO,2022-10-31T10:01:39,2415.32
4110,7,SANTANDER,LUCAS,DEPOSITO,2022-01-11T08:20:52,1188.18
1260,8,SANTANDER,BEATRIZ,DEPOSITO,2022-12-30T08:59:59,402.29
1520,1,SANTANDER,JOAO,DEPOSITO,2022-02-13T13:18:06,561.7
1044,2,SANTANDER,FELIPE,DEPOSITO,2022-09-26T21:36:55,4248.63
1520,1,SANTANDER,JOAO,SAQUE,2022-09-06T22:39:25,6231.09
2750,5,SANTANDER,ANA,DEPOSITO,2022-06-18T10:21:37,9850.97
3320,4,SANTANDER,MARIA,SAQUE,2022-07-25T07:19:16,2663.59
2870,9,SANTANDER,PAULO,SAQUE,2022-09-18T16:18:48,5110.7
2220,2,SANTANDER,JULIA,SAQUE,2022-11-30T03:27:23,3056.21
1260,8,SANTANDER,BEATRIZ,SAQUE,2022-05-26T18:25:04,5696.69
1260,8,SANTANDER,BEATRIZ,DEPOSITO,2022-05-25T06:01:31,9675.28
1044,2,SANTANDER,FELIPE,DEPOSITO,2022-12-02T04:55:26,7603.73
2870,9,SANTANDER,PAULO,SAQUE,2022-10-17T13:48:37,993.57
1810,3,SANTANDER,CARLOS,SAQUE,2022-08-10T11:39:18,9237.45
1520,1,SANTANDER,JOAO,SAQUE,2022-12-16T16:56:02,871.62
1044,2,SANTANDER,FELIPE,DEPOSITO,2022-05-02T03:52:39,5021.48
1260,8,SANTANDER,BEATRIZ,DEPOSITO,2022-09-12T18:07:15,8408.35
3320,4,SANTANDER,MARIA,DEPOSITO,2022-09-20T03:27:03,6487.06
2220,2,SANTANDER,JULIA,SAQUE,2022-11-23T01:03:47,8724.42
1810,3,SANTANDER,CARLOS,SAQUE,2022-11-04T05:36:26,1705.11
2220,2,SANTANDER,JULIA,SAQUE,2022-10-06T15:26:06,4425.36
4110,7,SANTANDER,LUCAS,SAQUE,2022-05-15T03:15:15,9252.95
2870,9,SANTANDER,PAULO,DEPOSITO,2022-06-27T04:56:28,9726.03
3090,6,SANTANDER,PEDRO,DEPOSITO,2022-06-07T20:36:45,9188.24
2220,2,SANTANDER,JULIA,SAQUE,2022-05-09T02:03:25,4662.34
3090,6,SANTANDER,PEDRO,DEPOSITO,2022-02-11T03:59:11,6933.24
2870,9,SANTANDER,PAULO,SAQUE,2022-06-24T11:23:29,5675.57
2220,2,SANTANDER,JULIA,DEPOSITO,2022-02-17T22:51:16,1143.5
1260,8,SANTANDER,BEATRIZ,DEPOSITO,2022-04-21T08:20:37,4203.53
1044,2,SANTANDER,FELIPE,SAQUE,2022-04-02T02:48:09,3720.33
1520,1,SANTANDER,JOAO,DEPOSITO,2022-05-08T02:43:19,4833.59
1520,1,SANTANDER,JOAO,SAQUE,2022-12-10T18:13:58,6245.17
1044,2,SANTANDER,FELIPE,SAQUE,2022-03-14T17:02:33,2263.74
1810,3,SANTANDER,CARLOS,SAQUE,2022-09-24T05:39:34,9349.35
1520,1,SANTANDER,JOAO,SAQUE,2022-02-24T14:18:05,1162.31
1810,3,SANTANDER,CARLOS,DEPOSITO,2022-07-16T06:23:42,2968.22
2870,9,SANTANDER,PAULO,SAQUE,2022-05-23T01:52:15,5540.68
2220,2,SANTANDER,JULIA,DEPOSITO,2022-06-07T17:49:14,1982.71
2750,5,SANTANDER,ANA,DEPOSITO,2022-09-21T15:16:26,476.89
1044,2,SANTANDER,FELIPE,DEPOSITO,2022-09-28T09:42:07,7805.54
2220,2,SANTANDER,JULIA,DEPOSITO,2022-12-06T21:14:14,4447.73
4110,7,SANTANDER,LUCAS,DEPOSITO,2022-07-08T03:47:30,9679.83
4110,7,SANTANDER,LUCAS,DEPOSITO,2022-11-26T19:18:51,55.31
1520,1,SANTANDER,JOAO,SAQUE,2022-12-01T06:57:02,8929.65
1520,1,SANTANDER,JOAO,DEPOSITO,2022-07-06T07:35:12,6566.15
1810,3,SANTANDER,CARLOS,SAQUE,2022-07-19T15:12:43,6618.0
2750,5,SANTANDER,ANA,SAQUE,2022-03-28T10:11:09,7165.73
3090,6,SANTANDER,PEDRO,DEPOSITO,2022-11-24T18:56:22,1170.64
1810,3,SANTANDER,CARLOS,DEPOSITO,2022-12-27T15:16:56,631.34
1044,2,SANTANDER,FELIPE,DEPOSITO,2022-07-26T16:01:40,4791.46
3320,4,SANTANDER,MARIA,DEPOSITO,2022-04-28T20:32:11,2091.11
2220,2,SANTANDER,JULIA,DEPOSITO,2022-11-25T02:30:54,7161.33
1044,2,SANTANDER,FELIPE,DEPOSITO,2022-01-31T03:27:38,3117.76
1260,8,SANTANDER,BEATRIZ,DEPOSITO,2022-02-02T14:59:10,6953.02
1810,3,SANTANDER,CARLOS,SAQUE,2022-09-21T05:47:33,580.52
1260,8,SANTANDER,BEATRIZ,SAQUE,2022-05-16T14:14:01,7722.89
1520,1,SANTANDER,JOAO,SAQUE,2022-09-29T08:57:33,5270.2
2220,2,SANTANDER,JULIA,DEPOSITO,2022-03-27T09:42:44,1340.56
1044,2,SANTANDER,FELIPE,SAQUE,2022-04-20T21:21:39,8385.09
2870,9,SANTANDER,PAULO,DEPOSITO,2022-06-04T04:25:07,7913.36
3090,6,SANTANDER,PEDRO,SAQUE,2022-10-07T10:31:43,7354.08
2750,5,SANTANDER,ANA,DEPOSITO,2022-07-24T07:27:43,844.13
1260,8,SANTANDER,BEATRIZ,SAQUE,2022-04-08T03:53:19,2573.65
2870,9,SANTANDER,PAULO,SAQUE,2022-07-19T15:13:40,2056.88
1520,1,SANTANDER,JOAO,DEPOSITO,2022-02-25T18:48:28,8433.32
1260,8,SANTANDER,BEATRIZ,SAQUE,2022-02-26T21:12:56,8027.17
3320,4,SANTANDER,MARIA,DEPOSITO,2022-06-26T04:15:34,1846.97
1520,1,SANTANDER,JOAO,DEPOSITO,2022-08-22T01:56:54,4987.68
3090,6,SANTANDER,PEDRO,DEPOSITO,2022-04-17T00:51:18,1959.69
3090,6,SANTANDER,PEDRO,SAQUE,2022-02-13T12:09:51,1321.91
1044,2,SANTANDER,FELIPE,SAQUE,2022-08-25T23:49:55,2431.15
1810,3,SANTANDER,CARLOS,DEPOSITO,2022-02-05T08:38:36,3613.72
1520,1,SANTANDER,JOAO,SAQUE,2022-08-02T17:04:58,9865.96
1044,2,SANTANDER,FELIPE,SAQUE,2022-11-24T01:29:39,8114.51
3090,6,SANTANDER,PEDRO,DEPOSITO,2022-07-16T05:55:24,2701.64
2220,2,SANTANDER,JULIA,SAQUE,2022-08-22T05:38:13,5682.52
1810,3,SANTANDER,CARLOS,SAQUE,2022-12-14T05:04:54,2441.18
3320,4,SANTANDER,MARIA,DEPOSITO,2022-04-25T08:59:14,2288.97
2750,5,SANTANDER,ANA,DEPOSITO,2022-03-10T19:46:30,7733.97
1044,2,SANTANDER,FELIPE,SAQUE,2022-12-01T05:36:39,1756.23
1520,1,SANTANDER,JOAO,DEPOSITO,2022-03-09T21:52:09,3514.16
1260,8,SANTANDER,BEATRIZ,SAQUE,2022-11-29T11:33:38,6448.12
1520,1,SANTANDER,JOAO,DEPOSITO,2022-12-06T15:01:57,1656.92
1044,2,SANTANDER,FELIPE,SAQUE,2022-10-23T22:07:07,104.81
1044,2,SANTANDER,FELIPE,SAQUE,2022-07-17T23:32:50,2633.42
1260,8,SANTANDER,BEATRIZ,DEPOSITO,2022-08-29T03:36:16,4458.33
3090,6,SANTANDER,PEDRO,DEPOSITO,2022-06-15T10:18:11,5371.17
1044,2,SANTANDER,FELIPE,SAQUE,2022-08-07T07:05:14,2671.42
3320,4,SANTANDER,MARIA,SAQUE,2022-01-07T10:21:00,2869.96
1260,8,SANTANDER,BEATRIZ,DEPOSITO,2022-08-05T14:22:52,7717.2
2750,5,SANTANDER,ANA,SAQUE,2022-09-16T22:27:20,3928.95
1810,3,SANTANDER,CARLOS,DEPOSITO,2022-01-21T21:28:03,4768.36
4110,7,SANTANDER,LUCAS,DEPOSITO,2022-04-15T18:01:20,2697.49
3090,6,SANTANDER,PEDRO,DEPOSITO,2022-11-19T20:58:31,8131.47
4110,7,SANTANDER,LUCAS,DEPOSITO,2022-06-06T16:34:12,3677.87
1260,8,SANTANDER,BEATRIZ,DEPOSITO,2022-04-16T20:33:21,9851.64
4110,7,SANTANDER,LUCAS,SAQUE,2022-07-31T11:45:41,683.24
1810,3,SANTANDER,CARLOS,SAQUE,2022-09-22T09:49:01,273.67
1260,8,SANTANDER,BEATRIZ,DEPOSITO,2022-07-10T17:37:31,9656.13
3090,6,SANTANDER,PEDRO,SAQUE,2022-02-19T22:50:08,2351.7
1810,3,SANTANDER,CARLOS,DEPOSITO,2022-10-27T20:14:52,1996.99
1260,8,SANTANDER,BEATRIZ,DEPOSITO,2022-08-05T11:06:04,3125.88
2220,2,SANTANDER,JULIA,DEPOSITO,2022-07-07T19:31:54,6719.39
3320,4,SANTANDER,MARIA,DEPOSITO,2022-05-10T07:38:19,2756.67
1520,1,SANTANDER,JOAO,SAQUE,2022-03-20T22:19:35,3472.01
1260,8,SANTANDER,BEATRIZ,DEPOSITO,2022-02-15T04:25:01,4455.5
3320,4,SANTANDER,MARIA,SAQUE,2022-12-21T11:42:16,5723.01
1260,8,SANTANDER,BEATRIZ,SAQUE,2022-09-29T20:44:00,2167.35
1260,8,SANTANDER,BEATRIZ,SAQUE,2022-01-16T14:05:26,7170.15
3320,4,SANTANDER,MARIA,DEPOSITO,2022-08-11T02:39:48,3983.64
2750,5,SANTANDER,ANA,DEPOSITO,2022-12-30T13:45:48,8484.8
1044,2,SANTANDER,FELIPE,DEPOSITO,2022-08-10T02:34:19,1336.6
4110,7,SANTANDER,LUCAS,DEPOSITO,2022-01-13T04:36:53,5317.91
1260,8,SANTANDER,BEATRIZ,SAQUE,2022-07-13T19:30:51,7465.42
2220,2,SANTANDER,JULIA,SAQUE,2022-09-17T06:44:46,8721.08
3090,6,SANTANDER,PEDRO,SAQUE,2022-07-17T14:25:24,223.72
1810,3,SANTANDER,CARLOS,DEPOSITO,2022-05-11T16:04:04,4581.75
1810,3,SANTANDER,CARLOS,SAQUE,2022-11-16T08:48:35,4483.1
2750,5,SANTANDER,ANA,DEPOSITO,2022-03-26T10:10:34,405.6
2870,9,SANTANDER,PAULO,SAQUE,2022-04-02T17:21:59,8742.64
1260,8,SANTANDER,BEATRIZ,SAQUE,2022-08-28T18:06:30,3344.02
2870,9,SANTANDER,PAULO,SAQUE,2022-09-22T15:29:48,9375.28
1044,2,SANTANDER,FELIPE,DEPOSITO,2022-04-21T21:37:15,1884.67
2870,9,SANTANDER,PAULO,SAQUE,2022-04-10T05:39:45,5996.49
2870,9,SANTANDER,PAULO,SAQUE,2022-03-25T16:06:43,3658.77
1260,8,SANTANDER,BEATRIZ,SAQUE,2022-10-20T23:23:37,3801.88
2750,5,SANTANDER,ANA,DEPOSITO,2022-03-10T13:57:11,7928.88
3090,6,SANTANDER,PEDRO,DEPOSITO,2022-03-11T09:41:36,847.32
3320,4,SANTANDER,MARIA,SAQUE,2022-01-29T22:55:13,2077.22
1260,8,SANTANDER,BEATRIZ,DEPOSITO,2022-05-17T06:34:58,5649.37
1044,2,SANTANDER,FELIPE,DEPOSITO,2022-01-24T10:34:42,9220.0
3320,4,SANTANDER,MARIA,DEPOSITO,2022-01-03T02:18:57,8898.35
1810,3,SANTANDER,CARLOS,DEPOSITO,2022-08-06T23:11:25,5431.39
2750,5,SANTANDER,ANA,DEPOSITO,2022-03-13T07:19:49,7545.86
1260,8,SANTANDER,BEATRIZ,SAQUE,2022-08-25T03:30:45,5244.89
2750,5,SANTANDER,ANA,DEPOSITO,2022-06-28T15:01:21,7445.09
2870,9,SANTANDER,PAULO,SAQUE,2022-10-31T02:46:12,6538.83
1810,3,SANTANDER,CARLOS,DEPOSITO,2022-01-12T05:23:10,5076.32
1044,2,SANTANDER,FELIPE,DEPOSITO,2022-11-13T09:05:09,1901.22
2220,2,SANTANDER,JULIA,SAQUE,2022-01-08T15:08:46,6950.67
2870,9,SANTANDER,PAULO,SAQUE,2022-05-14T09:34:19,6851.21
1260,8,SANTANDER,BEATRIZ,DEPOSITO,2022-06-25T11:57:17,7947.98
1260,8,SANTANDER,BEATRIZ,DEPOSITO,2022-08-09T05:41:57,6799.04
1810,3,SANTANDER,CARLOS,SAQUE,2022-01-25T15:28:01,8793.52
1520,1,SANTANDER,JOAO,DEPOSITO,2022-11-11T18:57:52,7970.94
1260,8,SANTANDER,BEATRIZ,SAQUE,2022-07-16T01:48:54,3398.88
3320,4,SANTANDER,MARIA,DEPOSITO,2022-01-15T14:54:04,9087.65
1810,3,SANTANDER,CARLOS,SAQUE,2022-06-06T18:06:54,3895.92
2870,9,SANTANDER,PAULO,SAQUE,2022-06-27T19:34:17,4753.3
2750,5,SANTANDER,ANA,SAQUE,2022-12-24T04:46:11,9356.84
3090,6,SANTANDER,PEDRO,SAQUE,2022-10-19T03:20:34,9174.1
2870,9,SANTANDER,PAULO,SAQUE,2022-07-05T06:50:24,6413.94
3320,4,SANTANDER,MARIA,DEPOSITO,2022-09-09T09:37:22,626.94
2220,2,SANTANDER,JULIA,SAQUE,2022-05-18T02:54:09,6103.73
3090,6,SANTANDER,PEDRO,DEPOSITO,2022-04-17T22:44:18,2743.02
3320,4,SANTANDER,MARIA,SAQUE,2022-08-26T12:30:25,6199.35
2870,9,SANTANDER,PAULO,SAQUE,2022-05-31T21:28:59,8582.85
4110,7,SANTANDER,LUCAS,DEPOSITO,2022-10-20T08:57:56,6782.49
2870,9,SANTANDER,PAULO,DEPOSITO,2022-11-17T19:46:51,6237.65
1260,8,SANTANDER,BEATRIZ,SAQUE,2022-01-27T00:12:48,1267.18
2750,5,SANTANDER,ANA,DEPOSITO,2022-12-11T00:26:14,5714.94
3320,4,SANTANDER,MARIA,SAQUE,2022-02-16T22:45:50,4721.05
1044,2,SANTANDER,FELIPE,SAQUE,2022-06-27T11:02:17,5268.54
4110,7,SANTANDER,LUCAS,SAQUE,2022-09-10T16:00:39,1458.52
2220,2,SANTANDER,JULIA,SAQUE,2022-07-29T17:54:25,7835.72
1520,1,SANTANDER,JOAO,DEPOSITO,2022-04-21T13:23:22,901.47
3090,6,SANTANDER,PEDRO,DEPOSITO,2022-01-25T03:01:38,9032.23
1520,1,SANTANDER,JOAO,DEPOSITO,2022-12-22T18:32:05,1876.62
2870,9,SANTANDER,PAULO,DEPOSITO,2022-07-01T09:32:06,2435.51
1810,3,SANTANDER,CARLOS,SAQUE,2022-02-22T16:40:52,7842.85
3320,4,SANTANDER,MARIA,DEPOSITO,2022-01-08T02:04:23,5210.41
2220,2,SANTANDER,JULIA,SAQUE,2022-02-02T05:40:23,2264.9
1260,8,SANTANDER,BEATRIZ,DEPOSITO,2022-07-13T03:32:52,1615.76
2220,2,SANTANDER,JULIA,SAQUE,2022-04-12T00:50:16,3233.49
1260,8,SANTANDER,BEATRIZ,SAQUE,2022-09-17T02:21:56,7755.98
2750,5,SANTANDER,ANA,DEPOSITO,2022-07-09T21:53:55,4498.94
3090,6,SANTANDER,PEDRO,DEPOSITO,2022-05-04T17:08:54,9755.23
3090,6,SANTANDER,PEDRO,SAQUE,2022-09-18T18:38:29,2645.21
2870,9,SANTANDER,PAULO,SAQUE,2022-05-18T22:40:01,9652.92
2220,2,SANTANDER,JULIA,SAQUE,2022-02-14T01:40:44,2186.67
2870,9,SANTANDER,PAULO,DEPOSITO,2022-01-22T16:32:28,5501.59
1260,8,SANTANDER,BEATRIZ,DEPOSITO,2022-01-30T03:56:05,2372.24
2220,2,SANTANDER,JULIA,SAQUE,2022-03-16T19:49:31,4486.13
2220,2,SANTANDER,JULIA,SAQUE,2022-03-08T13:08:23,7648.12
1520,1,SANTANDER,JOAO,SAQUE,2022-09-23T13:20:08,3737.92
4110,7,SANTANDER,LUCAS,SAQUE,2022-01-04T18:00:49,2084.22
4110,7,SANTANDER,LUCAS,SAQUE,2022-03-02T09:19:05,3004.99
2220,2,SANTANDER,JULIA,SAQUE,2022-07-27T15:10:04,1482.6
1260,8,SANTANDER,BEATRIZ,DEPOSITO,2022-08-24T00:47:21,6971.94
3090,6,SANTANDER,PEDRO,DEPOSITO,2022-02-18T16:54:18,3882.33
1044,2,SANTANDER,FELIPE,SAQUE,2022-10-25T06:11:17,350.77
1520,1,SANTANDER,JOAO,SAQUE,2022-10-22T15:30:04,5246.86
2750,5,SANTANDER,ANA,DEPOSITO,2022-03-15T02:52:35,3286.68
3090,6,SANTANDER,PEDRO,SAQUE,2022-06-10T08:13:35,9416.09
3090,6,SANTANDER,PEDRO,DEPOSITO,2022-03-11T14:47:15,3622.5
4110,7,SANTANDER,LUCAS,DEPOSITO,2022-04-04T07:44:33,467.8
1520,1,SANTANDER,JOAO,SAQUE,2022-12-30T08:58:07,5210.21
1260,8,SANTANDER,BEATRIZ,SAQUE,2022-12-28T05:32:27,6159.45
1520,1,SANTANDER,JOAO,SAQUE,2022-11-29T12:25:38,1470.22
2220,2,SANTANDER,JULIA,DEPOSITO,2022-10-16T22:21:55,8804.48
1260,8,SANTANDER,BEATRIZ,SAQUE,2022-09-03T13:04:46,7333.47
2870,9,SANTANDER,PAULO,DEPOSITO,2022-08-05T20:21:14,8885.98
3090,6,SANTANDER,PEDRO,SAQUE,2022-12-07T18:15:59,6061.82
1044,2,SANTANDER,FELIPE,DEPOSITO,2022-09-07T23:15:24,6184.1
4110,7,SANTANDER,LUCAS,SAQUE,2022-08-03T05:39:05,7488.49
3090,6,SANTANDER,PEDRO,DEPOSITO,2022-10-21T13:43:37,2206.78
1260,8,SANTANDER,BEATRIZ,SAQUE,2022-12-01T04:31:47,6517.31
1520,1,SANTANDER,JOAO,SAQUE,2022-04-07T06:07:17,9586.19
1520,1,SANTANDER,JOAO,DEPOSITO,2022-01-27T22:46:19,3124.91
1044,2,SANTANDER,FELIPE,SAQUE,2022-07-10T12:46:01,7731.57
1520,1,SANTANDER,JOAO,SAQUE,2022-07-15T04:29:02,4785.96
1810,3,SANTANDER,CARLOS,SAQUE,2022-12-26T17:06:45,3878.52
1810,3,SANTANDER,CARLOS,DEPOSITO,2022-10-16T12:43:45,1758.79
2750,5,SANTANDER,ANA,SAQUE,2022-04-24T07:17:38,8740.45
1810,3,SANTANDER,CARLOS,SAQUE,2022-12-16T13:56:59,2994.94
1044,2,SANTANDER,FELIPE,DEPOSITO,2022-06-16T11:45:12,400.77
4110,7,SANTANDER,LUCAS,DEPOSITO,2022-06-07T06:40:52,9910.27
4110,7,SANTANDER,LUCAS,DEPOSITO,2022-04-11T21:41:38,211.96
4110,7,SANTANDER,LUCAS,SAQUE,2022-08-11T05:27:13,3784.55
1810,3,SANTANDER,CARLOS,SAQUE,2022-02-12T20:47:06,5258.96
1520,1,SANTANDER,JOAO,DEPOSITO,2022-02-28T16:53:22,1666.02
3090,6,SANTANDER,PEDRO,SAQUE,2022-03-20T16:11:25,4627.7
2750,5,SANTANDER,ANA,SAQUE,2022-11-21T04:43:08,1588.08
3090,6,SANTANDER,PEDRO,SAQUE,2022-01-06T05:45:25,1815.56
1260,8,SANTANDER,BEATRIZ,DEPOSITO,2022-03-23T20:23:18,5553.37
1520,1,SANTANDER,JOAO,DEPOSITO,2022-07-10T02:12:16,7553.47
1260,8,SANTANDER,BEATRIZ,DEPOSITO,2022-10-04T15:38:39,6817.41
1044,2,SANTANDER,FELIPE,SAQUE,2022-01-29T02:15:39,4975.77
3090,6,SANTANDER,PEDRO,DEPOSITO,2022-01-30T22:56:12,5358.75
1044,2,SANTANDER,FELIPE,DEPOSITO,2022-05-12T18:03:05,1663.09
4110,7,SANTANDER,LUCAS,SAQUE,2022-12-30T02:01:33,352.61
3320,4,SANTANDER,MARIA,DEPOSITO,2022-11-10T17:51:12,2650.11
2750,5,SANTANDER,ANA,SAQUE,2022-09-17T13:59:56,8060.32
3090,6,SANTANDER,PEDRO,DEPOSITO,2022-01-03T23:36:32,5028.97
3320,4,SANTANDER,MARIA,SAQUE,2022-01-22T03:22:45,9536.51
1810,3,SANTANDER,CARLOS,SAQUE,2022-04-12T07:27:16,2771.82
1810,3,SANTANDER,CARLOS,DEPOSITO,2022-01-09T09:30:11,4672.32
2220,2,SANTANDER,JULIA,SAQUE,2022-07-11T04:36:25,7311.35
1520,1,SANTANDER,JOAO,DEPOSITO,2022-04-29T21:34:06,4765.59
1810,3,SANTANDER,CARLOS,SAQUE,2022-09-03T14:51:13,1929.04
1520,1,SANTANDER,JOAO,SAQUE,2022-07-16T15:23:01,7437.25
3320,4,SANTANDER,MARIA,SAQUE,2022-09-20T15:25:14,1090.75
1260,8,SANTANDER,BEATRIZ,SAQUE,2022-07-01T10:29:50,5293.27
2870,9,SANTANDER,PAULO,DEPOSITO,2022-09-27T18:12:31,3092.57
3320,4,SANTANDER,MARIA,SAQUE,2022-01-29T15:55:10,2325.26
1520,1,SANTANDER,JOAO,SAQUE,2022-10-30T11:49:12,7762.37
1260,8,SANTANDER,BEATRIZ,SAQUE,2022-03-21T23:33:55,2946.43
4110,7,SANTANDER,LUCAS,DEPOSITO,2022-06-05T14:29:15,9783.31
2220,2,SANTANDER,JULIA,SAQUE,2022-07-02T04:19:06,6728.51
3320,4,SANTANDER,MARIA,DEPOSITO,2022-05-11T18:27:15,5197.58
4110,7,SANTANDER,LUCAS,SAQUE,2022-03-28T14:39:36,6076.3
1260,8,SANTANDER,BEATRIZ,SAQUE,2022-05-07T11:15:23,600.83
2220,2,SANTANDER,JULIA,SAQUE,2022-01-21T03:38:57,185.57
3320,4,SANTANDER,MARIA,DEPOSITO,2022-02-20T12:16:39,7378.38
2870,9,SANTANDER,PAULO,DEPOSITO,2022-07-14T09:19:40,1750.77
1260,8,SANTANDER,BEATRIZ,SAQUE,2022-10-18T02:28:17,9848.22
4110,7,SANTANDER,LUCAS,DEPOSITO,2022-09-24T03:33:29,4040.5
1520,1,SANTANDER,JOAO,DEPOSITO,2022-05-08T06:49:28,4414.44
1520,1,SANTANDER,JOAO,DEPOSITO,2022-10-08T15:59:33,5887.39
1810,3,SANTANDER,CARLOS,SAQUE,2022-06-26T06:09:38,1331.16
3320,4,SANTANDER,MARIA,SAQUE,2022-02-26T00:33:47,651.16
2750,5,SANTANDER,ANA,DEPOSITO,2022-12-26T14:25:25,9213.65
3320,4,SANTANDER,MARIA,DEPOSITO,2022-12-17T15:18:17,2405.71
4110,7,SANTANDER,LUCAS,DEPOSITO,2022-03-16T17:09:10,8255.01
2220,2,SANTANDER,JULIA,DEPOSITO,2022-06-22T23:12:32,9710.75
1260,8,SANTANDER,BEATRIZ,DEPOSITO,2022-12-10T12:43:30,7570.93
2220,2,SANTANDER,JULIA,SAQUE,2022-09-03T02:57:24,4287.65
2750,5,SANTANDER,ANA,SAQUE,2022-07-18T12:46:02,5927.59
1520,1,SANTANDER,JOAO,DEPOSITO,2022-08-30T12:07:40,1816.52
1810,3,SANTANDER,CARLOS,SAQUE,2022-04-26T10:37:17,5475.53
1260,8,SANTANDER,BEATRIZ,SAQUE,2022-02-08T18:01:52,5421.81
1810,3,SANTANDER,CARLOS,DEPOSITO,2022-08-16T14:54:03,2353.79
2220,2,SANTANDER,JULIA,DEPOSITO,2022-09-10T03:00:50,8600.24
3320,4,SANTANDER,MARIA,DEPOSITO,2022-05-20T12:08:52,9882.31
4110,7,SANTANDER,LUCAS,SAQUE,2022-12-26T16:34:46,1604.79
1044,2,SANTANDER,FELIPE,DEPOSITO,2022-06-11T04:10:20,5267.76
2870,9,SANTANDER,PAULO,SAQUE,2022-04-13T21:44:35,5930.07
2750,5,SANTANDER,ANA,DEPOSITO,2022-11-17T02:40:27,9006.07
2220,2,SANTANDER,JULIA,DEPOSITO,2022-01-31T08:24:22,4267.92
1260,8,SANTANDER,BEATRIZ,DEPOSITO,2022-09-09T12:53:40,6555.57
1810,3,SANTANDER,CARLOS,DEPOSITO,2022-12-27T17:17:33,3990.61
3090,6,SANTANDER,PEDRO,SAQUE,2022-01-10T11:04:32,4647.19
1520,1,SANTANDER,JOAO,DEPOSITO,2022-04-02T17:31:56,3051.16
2870,9,SANTANDER,PAULO,SAQUE,2022-09-02T21:43:20,6518.96
1520,1,SANTANDER,JOAO,DEPOSITO,2022-11-12T13:20:28,1400.81
2750,5,SANTANDER,ANA,SAQUE,2022-01-25T05:27:29,4625.91
1260,8,SANTANDER,BEATRIZ,SAQUE,2022-05-28T17:58:28,7720.95
1810,3,SANTANDER,CARLOS,SAQUE,2022-12-24T00:27:42,9778.74
2220,2,SANTANDER,JULIA,SAQUE,2022-09-11T13:35:27,2859.61
1810,3,SANTANDER,CARLOS,DEPOSITO,2022-12-28T09:34:58,8281.33
2750,5,SANTANDER,ANA,SAQUE,2022-06-25T15:49:03,8505.75
1810,3,SANTANDER,CARLOS,DEPOSITO,2022-08-04T08:11:31,6146.43
3090,6,SANTANDER,PEDRO,DEPOSITO,2022-11-17T07:23:09,4440.24
1520,1,SANTANDER,JOAO,SAQUE,2022-10-31T01:15:27,2267.18
3320,4,SANTANDER,MARIA,SAQUE,2022-01-08T20:18:57,1781.47
1520,1,SANTANDER,JOAO,SAQUE,2022-11-08T15:52:07,2473.59
3320,4,SANTANDER,MARIA,DEPOSITO,2022-07-24T00:24:17,172.5
3090,6,SANTANDER,PEDRO,DEPOSITO,2022-02-06T23:31:53,9851.57
1810,3,SANTANDER,CARLOS,DEPOSITO,2022-07-14T22:02:44,9522.02
1044,2,SANTANDER,FELIPE,SAQUE,2022-01-20T04:29:14,8088.91
2870,9,SANTANDER,PAULO,DEPOSITO,2022-01-05T06:49:07,2164.27
3090,6,SANTANDER,PEDRO,DEPOSITO,2022-04-21T04:03:18,3169.68
3320,4,SANTANDER,MARIA,SAQUE,2022-03-21T11:14:47,572.43
3090,6,SANTANDER,PEDRO,SAQUE,2022-04-24T03:37:30,2523.56
1520,1,SANTANDER,JOAO,SAQUE,2022-06-04T21:00:51,5104.43
4110,7,SANTANDER,LUCAS,DEPOSITO,2022-05-08T04:19:33,3927.11
4110,7,SANTANDER,LUCAS,SAQUE,2022-04-05T00:55:06,4300.43
1520,1,SANTANDER,JOAO,SAQUE,2022-12-31T03:42:54,9584.83
3090,6,SANTANDER,PEDRO,SAQUE,2022-07-21T08:10:57,4090.49
1260,8,SANTANDER,BEATRIZ,DEPOSITO,2022-06-22T15:05:00,600.41
2870,9,SANTANDER,PAULO,DEPOSITO,2022-08-05T02:37:30,4412.92
1520,1,SANTANDER,JOAO,DEPOSITO,2022-08-18T19:09:34,3475.66
4110,7,SANTANDER,LUCAS,DEPOSITO,2022-05-31T06:55:03,5664.86
4110,7,SANTANDER,LUCAS,SAQUE,2022-04-09T22:17:21,4049.89
2750,5,SANTANDER,ANA,DEPOSITO,2022-07-12T03:57:16,3574.33
1260,8,SANTANDER,BEATRIZ,SAQUE,2022-11-02T23:02:26,759.09
1260,8,SANTANDER,BEATRIZ,SAQUE,2022-06-11T16:26:02,859.65
1260,8,SANTANDER,BEATRIZ,SAQUE,2022-08-11T16:26:50,6120.46
3320,4,SANTANDER,MARIA,DEPOSITO,2022-08-16T21:08:38,4016.63
1520,1,SANTANDER,JOAO,DEPOSITO,2022-08-18T13:56:04,4408.77
4110,7,SANTANDER,LUCAS,SAQUE,2022-09-20T04:49:14,7662.4
3090,6,SANTANDER,PEDRO,SAQUE,2022-02-25T22:46:38,9325.43
2220,2,SANTANDER,JULIA,SAQUE,2022-03-25T05:55:54,6471.01
1810,3,SANTANDER,CARLOS,DEPOSITO,2022-04-02T10:29:39,6088.23
1044,2,SANTANDER,FELIPE,DEPOSITO,2022-04-10T16:01:11,3016.07
2870,9,SANTANDER,PAULO,SAQUE,2022-07-04T16:26:53,8213.35
2870,9,SANTANDER,PAULO,SAQUE,2022-07-09T20:12:37,7320.31
3090,6,SANTANDER,PEDRO,DEPOSITO,2022-08-04T13:06:56,3247.89
1044,2,SANTANDER,FELIPE,DEPOSITO,2022-01-30T03:58:41,3180.29
2750,5,SANTANDER,ANA,SAQUE,2022-08-30T05:20:24,9106.42
2750,5,SANTANDER,ANA,SAQUE,2022-07-29T21:32:19,9410.34
2220,2,SANTANDER,JULIA,DEPOSITO,2022-02-27T12:05:42,7577.54
2750,5,SANTANDER,ANA,DEPOSITO,2022-06-22T12:42:02,4930.86
2750,5,SANTANDER,ANA,SAQUE,2022-10-12T15:17:41,8315.86
3090,6,SANTANDER,PEDRO,SAQUE,2022-02-10T05:12:01,1386.76
2870,9,SANTANDER,PAULO,DEPOSITO,2022-10-08T11:30:57,5362.83
4110,7,SANTANDER,LUCAS,SAQUE,2022-06-14T03:43:10,386.81
2870,9,SANTANDER,PAULO,SAQUE,2022-03-13T00:24:12,9343.91
3320,4,SANTANDER,MARIA,DEPOSITO,2022-09-09T14:46:38,8764.88
4110,7,SANTANDER,LUCAS,SAQUE,2022-11-20T04:14:47,3322.23
3320,4,SANTANDER,MARIA,SAQUE,2022-01-08T02:46:14,9269.63
1520,1,SANTANDER,JOAO,SAQUE,2022-05-24T18:25:40,8729.45
3320,4,SANTANDER,MARIA,DEPOSITO,2022-08-10T06:06:31,6273.53
2220,2,SANTANDER,JULIA,DEPOSITO,2022-06-05T09:29:04,7371.96
3320,4,SANTANDER,MARIA,DEPOSITO,2022-11-16T19:55:22,5778.67
3320,4,SANTANDER,MARIA,DEPOSITO,2022-11-23T14:16:53,6484.25
2870,9,SANTANDER,PAULO,SAQUE,2022-01-15T14:36:10,3121.77
2750,5,SANTANDER,ANA,SAQUE,2022-06-21T02:12:07,9505.25
1044,2,SANTANDER,FELIPE,DEPOSITO,2022-06-15T17:51:57,2910.23
1810,3,SANTANDER,CARLOS,SAQUE,2022-06-12T00:00:40,3472.38
1520,1,SANTANDER,JOAO,SAQUE,2022-11-21T17:11:57,1770.74
3090,6,SANTANDER,PEDRO,SAQUE,2022-01-30T00:07:58,6183.24
4110,7,SANTANDER,LUCAS,SAQUE,2022-03-03T15:34:49,2075.93
2220,2,SANTANDER,JULIA,SAQUE,2022-09-03T02:53:28,1683.24
3320,4,SANTANDER,MARIA,SAQUE,2022-01-14T19:25:30,375.08
1520,1,SANTANDER,JOAO,SAQUE,2022-04-06T05:33:50,997.6
2870,9,SANTANDER,PAULO,SAQUE,2022-02-11T09:08:33,7833.71
3090,6,SANTANDER,PEDRO,DEPOSITO,2022-03-23T15:01:47,6975.8
1260,8,SANTANDER,BEATRIZ,SAQUE,2022-06-25T08:55:40,1084.54
1260,8,SANTANDER,BEATRIZ,DEPOSITO,2022-03-01T00:26:10,2825.21
2750,5,SANTANDER,ANA,DEPOSITO,2022-02-11T16:05:29,4392.85
3090,6,SANTANDER,PEDRO,SAQUE,2022-03-17T09:39:40,9075.96
3090,6,SANTANDER,PEDRO,SAQUE,2022-10-27T23:16:50,5733.93
3320,4,SANTANDER,MARIA,SAQUE,2022-08-30T18:57:21,5006.6
1520,1,SANTANDER,JOAO,DEPOSITO,2022-12-29T14:34:18,468.99
2870,9,SANTANDER,PAULO,SAQUE,2022-03-16T05:29:22,6788.56
1044,2,SANTANDER,FELIPE,DEPOSITO,2022-07-23T12:51:58,5084.93
3090,6,SANTANDER,PEDRO,SAQUE,2022-03-23T21:16:05,1798.14
1810,3,SANTANDER,CARLOS,DEPOSITO,2022-08-28T11:18:33,7144.36
3090,6,SANTANDER,PEDRO,SAQUE,2022-09-22T20:00:13,5331.2
2750,5,SANTANDER,ANA,DEPOSITO,2022-05-25T10:07:24,1273.59
1044,2,SANTANDER,FELIPE,DEPOSITO,2022-01-12T12:56:30,4429.61
1810,3,SANTANDER,CARLOS,SAQUE,2022-10-23T01:28:32,1164.08
1520,1,SANTANDER,JOAO,SAQUE,2022-12-22T09:32:32,9087.59
1260,8,SANTANDER,BEATRIZ,SAQUE,2022-07-26T12:32:09,9683.85
3320,4,SANTANDER,MARIA,SAQUE,2022-02-16T22:45:50,4721.05
4110,7,SANTANDER,LUCAS,SAQUE,2022-08-05T12:59:42,2733.34
1260,8,SANTANDER,BEATRIZ,DEPOSITO,2022-12-26T05:02:14,1101.68
2750,5,SANTANDER,ANA,SAQUE,2022-07-23T13:49:52,3018.27
3090,6,SANTANDER,PEDRO,DEPOSITO,2022-01-07T23:04:17,2854.43
1260,8,SANTANDER,BEATRIZ,SAQUE,2022-07-18T04:04:04,3760.02
1810,3,SANTANDER,CARLOS,DEPOSITO,2022-03-31T09:26:41,5577.99
1810,3,SANTANDER,CARLOS,SAQUE,2022-03-28T03:05:02,1052.25
2870,9,SANTANDER,PAULO,DEPOSITO,2022-01-19T02:23:53,609.48
1810,3,SANTANDER,CARLOS,DEPOSITO,2022-10-17T14:05:56,1138.73
2870,9,SANTANDER,PAULO,DEPOSITO,2022-06-13T03:48:51,3542.56
1520,1,SANTANDER,JOAO,SAQUE,2022-10-31T09:15:56,7606.58
1044,2,SANTANDER,FELIPE,SAQUE,2022-04-23T02:50:07,8208.49
3090,6,SANTANDER,PEDRO,DEPOSITO,2022-01-02T07:14:26,2187.9
4110,7,SANTANDER,LUCAS,DEPOSITO,2022-04-03T20:22:49,6194.84
2870,9,SANTANDER,PAULO,DEPOSITO,2022-04-19T10:21:29,8745.04
2870,9,SANTANDER,PAULO,SAQUE,2022-04-10T07:54:53,9139.45
1520,1,SANTANDER,JOAO,DEPOSITO,2022-08-26T17:32:21,7127.84
1810,3,SANTANDER,CARLOS,DEPOSITO,2022-10-11T02:18:57,9278.8
2750,5,SANTANDER,ANA,SAQUE,2022-03-22T03:00:56,4329.14
4110,7,SANTANDER,LUCAS,DEPOSITO,2022-12-28T22:14:06,4034.91
1044,2,SANTANDER,FELIPE,SAQUE,2022-09-21T23:41:57,366.48
3320,4,SANTANDER,MARIA,DEPOSITO,2022-05-18T15:14:31,3659.23
1044,2,SANTANDER,FELIPE,DEPOSITO,2022-10-28T22:03:57,3603.92
3320,4,SANTANDER,MARIA,DEPOSITO,2022-07-03T11:12:26,1651.32
4110,7,SANTANDER,LUCAS,SAQUE,2022-12-05T17:37:55,3462.39
1044,2,SANTANDER,FELIPE,SAQUE,2022-12-23T12:00:49,745.34
1520,1,SANTANDER,JOAO,SAQUE,2022-09-07T23:47:38,6440.81
3320,4,SANTANDER,MARIA,SAQUE,2022-01-07T15:25:05,7004.97
4110,7,SANTANDER,LUCAS,SAQUE,2022-05-01T20:22:56,6405.26
4110,7,SANTANDER,LUCAS,SAQUE,2022-08-05T06:35:24,2251.7
4110,7,SANTANDER,LUCAS,SAQUE,2022-06-27T22:59:47,9819.59
1044,2,SANTANDER,FELIPE,DEPOSITO,2022-12-04T03:51:29,5880.2
4110,7,SANTANDER,LUCAS,DEPOSITO,2022-10-03T21:52:40,6773.11
2750,5,SANTANDER,ANA,DEPOSITO,2022-08-10T23:08:47,1411.82
1260,8,SANTANDER,BEATRIZ,DEPOSITO,2022-11-07T02:29:32,322.53
1044,2,SANTANDER,FELIPE,SAQUE,2022-04-12T15:49:39,418.67
3320,4,SANTANDER,MARIA,DEPOSITO,2022-12-14T12:28:55,8264.03
1810,3,SANTANDER,CARLOS,SAQUE,2022-05-24T05:06:40,3958.04
1810,3,SANTANDER,CARLOS,SAQUE,2022-09-16T18:14:58,7152.67
2870,9,SANTANDER,PAULO,SAQUE,2022-10-19T19:25:12,3185.25
3320,4,SANTANDER,MARIA,SAQUE,2022-02-24T19:21:40,4456.92
4110,7,SANTANDER,LUCAS,SAQUE,2022-07-10T10:37:07,3075.66
4110,7,SANTANDER,LUCAS,DEPOSITO,2022-10-28T11:07:47,5304.75
4110,7,SANTANDER,LUCAS,SAQUE,2022-10-18T06:46:02,3623.58
2750,5,SANTANDER,ANA,SAQUE,2022-12-16T08:11:49,6918.71
1520,1,SANTANDER,JOAO,SAQUE,2022-09-06T15:52:52,2386.96
4110,7,SANTANDER,LUCAS,SAQUE,2022-12-18T13:17:13,4657.85
1520,1,SANTANDER,JOAO,SAQUE,2022-07-14T04:55:46,2075.58
1810,3,SANTANDER,CARLOS,SAQUE,2022-03-14T10:10:36,4455.09
1810,3,SANTANDER,CARLOS,SAQUE,2022-05-27T04:17:39,6498.93
2750,5,SANTANDER,ANA,DEPOSITO,2022-01-19T19:35:35,1464.36
1044,2,SANTANDER,FELIPE,SAQUE,2022-01-13T20:35:24,895.41
2750,5,SANTANDER,ANA,DEPOSITO,2022-08-13T03:14:34,1135.98
2220,2,SANTANDER,JULIA,SAQUE,2022-11-24T18:02:18,4458.71
3320,4,SANTANDER,MARIA,DEPOSITO,2022-03-02T05:42:33,2368.48
1260,8,SANTANDER,BEATRIZ,SAQUE,2022-10-13T16:39:09,9329.36
2870,9,SANTANDER,PAULO,SAQUE,2022-03-13T22:16:10,3478.99
1810,3,SANTANDER,CARLOS,SAQUE,2022-05-10T07:54:10,9872.67
1810,3,SANTANDER,CARLOS,DEPOSITO,2022-08-14T14:32:13,6758.49
3090,6,SANTANDER,PEDRO,SAQUE,2022-01-10T03:58:39,4813.38
1044,2,SANTANDER,FELIPE,DEPOSITO,2022-09-10T19:02:57,2858.73
3090,6,SANTANDER,PEDRO,DEPOSITO,2022-10-09T03:25:37,6701.4
1810,3,SANTANDER,CARLOS,DEPOSITO,2022-06-16T17:38:47,4917.94
1520,1,SANTANDER,JOAO,DEPOSITO,2022-10-04T07:53:10,4203.38
1044,2,SANTANDER,FELIPE,SAQUE,2022-01-02T17:06:13,4509.69
1260,8,SANTANDER,BEATRIZ,SAQUE,2022-10-22T17:08:43,553.02
2870,9,SANTANDER,PAULO,SAQUE,2022-11-24T12:53:55,7841.48
1044,2,SANTANDER,FELIPE,DEPOSITO,2022-04-14T00:26:36,1200.18
2870,9,SANTANDER,PAULO,SAQUE,2022-06-07T20:13:44,5399.0
2220,2,SANTANDER,JULIA,DEPOSITO,2022-08-05T12:11:48,152.38
1044,2,SANTANDER,FELIPE,SAQUE,2022-08-03T21:50:51,1694.61
3320,4,SANTANDER,MARIA,DEPOSITO,2022-08-01T02:07:44,6491.21
4110,7,SANTANDER,LUCAS,DEPOSITO,2022-04-20T22:11:00,5381.57
4110,7,SANTANDER,LUCAS,DEPOSITO,2022-07-21T19:43:14,3190.36
1520,1,SANTANDER,JOAO,DEPOSITO,2022-06-02T10:01:34,6419.38
3090,6,SANTANDER,PEDRO,DEPOSITO,2022-09-16T01:18:28,8951.66
1260,8,SANTANDER,BEATRIZ,SAQUE,2022-07-04T16:38:19,8449.95
4110,7,SANTANDER,LUCAS,DEPOSITO,2022-12-31T03:40:43,2067.9
1260,8,SANTANDER,BEATRIZ,DEPOSITO,2022-11-21T05:14:40,930.96
1520,1,SANTANDER,JOAO,SAQUE,2022-01-14T05:51:49,2428.83
3320,4,SANTANDER,MARIA,SAQUE,2022-12-12T16:48:26,980.6
1520,1,SANTANDER,JOAO,SAQUE,2022-12-19T16:12:19,8342.15
2220,2,SANTANDER,JULIA,DEPOSITO,2022-10-13T01:16:14,3397.5
3320,4,SANTANDER,MARIA,SAQUE,2022-05-14T21:28:51,6834.76
3090,6,SANTANDER,PEDRO,DEPOSITO,2022-11-14T08:37:09,6172.81
3090,6,SANTANDER,PEDRO,DEPOSITO,2022-04-22T02:48:03,8086.58
2870,9,SANTANDER,PAULO,DEPOSITO,2022-01-06T17:38:36,838.03
3320,4,SANTANDER,MARIA,SAQUE,2022-09-01T18:42:59,4222.69
1260,8,SANTANDER,BEATRIZ,DEPOSITO,2022-11-13T22:43:38,6647.36
1260,8,SANTANDER,BEATRIZ,DEPOSITO,2022-02-11T09:10:48,4329.74
1520,1,SANTANDER,JOAO,DEPOSITO,2022-03-01T16:20:52,5410.78
2220,2,SANTANDER,JULIA,DEPOSITO,2022-01-28T11:46:13,1131.46
2750,5,SANTANDER,ANA,DEPOSITO,2022-09-23T14:18:59,6534.85
1520,1,SANTANDER,JOAO,SAQUE,2022-05-26T17:26:59,4234.96
3320,4,SANTANDER,MARIA,SAQUE,2022-06-09T08:35:22,5670.05
1810,3,SANTANDER,CARLOS,DEPOSITO,2022-03-11T16:23:24,8473.84
3090,6,SANTANDER,PEDRO,DEPOSITO,2022-06-13T16:09:40,3291.88
1810,3,SANTANDER,CARLOS,DEPOSITO,2022-11-22T10:49:29,6944.05
3090,6,SANTANDER,PEDRO,DEPOSITO,2022-07-08T14:40:09,8120.84
1044,2,SANTANDER,FELIPE,SAQUE,2022-10-21T14:13:07,4618.21
3320,4,SANTANDER,MARIA,DEPOSITO,2022-06-27T07:30:28,9548.39
1810,3,SANTANDER,CARLOS,SAQUE,2022-03-13T22:35:59,5233.81
1044,2,SANTANDER,FELIPE,DEPOSITO,2022-01-19T14:51:49,464.07
2220,2,SANTANDER,JULIA,DEPOSITO,2022-05-25T11:47:56,7655.96
1810,3,SANTANDER,CARLOS,SAQUE,2022-07-10T13:29:00,1397.56
1810,3,SANTANDER,CARLOS,DEPOSITO,2022-11-10T09:47:17,9310.8
3320,4,SANTANDER,MARIA,SAQUE,2022-07-26T03:11:15,3850.94
4110,7,SANTANDER,LUCAS,SAQUE,2022-12-15T18:16:28,53.56
3320,4,SANTANDER,MARIA,DEPOSITO,2022-10-31T17:58:52,4240.44
3090,6,SANTANDER,PEDRO,SAQUE,2022-11-27T03:58:04,5248.56
1260,8,SANTANDER,BEATRIZ,DEPOSITO,2022-12-29T23:07:42,2708.34
1810,3,SANTANDER,CARLOS,DEPOSITO,2022-12-16T00:41:01,8514.07
3320,4,SANTANDER,MARIA,DEPOSITO,2022-09-08T09:20:29,1999.12
1044,2,SANTANDER,FELIPE,DEPOSITO,2022-12-30T17:08:21,1722.11
2870,9,SANTANDER,PAULO,DEPOSITO,2022-04-26T20:32:19,8831.05
1810,3,SANTANDER,CARLOS,DEPOSITO,2022-05-27T22:12:48,6693.98
1810,3,SANTANDER,CARLOS,SAQUE,2022-06-11T06:49:00,1911.95
2220,2,SANTANDER,JULIA,DEPOSITO,2022-12-30T20:56:33,4602.67
4110,7,SANTANDER,LUCAS,SAQUE,2022-09-14T21:20:16,343.82
2870,9,SANTANDER,PAULO,DEPOSITO,2022-12-02T11:18:22,2122.69
4110,7,SANTANDER,LUCAS,DEPOSITO,2022-08-29T20:14:51,1204.0
2870,9,SANTANDER,PAULO,DEPOSITO,2022-06-28T10:24:44,1309.73
2220,2,SANTANDER,JULIA,DEPOSITO,2022-08-11T19:55:55,3121.68
2750,5,SANTANDER,ANA,SAQUE,2022-09-24T14:36:19,8633.4
2220,2,SANTANDER,JULIA,SAQUE,2022-08-14T15:48:30,1459.79
1810,3,SANTANDER,CARLOS,DEPOSITO,2022-01-26T04:17:37,6504.8
3090,6,SANTANDER,PEDRO,SAQUE,2022-12-09T13:20:14,8684.31
1044,2,SANTANDER,FELIPE,DEPOSITO,2022-01-21T00:10:01,4466.39
3090,6,SANTANDER,PEDRO,DEPOSITO,2022-08-07T07:50:56,4456.67
3090,6,SANTANDER,PEDRO,SAQUE,2022-05-22T23:33:47,2938.86
3320,4,SANTANDER,MARIA,SAQUE,2022-04-14T12:47:51,1780.29
1044,2,SANTANDER,FELIPE,DEPOSITO,2022-05-18T08:32:41,2053.35
2870,9,SANTANDER,PAULO,SAQUE,2022-04-04T00:06:33,3341.68
1044,2,SANTANDER,FELIPE,DEPOSITO,2022-04-19T21:42:02,7794.06
3320,4,SANTANDER,MARIA,DEPOSITO,2022-11-14T15:34:43,6400.49
3090,6,SANTANDER,PEDRO,DEPOSITO,2022-09-02T03:26:22,3760.0
2750,5,SANTANDER,ANA,SAQUE,2022-09-30T21:56:50,1825.85
2870,9,SANTANDER,PAULO,SAQUE,2022-01-23T15:16:22,4795.6
3090,6,SANTANDER,PEDRO,DEPOSITO,2022-01-04T11:01:27,8906.12
2870,9,SANTANDER,PAULO,SAQUE,2022-07-12T23:06:07,3178.8
3090,6,SANTANDER,PEDRO,DEPOSITO,2022-05-20T01:53:03,7243.11
1260,8,SANTANDER,BEATRIZ,DEPOSITO,2022-05-18T18:36:35,2761.63
2750,5,SANTANDER,ANA,SAQUE,2022-08-30T05:20:24,9106.42
1520,1,SANTANDER,JOAO,DEPOSITO,2022-09-19T07:45:49,8548.03
2220,2,SANTANDER,JULIA,SAQUE,2022-10-21T21:20:51,197.44
2220,2,SANTANDER,JULIA,DEPOSITO,2022-02-18T20:56:46,8992.42
2220,2,SANTANDER,JULIA,SAQUE,2022-01-13T01:04:11,7051.06
1810,3,SANTANDER,CARLOS,SAQUE,2022-05-02T11:16:44,4740.06
1520,1,SANTANDER,JOAO,DEPOSITO,2022-09-06T22:01:54,568.1
2220,2,SANTANDER,JULIA,DEPOSITO,2022-11-22T16:14:33,5625.99
3090,6,SANTANDER,PEDRO,SAQUE,2022-06-15T01:22:24,2467.69
3090,6,SANTANDER,PEDRO,SAQUE,2022-12-02T09:54:01,8544.74
3320,4,SANTANDER,MARIA,SAQUE,2022-08-01T09:47:41,4375.65
2750,5,SANTANDER,ANA,SAQUE,2022-08-18T20:34:50,7645.93
1520,1,SANTANDER,JOAO,DEPOSITO,2022-06-06T13:28:22,2896.61
1810,3,SANTANDER,CARLOS,DEPOSITO,2022-01-21T10:56:40,5363.72
1520,1,SANTANDER,JOAO,DEPOSITO,2022-10-01T17:37:39,2180.2
3320,4,SANTANDER,MARIA,SAQUE,2022-06-09T07:33:14,7563.89
1810,3,SANTANDER,CARLOS,SAQUE,2022-01-17T10:54:17,7738.9
1520,1,SANTANDER,JOAO,DEPOSITO,2022-01-16T17:57:24,82.96
1044,2,SANTANDER,FELIPE,SAQUE,2022-01-22T11:11:51,2543.99
1810,3,SANTANDER,CARLOS,DEPOSITO,2022-12-11T06:03:10,217.95
3090,6,SANTANDER,PEDRO,DEPOSITO,2022-02-06T05:42:30,1447.96
4110,7,SANTANDER,LUCAS,DEPOSITO,2022-01-05T15:21:03,1227.62
1520,1,SANTANDER,JOAO,DEPOSITO,2022-04-24T16:58:02,8618.0
2870,9,SANTANDER,PAULO,SAQUE,2022-09-01T03:38:09,2990.1
1810,3,SANTANDER,CARLOS,SAQUE,2022-04-27T22:31:13,2781.74
1520,1,SANTANDER,JOAO,DEPOSITO,2022-06-04T03:55:15,1591.85
1810,3,SANTANDER,CARLOS,SAQUE,2022-12-25T07:58:40,9615.38
3320,4,SANTANDER,MARIA,SAQUE,2022-02-02T05:47:31,5979.39
3090,6,SANTANDER,PEDRO,DEPOSITO,2022-08-16T22:32:11,3816.81
1044,2,SANTANDER,FELIPE,DEPOSITO,2022-03-17T22:28:33,4779.48
4110,7,SANTANDER,LUCAS,DEPOSITO,2022-06-19T06:18:24,7102.25
3090,6,SANTANDER,PEDRO,SAQUE,2022-06-10T06:34:30,7441.79
1520,1,SANTANDER,JOAO,SAQUE,2022-07-01T23:57:57,7839.77
1044,2,SANTANDER,FELIPE,SAQUE,2022-04-09T20:51:32,7606.88
4110,7,SANTANDER,LUCAS,DEPOSITO,2022-07-08T02:18:26,9376.49
2750,5,SANTANDER,ANA,SAQUE,2022-01-02T03:03:30,9985.29
2870,9,SANTANDER,PAULO,DEPOSITO,2022-11-22T15:28:56,1825.55
1260,8,SANTANDER,BEATRIZ,DEPOSITO,2022-06-11T03:24:37,1273.03
4110,7,SANTANDER,LUCAS,SAQUE,2022-04-20T17:24:19,9206.22
1044,2,SANTANDER,FELIPE,DEPOSITO,2022-03-09T00:55:39,2207.65
3090,6,SANTANDER,PEDRO,SAQUE,2022-02-27T21:30:26,3457.96
1044,2,SANTANDER,FELIPE,SAQUE,2022-03-19T06:51:55,3540.67
1044,2,SANTANDER,FELIPE,SAQUE,2022-10-20T18:24:33,6507.73
4110,7,SANTANDER,LUCAS,SAQUE,2022-12-28T20:31:33,7182.13
3320,4,SANTANDER,MARIA,DEPOSITO,2022-03-22T22:21:54,65.08
1810,3,SANTANDER,CARLOS,SAQUE,2022-04-09T13:02:31,527.18
2750,5,SANTANDER,ANA,SAQUE,2022-12-13T16:15:09,8903.93
1044,2,SANTANDER,FELIPE,DEPOSITO,2022-08-26T14:51:55,8440.84
2870,9,SANTANDER,PAULO,DEPOSITO,2022-09-26T23:04:45,2047.08
2750,5,SANTANDER,ANA,DEPOSITO,2022-02-21T01:44:48,1157.64
1044,2,SANTANDER,FELIPE,DEPOSITO,2022-07-26T18:55:48,2373.24
2750,5,SANTANDER,ANA,SAQUE,2022-11-03T02:28:45,9849.84
1044,2,SANTANDER,FELIPE,SAQUE,2022-08-02T09:17:18,4659.45
1520,1,SANTANDER,JOAO,SAQUE,2022-01-29T16:27:57,7328.32
1810,3,SANTANDER,CARLOS,SAQUE,2022-06-14T04:59:41,4439.97
4110,7,SANTANDER,LUCAS,SAQUE,2022-03-14T06:20:49,8937.45
4110,7,SANTANDER,LUCAS,SAQUE,2022-03-03T15:29:23,8394.21
1810,3,SANTANDER,CARLOS,DEPOSITO,2022-01-26T13:57:53,9157.13
1520,1,SANTANDER,JOAO,DEPOSITO,2022-01-20T09:15:06,5835.51
4110,7,SANTANDER,LUCAS,DEPOSITO,2022-02-17T14:53:39,8845.93
1260,8,SANTANDER,BEATRIZ,DEPOSITO,2022-10-04T12:45:05,9156.65
2750,5,SANTANDER,ANA,DEPOSITO,2022-11-15T05:02:23,2073.2
1810,3,SANTANDER,CARLOS,SAQUE,2022-10-31T03:09:53,9810.94
4110,7,SANTANDER,LUCAS,SAQUE,2022-03-10T01:42:56,9292.33
1810,3,SANTANDER,CARLOS,DEPOSITO,2022-11-18T22:21:21,5174.32
2220,2,SANTANDER,JULIA,SAQUE,2022-04-26T16:23:18,6368.1
1810,3,SANTANDER,CARLOS,SAQUE,2022-12-20T08:07:53,5354.69
4110,7,SANTANDER,LUCAS,SAQUE,2022-04-17T04:40:25,1004.37
3090,6,SANTANDER,PEDRO,SAQUE,2022-07-19T17:05:53,155.97
1044,2,SANTANDER,FELIPE,DEPOSITO,2022-11-06T15:30:49,3545.07
3320,4,SANTANDER,MARIA,SAQUE,2022-05-08T08:34:19,1266.25
2750,5,SANTANDER,ANA,DEPOSITO,2022-09-08T18:09:57,9632.59
3090,6,SANTANDER,PEDRO,SAQUE,2022-07-01T10:24:35,5766.17
1260,8,SANTANDER,BEATRIZ,DEPOSITO,2022-05-31T20:44:55,5274.3
1260,8,SANTANDER,BEATRIZ,SAQUE,2022-10-23T13:35:38,9045.15
3320,4,SANTANDER,MARIA,SAQUE,2022-11-17T19:39:26,915.39
1044,2,SANTANDER,FELIPE,DEPOSITO,2022-09-12T17:26:51,1125.19
2220,2,SANTANDER,JULIA,DEPOSITO,2022-08-23T04:22:48,5794.37
1520,1,SANTANDER,JOAO,DEPOSITO,2022-07-22T20:33:22,4700.37
3320,4,SANTANDER,MARIA,SAQUE,2022-12-05T03:30:32,3375.83
2750,5,SANTANDER,ANA,DEPOSITO,2022-01-08T15:21:28,1874.12
1810,3,SANTANDER,CARLOS,DEPOSITO,2022-08-13T22:36:52,6018.17
3320,4,SANTANDER,MARIA,DEPOSITO,2022-08-28T10:39:10,2198.21
1810,3,SANTANDER,CARLOS,SAQUE,2022-02-24T12:10:54,9204.9
3320,4,SANTANDER,MARIA,DEPOSITO,2022-05-12T08:05:10,9634.45
2750,5,SANTANDER,ANA,DEPOSITO,2022-01-25T02:43:59,1121.94
3320,4,SANTANDER,MARIA,SAQUE,2022-02-18T21:12:21,317.3
2750,5,SANTANDER,ANA,SAQUE,2022-08-10T00:31:08,9857.45
1520,1,SANTANDER,JOAO,SAQUE,2022-05-08T14:26:03,1100.87
2220,2,SANTANDER,JULIA,DEPOSITO,2022-05-22T14:35:11,6529.8
2870,9,SANTANDER,PAULO,DEPOSITO,2022-10-26T09:29:40,1341.86
2220,2,SANTANDER,JULIA,DEPOSITO,2022-08-30T22:31:18,7005.8
3090,6,SANTANDER,PEDRO,DEPOSITO,2022-04-13T01:09:24,553.04
1044,2,SANTANDER,FELIPE,DEPOSITO,2022-05-16T13:26:01,8162.66
2220,2,SANTANDER,JULIA,SAQUE,2022-09-27T08:40:59,5284.32
2870,9,SANTANDER,PAULO,SAQUE,2022-11-05T19:02:25,7733.31
2220,2,SANTANDER,JULIA,SAQUE,2022-05-06T15:43:23,1063.52
3090,6,SANTANDER,PEDRO,SAQUE,2022-08-14T10:44:26,9367.41
1810,3,SANTANDER,CARLOS,SAQUE,2022-08-06T04:14:39,7859.4
1810,3,SANTANDER,CARLOS,DEPOSITO,2022-07-15T09:39:52,7263.54
2750,5,SANTANDER,ANA,DEPOSITO,2022-03-22T09:10:04,7845.22
1520,1,SANTANDER,JOAO,DEPOSITO,2022-04-14T09:41:53,7912.17
2750,5,SANTANDER,ANA,DEPOSITO,2022-03-24T19:16:52,7179.54
3320,4,SANTANDER,MARIA,SAQUE,2022-11-23T06:08:27,5278.32
1260,8,SANTANDER,BEATRIZ,SAQUE,2022-12-20T16:08:25,8319.95
2750,5,SANTANDER,ANA,DEPOSITO,2022-12-17T11:44:40,8874.09
2750,5,SANTANDER,ANA,DEPOSITO,2022-07-27T23:10:43,6635.88
3320,4,SANTANDER,MARIA,SAQUE,2022-02-04T15:28:33,3586.85
1520,1,SANTANDER,JOAO,SAQUE,2022-03-20T11:29:37,4199.99
3320,4,SANTANDER,MARIA,SAQUE,2022-04-01T01:10:46,3621.74
1810,3,SANTANDER,CARLOS,SAQUE,2022-05-06T00:58:24,4346.89
1810,3,SANTANDER,CARLOS,DEPOSITO,2022-12-26T04:19:08,7592.28
3090,6,SANTANDER,PEDRO,SAQUE,2022-08-23T22:21:21,1447.12
2220,2,SANTANDER,JULIA,DEPOSITO,2022-10-17T15:00:48,9792.38
4110,7,SANTANDER,LUCAS,SAQUE,2022-06-21T07:11:21,9149.76
2870,9,SANTANDER,PAULO,DEPOSITO,2022-06-18T11:54:00,3869.11
1520,1,SANTANDER,JOAO,SAQUE,2022-11-18T04:43:57,2860.74
3320,4,SANTANDER,MARIA,DEPOSITO,2022-02-09T07:53:52,9573.6
2750,5,SANTANDER,ANA,SAQUE,2022-10-24T06:06:12,9473.88
4110,7,SANTANDER,LUCAS,DEPOSITO,2022-05-09T21:09:55,202.28
2220,2,SANTANDER,JULIA,DEPOSITO,2022-01-08T11:50:37,2097.81
4110,7,SANTANDER,LUCAS,SAQUE,2022-06-21T05:37:13,8972.12
1520,1,SANTANDER,JOAO,SAQUE,2022-12-07T00:07:23,4616.05
3320,4,SANTANDER,MARIA,SAQUE,2022-02-17T01:20:01,7408.53
1810,3,SANTANDER,CARLOS,DEPOSITO,2022-01-02T15:48:12,4642.61
2220,2,SANTANDER,JULIA,SAQUE,2022-01-15T21:02:24,7481.26
4110,7,SANTANDER,LUCAS,DEPOSITO,2022-04-22T07:26:34,1379.51
1044,2,SANTANDER,FELIPE,SAQUE,2022-11-05T00:24:51,3547.39
3320,4,SANTANDER,MARIA,SAQUE,2022-07-08T20:51:04,5907.7
3320,4,SANTANDER,MARIA,DEPOSITO,2022-02-12T04:53:30,6854.2
2750,5,SANTANDER,ANA,SAQUE,2022-05-14T03:27:52,774.3
2870,9,SANTANDER,PAULO,SAQUE,2022-03-16T16:00:00,2874.28
1810,3,SANTANDER,CARLOS,DEPOSITO,2022-01-25T17:30:47,7828.66
4110,7,SANTANDER,LUCAS,SAQUE,2022-09-22T05:49:20,723.27
1520,1,SANTANDER,JOAO,DEPOSITO,2022-10-05T11:56:48,4106.45
1260,8,SANTANDER,BEATRIZ,SAQUE,2022-10-26T22:56:37,3464.95
3320,4,SANTANDER,MARIA,DEPOSITO,2022-03-02T12:43:30,793.39
1260,8,SANTANDER,BEATRIZ,SAQUE,2022-09-08T14:14:56,8393.48
1260,8,SANTANDER,BEATRIZ,SAQUE,2022-02-23T17:12:29,4845.55
2750,5,SANTANDER,ANA,DEPOSITO,2022-12-17T23:11:26,3108.19
2870,9,SANTANDER,PAULO,SAQUE,2022-11-22T23:16:39,397.37
1520,1,SANTANDER,JOAO,SAQUE,2022-12-02T09:35:54,2440.9
2870,9,SANTANDER,PAULO,DEPOSITO,2022-08-15T00:33:19,6034.75
3320,4,SANTANDER,MARIA,DEPOSITO,2022-08-01T10:22:11,7727.62
2220,2,SANTANDER,JULIA,SAQUE,2022-08-20T22:04:07,4522.77
2870,9,SANTANDER,PAULO,DEPOSITO,2022-08-10T06:56:35,4992.6
3320,4,SANTANDER,MARIA,DEPOSITO,2022-10-27T14:32:00,448.58
2750,5,SANTANDER,ANA,DEPOSITO,2022-06-04T22:46:56,6024.99
2750,5,SANTANDER,ANA,DEPOSITO,2022-04-04T04:36:40,6886.54
3090,6,SANTANDER,PEDRO,SAQUE,2022-10-21T18:24:12,9249.74
1260,8,SANTANDER,BEATRIZ,SAQUE,2022-03-26T12:54:27,1449.04
3320,4,SANTANDER,MARIA,SAQUE,2022-12-26T19:18:33,1997.94
3320,4,SANTANDER,MARIA,DEPOSITO,2022-11-10T17:51:12,2650.11
2220,2,SANTANDER,JULIA,SAQUE,2022-02-13T15:58:43,8901.6
4110,7,SANTANDER,LUCAS,SAQUE,2022-12-11T05:23:04,2063.94
4110,7,SANTANDER,LUCAS,SAQUE,2022-02-17T17:41:41,7147.45
1044,2,SANTANDER,FELIPE,SAQUE,2022-12-02T07:27:28,6583.66
2750,5,SANTANDER,ANA,DEPOSITO,2022-02-12T01:44:24,5679.79
1044,2,SANTANDER,FELIPE,DEPOSITO,2022-01-21T01:46:50,7838.98
4110,7,SANTANDER,LUCAS,DEPOSITO,2022-04-26T01:18:24,8163.76
2220,2,SANTANDER,JULIA,SAQUE,2022-11-11T18:20:49,7166.06
1044,2,SANTANDER,FELIPE,DEPOSITO,2022-03-03T21:53:32,5141.91
3320,4,SANTANDER,MARIA,DEPOSITO,2022-04-27T12:25:42,8185.89
1520,1,SANTANDER,JOAO,DEPOSITO,2022-08-02T14:12:52,3226.76
4110,7,SANTANDER,LUCAS,DEPOSITO,2022-05-14T09:29:11,1069.91
2220,2,SANTANDER,JULIA,DEPOSITO,2022-07-21T08:41:04,1492.15
4110,7,SANTANDER,LUCAS,DEPOSITO,2022-07-16T01:01:56,8430.31
4110,7,SANTANDER,LUCAS,DEPOSITO,2022-02-13T23:25:28,6230.81
3090,6,SANTANDER,PEDRO,DEPOSITO,2022-09-10T06:51:15,9513.99
1520,1,SANTANDER,JOAO,DEPOSITO,2022-07-17T16:26:56,9193.6
4110,7,SANTANDER,LUCAS,SAQUE,2022-08-24T06:11:29,6549.32
1044,2,SANTANDER,FELIPE,DEPOSITO,2022-02-02T05:20:32,29.35
1260,8,SANTANDER,BEATRIZ,SAQUE,2022-06-08T18:05:29,9425.86
2870,9,SANTANDER,PAULO,SAQUE,2022-05-07T02:52:24,2327.45
1260,8,SANTANDER,BEATRIZ,SAQUE,2022-07-25T16:10:57,7204.77
2750,5,SANTANDER,ANA,DEPOSITO,2022-03-03T03:53:57,1582.22
4110,7,SANTANDER,LUCAS,DEPOSITO,2022-04-02T03:04:19,1054.55
1520,1,SANTANDER,JOAO,DEPOSITO,2022-02-25T20:52:07,4971.74
2870,9,SANTANDER,PAULO,SAQUE,2022-07-31T11:39:27,3258.1
2750,5,SANTANDER,ANA,DEPOSITO,2022-12-03T20:23:11,8228.28
1810,3,SANTANDER,CARLOS,DEPOSITO,2022-11-03T07:59:13,6453.28
1260,8,SANTANDER,BEATRIZ,SAQUE,2022-03-09T17:48:24,9194.87
3320,4,SANTANDER,MARIA,DEPOSITO,2022-11-22T23:22:40,8494.88
4110,7,SANTANDER,LUCAS,DEPOSITO,2022-12-24T10:52:31,3902.85
3320,4,SANTANDER,MARIA,DEPOSITO,2022-07-17T01:36:23,3843.24
3090,6,SANTANDER,PEDRO,DEPOSITO,2022-10-06T02:26:10,8271.32
1044,2,SANTANDER,FELIPE,SAQUE,2022-12-11T10:13:10,2417.27
4110,7,SANTANDER,LUCAS,DEPOSITO,2022-06-27T18:29:18,43.65
4110,7,SANTANDER,LUCAS,SAQUE,2022-11-25T07:57:30,8072.92
3090,6,SANTANDER,PEDRO,SAQUE,2022-07-30T05:56:30,2070.35
2750,5,SANTANDER,ANA,DEPOSITO,2022-12-28T07:09:38,6235.89
2750,5,SANTANDER,ANA,SAQUE,2022-01-12T14:15:43,1010.54
1260,8,SANTANDER,BEATRIZ,DEPOSITO,2022-07-27T17:19:49,687.45
1044,2,SANTANDER,FELIPE,SAQUE,2022-02-07T19:02:39,5155.4
2870,9,SANTANDER,PAULO,DEPOSITO,2022-03-25T10:16:39,6240.54
4110,7,SANTANDER,LUCAS,SAQUE,2022-08-20T04:02:51,1854.57
1044,2,SANTANDER,FELIPE,SAQUE,2022-06-19T00:16:58,3070.01
3090,6,SANTANDER,PEDRO,SAQUE,2022-08-14T10:44:26,9367.41
1044,2,SANTANDER,FELIPE,SAQUE,2022-06-23T08:50:58,9945.28
3090,6,SANTANDER,PEDRO,DEPOSITO,2022-05-01T00:55:51,2340.21
1520,1,SANTANDER,JOAO,SAQUE,2022-08-03T23:36:05,2859.04
2870,9,SANTANDER,PAULO,DEPOSITO,2022-11-13T15:06:12,7347.41
2220,2,SANTANDER,JULIA,DEPOSITO,2022-04-28T05:12:21,4521.68
3090,6,SANTANDER,PEDRO,SAQUE,2022-06-29T08:39:03,1362.13
3090,6,SANTANDER,PEDRO,SAQUE,2022-09-26T08:07:10,7111.38
2220,2,SANTANDER,JULIA,SAQUE,2022-08-05T10:43:22,5868.89
2870,9,SANTANDER,PAULO,SAQUE,2022-02-17T21:45:48,7682.55
1260,8,SANTANDER,BEATRIZ,DEPOSITO,2022-12-20T03:17:30,844.46
4110,7,SANTANDER,LUCAS,SAQUE,2022-05-28T19:33:13,971.0
1044,2,SANTANDER,FELIPE,SAQUE,2022-06-10T22:30:56,3744.15
3090,6,SANTANDER,PEDRO,SAQUE,2022-09-12T16:56:48,8003.01
2750,5,SANTANDER,ANA,DEPOSITO,2022-09-03T05:39:48,9750.97
3320,4,SANTANDER,MARIA,SAQUE,2022-12-27T22:09:28,7759.79
1520,1,SANTANDER,JOAO,DEPOSITO,2022-03-08T10:50:19,6555.25
1260,8,SANTANDER,BEATRIZ,SAQUE,2022-09-24T07:13:05,7399.73
2870,9,SANTANDER,PAULO,DEPOSITO,2022-04-03T01:50:27,1174.77
3320,4,SANTANDER,MARIA,DEPOSITO,2022-12-14T07:37:16,6483.99
1044,2,SANTANDER,FELIPE,SAQUE,2022-01-24T21:53:31,3789.62
3320,4,SANTANDER,MARIA,DEPOSITO,2022-04-30T17:29:46,7211.4
2220,2,SANTANDER,JULIA,DEPOSITO,2022-04-11T21:47:30,9267.73
2750,5,SANTANDER,ANA,DEPOSITO,2022-05-27T15:30:44,4388.52
3320,4,SANTANDER,MARIA,SAQUE,2022-06-30T11:46:43,4497.1
2220,2,SANTANDER,JULIA,SAQUE,2022-07-28T03:59:04,1845.29
1810,3,SANTANDER,CARLOS,SAQUE,2022-10-15T23:24:38,1434.05
1260,8,SANTANDER,BEATRIZ,SAQUE,2022-03-24T04:07:53,606.44
2220,2,SANTANDER,JULIA,SAQUE,2022-03-10T13:10:20,2224.61
4110,7,SANTANDER,LUCAS,DEPOSITO,2022-10-03T15:18:25,9745.82
2750,5,SANTANDER,ANA,DEPOSITO,2022-02-01T06:17:48,4241.37
3090,6,SANTANDER,PEDRO,SAQUE,2022-10-26T07:12:59,3549.31
2870,9,SANTANDER,PAULO,DEPOSITO,2022-01-07T11:32:25,6552.26
1520,1,SANTANDER,JOAO,DEPOSITO,2022-06-17T14:54:27,2704.08
1044,2,SANTANDER,FELIPE,DEPOSITO,2022-11-14T00:44:36,8052.32
2870,9,SANTANDER,PAULO,SAQUE,2022-05-09T03:47:45,4327.47
3090,6,SANTANDER,PEDRO,SAQUE,2022-01-05T20:52:41,5690.2
1260,8,SANTANDER,BEATRIZ,DEPOSITO,2022-09-05T03:23:49,6745.47
1044,2,SANTANDER,FELIPE,SAQUE,2022-01-08T02:50:02,4566.32
3320,4,SANTANDER,MARIA,SAQUE,2022-01-26T15:39:42,2864.17
1810,3,SANTANDER,CARLOS,SAQUE,2022-12-20T17:15:23,7861.13
2870,9,SANTANDER,PAULO,SAQUE,2022-01-26T09:55:50,914.19
1520,1,SANTANDER,JOAO,DEPOSITO,2022-11-12T02:16:49,4190.52
3090,6,SANTANDER,PEDRO,SAQUE,2022-09-07T11:37:22,353.32
2870,9,SANTANDER,PAULO,DEPOSITO,2022-01-17T06:43:10,7064.72
2750,5,SANTANDER,ANA,DEPOSITO,2022-05-23T06:55:17,8252.36
3090,6,SANTANDER,PEDRO,DEPOSITO,2022-07-26T15:29:50,1256.71
1810,3,SANTANDER,CARLOS,SAQUE,2022-06-30T16:06:47,2698.95
2750,5,SANTANDER,ANA,SAQUE,2022-02-19T16:01:26,1992.17
4110,7,SANTANDER,LUCAS,DEPOSITO,2022-02-25T21:05:01,8653.4
3320,4,SANTANDER,MARIA,DEPOSITO,2022-03-12T00:50:44,8189.24
4110,7,SANTANDER,LUCAS,SAQUE,2022-03-04T23:10:56,5083.11
1810,3,SANTANDER,CARLOS,DEPOSITO,2022-12-24T05:37:23,748.72
2750,5,SANTANDER,ANA,SAQUE,2022-04-11T02:18:13,3783.82
2870,9,SANTANDER,PAULO,DEPOSITO,2022-03-25T16:27:12,1566.08
2750,5,SANTANDER,ANA,DEPOSITO,2022-12-13T01:25:25,9336.65
1260,8,SANTANDER,BEATRIZ,DEPOSITO,2022-05-15T08:45:15,9826.34
3090,6,SANTANDER,PEDRO,SAQUE,2022-07-11T07:54:06,3843.85
1260,8,SANTANDER,BEATRIZ,DEPOSITO,2022-10-10T16:01:39,4253.74
4110,7,SANTANDER,LUCAS,DEPOSITO,2022-05-29T19:41:54,8037.54
1260,8,SANTANDER,BEATRIZ,SAQUE,2022-05-20T13:08:32,8324.42
1810,3,SANTANDER,CARLOS,SAQUE,2022-03-31T18:28:31,1655.09
1810,3,SANTANDER,CARLOS,SAQUE,2022-11-22T11:54:52,5953.79
2220,2,SANTANDER,JULIA,SAQUE,2022-12-08T03:04:05,7834.62
2220,2,SANTANDER,JULIA,SAQUE,2022-01-22T00:31:58,435.38
2750,5,SANTANDER,ANA,SAQUE,2022-10-25T10:20:45,8664.88
2750,5,SANTANDER,ANA,DEPOSITO,2022-10-24T20:09:16,4184.43
2870,9,SANTANDER,PAULO,DEPOSITO,2022-01-12T15:30:09,2249.64
1260,8,SANTANDER,BEATRIZ,SAQUE,2022-12-09T14:04:38,5415.78
2870,9,SANTANDER,PAULO,SAQUE,2022-05-05T22:43:15,8844.88
2870,9,SANTANDER,PAULO,SAQUE,2022-01-08T14:44:31,6455.06
1044,2,SANTANDER,FELIPE,SAQUE,2022-07-21T18:59:04,171.44
2220,2,SANTANDER,JULIA,DEPOSITO,2022-08-29T23:12:44,8822.9
1260,8,SANTANDER,BEATRIZ,SAQUE,2022-01-23T15:30:08,3615.77
1260,8,SANTANDER,BEATRIZ,DEPOSITO,2022-11-21T08:42:42,5262.92
2750,5,SANTANDER,ANA,DEPOSITO,2022-11-24T00:19:44,4962.79
1044,2,SANTANDER,FELIPE,SAQUE,2022-02-04T22:46:45,1319.24
3090,6,SANTANDER,PEDRO,SAQUE,2022-12-01T02:47:01,6759.86
3320,4,SANTANDER,MARIA,SAQUE,2022-05-02T06:55:17,5948.3
1260,8,SANTANDER,BEATRIZ,DEPOSITO,2022-11-12T23:30:47,3555.91
3090,6,SANTANDER,PEDRO,DEPOSITO,2022-06-02T21:43:21,6310.27
2220,2,SANTANDER,JULIA,DEPOSITO,2022-05-26T21:30:09,7212.33
3090,6,SANTANDER,PEDRO,SAQUE,2022-09-02T09:50:03,6458.91
1044,2,SANTANDER,FELIPE,DEPOSITO,2022-09-01T14:58:37,7292.56
3320,4,SANTANDER,MARIA,SAQUE,2022-07-08T02:14:16,4873.66
2750,5,SANTANDER,ANA,DEPOSITO,2022-11-14T10:28:47,9749.8
3320,4,SANTANDER,MARIA,DEPOSITO,2022-09-23T15:20:44,2447.89
1520,1,SANTANDER,JOAO,SAQUE,2022-10-20T17:17:14,8899.51
3090,6,SANTANDER,PEDRO,SAQUE,2022-04-18T02:40:46,5227.11
2750,5,SANTANDER,ANA,SAQUE,2022-05-26T10:39:20,6548.94
1520,1,SANTANDER,JOAO,DEPOSITO,2022-06-28T08:15:02,4833.99
2870,9,SANTANDER,PAULO,SAQUE,2022-08-07T00:06:04,5332.74
1044,2,SANTANDER,FELIPE,DEPOSITO,2022-11-25T15:12:37,3042.5
1260,8,SANTANDER,BEATRIZ,SAQUE,2022-10-19T04:59:48,8300.15
1520,1,SANTANDER,JOAO,DEPOSITO,2022-09-13T00:56:27,4429.83
3320,4,SANTANDER,MARIA,SAQUE,2022-06-01T01:53:07,2927.2
4110,7,SANTANDER,LUCAS,SAQUE,2022-12-19T18:06:12,1666.07
3090,6,SANTANDER,PEDRO,DEPOSITO,2022-09-04T13:07:27,9146.34
2220,2,SANTANDER,JULIA,SAQUE,2022-05-25T04:42:34,7320.24
3090,6,SANTANDER,PEDRO,SAQUE,2022-05-01T22:11:13,8652.96
3320,4,SANTANDER,MARIA,DEPOSITO,2022-06-19T01:23:32,64.73
4110,7,SANTANDER,LUCAS,SAQUE,2022-04-16T04:52:06,4883.41
1810,3,SANTANDER,CARLOS,SAQUE,2022-09-01T13:45:34,1081.85
3320,4,SANTANDER,MARIA,DEPOSITO,2022-08-13T16:05:30,8049.02
2220,2,SANTANDER,JULIA,DEPOSITO,2022-11-30T19:59:31,6003.34
1810,3,SANTANDER,CARLOS,DEPOSITO,2022-12-20T00:04:14,847.02
1810,3,SANTANDER,CARLOS,SAQUE,2022-11-09T14:27:55,1459.74
4110,7,SANTANDER,LUCAS,SAQUE,2022-10-13T20:23:27,781.24
2870,9,SANTANDER,PAULO,SAQUE,2022-07-08T07:45:25,4542.09
3320,4,SANTANDER,MARIA,DEPOSITO,2022-10-30T15:31:07,3738.1
2870,9,SANTANDER,PAULO,DEPOSITO,2022-09-19T09:13:29,5369.19
1810,3,SANTANDER,CARLOS,DEPOSITO,2022-08-05T19:38:24,6162.57
1044,2,SANTANDER,FELIPE,SAQUE,2022-05-02T05:00:03,9958.44
1810,3,SANTANDER,CARLOS,SAQUE,2022-06-30T02:39:05,9190.77
2750,5,SANTANDER,ANA,DEPOSITO,2022-06-28T15:21:33,8632.07
1810,3,SANTANDER,CARLOS,DEPOSITO,2022-05-08T16:44:37,4234.25
3090,6,SANTANDER,PEDRO,DEPOSITO,2022-07-10T03:17:49,2051.96
2220,2,SANTANDER,JULIA,SAQUE,2022-02-11T09:49:11,1201.4
2750,5,SANTANDER,ANA,DEPOSITO,2022-12-01T12:31:49,4679.12
4110,7,SANTANDER,LUCAS,SAQUE,2022-10-06T09:11:17,7081.41
1520,1,SANTANDER,JOAO,DEPOSITO,2022-06-16T21:02:00,5418.71
2870,9,SANTANDER,PAULO,DEPOSITO,2022-03-18T15:16:45,1516.83
3320,4,SANTANDER,MARIA,SAQUE,2022-05-26T05:22:19,5275.37
3090,6,SANTANDER,PEDRO,DEPOSITO,2022-08-10T19:18:14,6237.91
1810,3,SANTANDER,CARLOS,DEPOSITO,2022-05-18T12:55:10,6225.84
1520,1,SANTANDER,JOAO,DEPOSITO,2022-08-22T10:29:25,2417.43
3090,6,SANTANDER,PEDRO,SAQUE,2022-09-06T04:33:43,4853.98
2750,5,SANTANDER,ANA,DEPOSITO,2022-03-12T10:34:35,8090.21
2870,9,SANTANDER,PAULO,SAQUE,2022-11-28T07:34:20,2419.14
3090,6,SANTANDER,PEDRO,SAQUE,2022-08-13T10:53:59,923.14
1260,8,SANTANDER,BEATRIZ,SAQUE,2022-06-23T20:44:09,3244.78
1810,3,SANTANDER,CARLOS,DEPOSITO,2022-10-05T13:46:12,2679.36
1810,3,SANTANDER,CARLOS,DEPOSITO,2022-04-15T11:37:01,1637.82
2220,2,SANTANDER,JULIA,SAQUE,2022-12-24T18:44:45,2926.85
1810,3,SANTANDER,CARLOS,DEPOSITO,2022-05-21T15:02:16,7521.43
4110,7,SANTANDER,LUCAS,DEPOSITO,2022-04-22T16:25:57,3573.37
3090,6,SANTANDER,PEDRO,DEPOSITO,2022-11-26T23:23:20,1137.38
4110,7,SANTANDER,LUCAS,SAQUE,2022-12-02T07:16:30,1350.6
1520,1,SANTANDER,JOAO,SAQUE,2022-01-12T18:23:11,5967.83
4110,7,SANTANDER,LUCAS,DEPOSITO,2022-02-13T04:28:47,1914.01
2220,2,SANTANDER,JULIA,DEPOSITO,2022-05-07T23:26:40,8570.15
1260,8,SANTANDER,BEATRIZ,DEPOSITO,2022-02-21T04:29:37,4592.52
4110,7,SANTANDER,LUCAS,DEPOSITO,2022-05-15T23:32:03,9332.5
3090,6,SANTANDER,PEDRO,DEPOSITO,2022-02-24T13:52:25,3660.59
3090,6,SANTANDER,PEDRO,DEPOSITO,2022-02-26T08:32:58,505.02
2220,2,SANTANDER,JULIA,DEPOSITO,2022-03-08T05:09:56,9508.1
2220,2,SANTANDER,JULIA,DEPOSITO,2022-02-16T01:49:00,3971.15
3320,4,SANTANDER,MARIA,DEPOSITO,2022-10-28T02:17:09,3313.11
2870,9,SANTANDER,PAULO,DEPOSITO,2022-11-30T15:10:01,4923.51
1044,2,SANTANDER,FELIPE,DEPOSITO,2022-12-30T22:14:04,8758.6
4110,7,SANTANDER,LUCAS,DEPOSITO,2022-08-12T19:50:33,2482.03
3090,6,SANTANDER,PEDRO,DEPOSITO,2022-05-02T05:36:02,4469.74
2870,9,SANTANDER,PAULO,SAQUE,2022-09-07T08:00:21,3066.67
1044,2,SANTANDER,FELIPE,SAQUE,2022-05-11T01:03:00,9127.63
2750,5,SANTANDER,ANA,DEPOSITO,2022-04-11T16:30:14,3234.14
2220,2,SANTANDER,JULIA,SAQUE,2022-05-18T18:19:19,906.92
3320,4,SANTANDER,MARIA,SAQUE,2022-12-13T15:01:46,8273.94
2750,5,SANTANDER,ANA,SAQUE,2022-09-19T08:00:23,6314.98
1044,2,SANTANDER,FELIPE,SAQUE,2022-12-30T16:54:38,9701.72
3320,4,SANTANDER,MARIA,SAQUE,2022-06-25T08:21:25,5384.38
1044,2,SANTANDER,FELIPE,DEPOSITO,2022-09-21T18:13:24,1820.42
4110,7,SANTANDER,LUCAS,DEPOSITO,2022-07-11T16:01:51,4802.01
1810,3,SANTANDER,CARLOS,DEPOSITO,2022-10-15T02:02:15,9986.9
1260,8,SANTANDER,BEATRIZ,DEPOSITO,2022-05-26T21:56:07,654.66
1810,3,SANTANDER,CARLOS,DEPOSITO,2022-02-15T18:35:30,7971.25
1810,3,SANTANDER,CARLOS,SAQUE,2022-01-24T03:08:02,7974.05
2870,9,SANTANDER,PAULO,DEPOSITO,2022-05-07T08:59:34,9627.38
4110,7,SANTANDER,LUCAS,DEPOSITO,2022-07-21T07:38:06,1682.99
3320,4,SANTANDER,MARIA,SAQUE,2022-09-29T03:19:48,7378.15
1520,1,SANTANDER,JOAO,DEPOSITO,2022-04-03T22:34:52,1758.02
2220,2,SANTANDER,JULIA,DEPOSITO,2022-02-01T15:02:37,7088.19
1260,8,SANTANDER,BEATRIZ,SAQUE,2022-10-15T09:07:12,8042.61
4110,7,SANTANDER,LUCAS,DEPOSITO,2022-05-03T20:36:28,9399.1
1260,8,SANTANDER,BEATRIZ,DEPOSITO,2022-01-30T23:27:44,6464.8
3320,4,SANTANDER,MARIA,DEPOSITO,2022-07-12T08:20:57,8370.55
3090,6,SANTANDER,PEDRO,SAQUE,2022-11-12T22:00:41,1449.49
4110,7,SANTANDER,LUCAS,DEPOSITO,2022-08-24T16:51:42,5784.62
3090,6,SANTANDER,PEDRO,SAQUE,2022-09-05T23:00:10,6647.06
1044,2,SANTANDER,FELIPE,DEPOSITO,2022-12-15T04:20:34,7421.7
1260,8,SANTANDER,BEATRIZ,SAQUE,2022-08-30T13:11:45,4767.84
2750,5,SANTANDER,ANA,DEPOSITO,2022-01-12T19:48:10,915.88
1260,8,SANTANDER,BEATRIZ,SAQUE,2022-04-16T13:25:10,666.25
1520,1,SANTANDER,JOAO,SAQUE,2022-02-03T22:25:18,6716.01
2220,2,SANTANDER,JULIA,SAQUE,2022-04-15T18:19:49,6555.82
2870,9,SANTANDER,PAULO,DEPOSITO,2022-04-27T11:36:39,8685.42
4110,7,SANTANDER,LUCAS,SAQUE,2022-06-17T08:20:27,461.68
1810,3,SANTANDER,CARLOS,DEPOSITO,2022-12-13T19:42:21,2879.99
4110,7,SANTANDER,LUCAS,DEPOSITO,2022-03-17T21:03:35,6442.53
4110,7,SANTANDER,LUCAS,SAQUE,2022-06-03T00:42:20,8810.36
1260,8,SANTANDER,BEATRIZ,DEPOSITO,2022-05-10T23:27:43,4710.03
1520,1,SANTANDER,JOAO,DEPOSITO,2022-02-25T16:29:15,9554.95
1810,3,SANTANDER,CARLOS,SAQUE,2022-11-09T01:01:06,5204.52
1044,2,SANTANDER,FELIPE,SAQUE,2022-03-11T13:50:33,8681.62
3320,4,SANTANDER,MARIA,SAQUE,2022-01-20T16:37:21,8465.31
2750,5,SANTANDER,ANA,DEPOSITO,2022-12-29T00:24:57,8651.45
3320,4,SANTANDER,MARIA,SAQUE,2022-02-06T15:09:48,8483.42
3320,4,SANTANDER,MARIA,DEPOSITO,2022-12-12T22:41:54,2989.06
2750,5,SANTANDER,ANA,DEPOSITO,2022-01-26T06:52:58,820.25
1044,2,SANTANDER,FELIPE,SAQUE,2022-04-26T05:36:34,4611.99
1260,8,SANTANDER,BEATRIZ,DEPOSITO,2022-07-28T16:39:58,1517.92
1520,1,SANTANDER,JOAO,SAQUE,2022-02-28T23:02:24,8694.0
2750,5,SANTANDER,ANA,DEPOSITO,2022-01-07T07:53:53,3277.43
2750,5,SANTANDER,ANA,SAQUE,2022-09-04T07:16:05,1059.45
2870,9,SANTANDER,PAULO,DEPOSITO,2022-11-04T17:56:48,8033.94
2220,2,SANTANDER,JULIA,SAQUE,2022-12-22T15:46:44,667.19
1260,8,SANTANDER,BEATRIZ,SAQUE,2022-12-26T20:51:38,5796.4
1520,1,SANTANDER,JOAO,SAQUE,2022-09-03T17:43:15,3219.44
3320,4,SANTANDER,MARIA,SAQUE,2022-05-28T16:03:47,7573.75
1044,2,SANTANDER,FELIPE,SAQUE,2022-02-02T16:22:48,180.57
1810,3,SANTANDER,CARLOS,SAQUE,2022-01-12T21:03:58,1767.27
3090,6,SANTANDER,PEDRO,DEPOSITO,2022-06-20T23:14:41,5625.18
1810,3,SANTANDER,CARLOS,SAQUE,2022-10-01T21:29:48,892.35
2870,9,SANTANDER,PAULO,SAQUE,2022-03-19T00:17:28,7396.19
4110,7,SANTANDER,LUCAS,SAQUE,2022-12-03T02:08:19,945.62
2750,5,SANTANDER,ANA,SAQUE,2022-11-27T04:46:53,3348.66
1810,3,SANTANDER,CARLOS,DEPOSITO,2022-09-13T19:06:12,4862.08
1520,1,SANTANDER,JOAO,SAQUE,2022-05-02T09:27:37,3379.6
1044,2,SANTANDER,FELIPE,SAQUE,2022-12-10T19:26:57,3105.37
1810,3,SANTANDER,CARLOS,DEPOSITO,2022-09-22T00:58:16,3869.92
1810,3,SANTANDER,CARLOS,DEPOSITO,2022-10-21T18:19:51,7438.71
3090,6,SANTANDER,PEDRO,DEPOSITO,2022-08-11T02:24:51,8116.74
2750,5,SANTANDER,ANA,SAQUE,2022-08-25T00:52:00,4093.58
2750,5,SANTANDER,ANA,DEPOSITO,2022-08-21T15:14:46,315.35
4110,7,SANTANDER,LUCAS,DEPOSITO,2022-09-26T04:32:23,2910.52
1044,2,SANTANDER,FELIPE,DEPOSITO,2022-02-17T21:06:26,2560.96
1520,1,SANTANDER,JOAO,SAQUE,2022-05-06T19:36:46,6373.02
1810,3,SANTANDER,CARLOS,DEPOSITO,2022-07-16T22:15:29,168.86
3090,6,SANTANDER,PEDRO,SAQUE,2022-07-17T17:50:02,3311.93
3320,4,SANTANDER,MARIA,DEPOSITO,2022-04-08T02:38:51,8125.08
3320,4,SANTANDER,MARIA,DEPOSITO,2022-01-28T06:59:51,2566.7
1810,3,SANTANDER,CARLOS,SAQUE,2022-06-10T17:43:38,1947.76
1044,2,SANTANDER,FELIPE,DEPOSITO,2022-03-22T21:23:21,1197.31
1044,2,SANTANDER,FELIPE,SAQUE,2022-06-23T18:28:30,5949.84
3090,6,SANTANDER,PEDRO,DEPOSITO,2022-09-17T12:58:08,6132.68
2750,5,SANTANDER,ANA,DEPOSITO,2022-03-24T13:42:11,239.9
2870,9,SANTANDER,PAULO,DEPOSITO,2022-07-08T00:28:20,5581.83
3320,4,SANTANDER,MARIA,DEPOSITO,2022-08-13T10:26:05,5864.96
1520,1,SANTANDER,JOAO,DEPOSITO,2022-08-21T06:25:09,3138.92
3320,4,SANTANDER,MARIA,SAQUE,2022-09-21T16:50:44,5840.79
4110,7,SANTANDER,LUCAS,SAQUE,2022-07-31T11:45:41,683.24
1260,8,SANTANDER,BEATRIZ,SAQUE,2022-12-06T03:51:35,5531.59
4110,7,SANTANDER,LUCAS,DEPOSITO,2022-11-04T15:42:43,7619.81
1260,8,SANTANDER,BEATRIZ,SAQUE,2022-06-08T12:53:55,9676.81
2220,2,SANTANDER,JULIA,DEPOSITO,2022-10-25T19:28:03,7773.64
3320,4,SANTANDER,MARIA,SAQUE,2022-08-07T23:13:56,1027.32
3320,4,SANTANDER,MARIA,SAQUE,2022-03-31T05:56:02,5919.05
3090,6,SANTANDER,PEDRO,SAQUE,2022-06-23T04:08:15,82.21
1810,3,SANTANDER,CARLOS,DEPOSITO,2022-06-20T08:38:49,3911.79
2870,9,SANTANDER,PAULO,DEPOSITO,2022-10-23T20:29:21,3913.97
1810,3,SANTANDER,CARLOS,SAQUE,2022-04-19T10:41:50,7380.51
1044,2,SANTANDER,FELIPE,DEPOSITO,2022-06-11T13:34:50,9507.86
2870,9,SANTANDER,PAULO,SAQUE,2022-08-25T03:58:56,5925.3
4110,7,SANTANDER,LUCAS,SAQUE,2022-10-06T05:46:37,2342.31
2870,9,SANTANDER,PAULO,DEPOSITO,2022-09-23T02:00:45,1227.16
2220,2,SANTANDER,JULIA,DEPOSITO,2022-12-27T15:44:06,4011.18
1520,1,SANTANDER,JOAO,DEPOSITO,2022-11-07T22:31:36,1329.05
3320,4,SANTANDER,MARIA,SAQUE,2022-03-18T09:19:14,2759.16
4110,7,SANTANDER,LUCAS,SAQUE,2022-06-22T12:11:35,8979.68
1260,8,SANTANDER,BEATRIZ,SAQUE,2022-08-20T00:17:03,9044.4
1044,2,SANTANDER,FELIPE,DEPOSITO,2022-04-02T10:27:49,2845.93
3090,6,SANTANDER,PEDRO,SAQUE,2022-07-15T05:43:16,597.11
4110,7,SANTANDER,LUCAS,SAQUE,2022-01-27T17:03:41,3530.43
3320,4,SANTANDER,MARIA,SAQUE,2022-04-23T13:25:03,8731.04
1260,8,SANTANDER,BEATRIZ,DEPOSITO,2022-02-26T22:37:12,6460.28
2870,9,SANTANDER,PAULO,DEPOSITO,2022-07-27T02:22:06,9805.26
4110,7,SANTANDER,LUCAS,SAQUE,2022-01-08T15:17:20,1417.37
4110,7,SANTANDER,LUCAS,DEPOSITO,2022-05-21T08:01:09,538.78
2870,9,SANTANDER,PAULO,SAQUE,2022-01-11T16:24:39,1631.05
1810,3,SANTANDER,CARLOS,DEPOSITO,2022-04-06T02:46:16,1445.17
4110,7,SANTANDER,LUCAS,DEPOSITO,2022-06-11T22:51:32,8940.99
1520,1,SANTANDER,JOAO,SAQUE,2022-07-07T04:36:58,5758.43
3090,6,SANTANDER,PEDRO,SAQUE,2022-04-28T02:46:28,197.62
1520,1,SANTANDER,JOAO,DEPOSITO,2022-07-27T07:21:33,3603.93
4110,7,SANTANDER,LUCAS,DEPOSITO,2022-05-21T08:39:58,9417.19
1810,3,SANTANDER,CARLOS,SAQUE,2022-11-21T04:10:52,360.47
2220,2,SANTANDER,JULIA,DEPOSITO,2022-02-09T13:39:44,6965.77
2220,2,SANTANDER,JULIA,DEPOSITO,2022-04-04T20:44:37,1503.57
3090,6,SANTANDER,PEDRO,SAQUE,2022-12-22T17:55:11,2304.51
2750,5,SANTANDER,ANA,DEPOSITO,2022-05-25T16:59:36,1077.48
1260,8,SANTANDER,BEATRIZ,DEPOSITO,2022-01-16T16:33:43,2075.09
4110,7,SANTANDER,LUCAS,DEPOSITO,2022-07-29T20:08:52,1634.11
1810,3,SANTANDER,CARLOS,SAQUE,2022-04-04T19:31:03,4916.32
2750,5,SANTANDER,ANA,SAQUE,2022-08-29T14:42:16,1958.15
2870,9,SANTANDER,PAULO,DEPOSITO,2022-08-11T11:07:07,825.72
2750,5,SANTANDER,ANA,SAQUE,2022-04-10T19:41:02,8341.59
1260,8,SANTANDER,BEATRIZ,SAQUE,2022-03-29T19:45:53,3539.09
1044,2,SANTANDER,FELIPE,DEPOSITO,2022-08-28T06:59:34,7926.71
1044,2,SANTANDER,FELIPE,SAQUE,2022-04-02T04:01:24,7617.84
1520,1,SANTANDER,JOAO,SAQUE,2022-12-22T05:43:37,9915.53
1044,2,SANTANDER,FELIPE,SAQUE,2022-08-05T22:06:01,156.22
1810,3,SANTANDER,CARLOS,SAQUE,2022-02-05T03:50:26,1242.25
3090,6,SANTANDER,PEDRO,DEPOSITO,2022-09-22T16:26:56,5827.53
2870,9,SANTANDER,PAULO,SAQUE,2022-02-16T20:58:43,5451.92
1260,8,SANTANDER,BEATRIZ,DEPOSITO,2022-04-01T13:15:11,902.03
1810,3,SANTANDER,CARLOS,SAQUE,2022-02-28T21:24:39,6773.64
3320,4,SANTANDER,MARIA,DEPOSITO,2022-07-29T01:38:44,6225.14
3320,4,SANTANDER,MARIA,DEPOSITO,2022-10-27T20:51:04,3305.5
2220,2,SANTANDER,JULIA,DEPOSITO,2022-08-26T22:35:59,4776.7
3320,4,SANTANDER,MARIA,SAQUE,2022-04-21T22:33:21,3766.88
2220,2,SANTANDER,JULIA,DEPOSITO,2022-02-13T18:28:01,4268.09
3090,6,SANTANDER,PEDRO,SAQUE,2022-11-02T08:30:25,4796.01
4110,7,SANTANDER,LUCAS,SAQUE,2022-07-18T08:50:49,4097.73
1810,3,SANTANDER,CARLOS,DEPOSITO,2022-08-09T04:02:52,4899.64
3320,4,SANTANDER,MARIA,DEPOSITO,2022-04-09T17:25:25,8975.71
4110,7,SANTANDER,LUCAS,DEPOSITO,2022-10-25T17:02:37,7050.03
1520,1,SANTANDER,JOAO,DEPOSITO,2022-09-24T11:10:32,463.93
2870,9,SANTANDER,PAULO,SAQUE,2022-07-05T07:08:18,1088.32
3090,6,SANTANDER,PEDRO,DEPOSITO,2022-12-23T16:45:05,946.74
1260,8,SANTANDER,BEATRIZ,DEPOSITO,2022-11-15T15:45:27,6137.64
1260,8,SANTANDER,BEATRIZ,DEPOSITO,2022-06-04T10:15:00,1102.21
2750,5,SANTANDER,ANA,DEPOSITO,2022-08-22T14:47:03,9908.71
1520,1,SANTANDER,JOAO,DEPOSITO,2022-04-16T16:43:29,4864.69
1260,8,SANTANDER,BEATRIZ,SAQUE,2022-12-29T00:54:17,3653.7
1810,3,SANTANDER,CARLOS,SAQUE,2022-01-18T15:32:55,9907.49
2750,5,SANTANDER,ANA,DEPOSITO,2022-03-11T02:47:48,2102.33
3320,4,SANTANDER,MARIA,SAQUE,2022-08-15T22:18:03,1676.2
2220,2,SANTANDER,JULIA,SAQUE,2022-09-22T15:21:57,5218.15
1260,8,SANTANDER,BEATRIZ,SAQUE,2022-10-23T17:21:13,3390.48
1810,3,SANTANDER,CARLOS,DEPOSITO,2022-02-20T19:05:37,8737.42
1260,8,SANTANDER,BEATRIZ,DEPOSITO,2022-11-02T05:14:36,9435.55
1044,2,SANTANDER,FELIPE,DEPOSITO,2022-11-14T11:03:07,9316.33
1260,8,SANTANDER,BEATRIZ,SAQUE,2022-09-25T18:28:56,1586.0
1810,3,SANTANDER,CARLOS,SAQUE,2022-06-02T02:52:46,8500.17
1520,1,SANTANDER,JOAO,SAQUE,2022-11-25T21:17:47,3580.34
1520,1,SANTANDER,JOAO,DEPOSITO,2022-08-07T16:46:13,7640.56
3320,4,SANTANDER,MARIA,DEPOSITO,2022-12-06T23:25:26,7774.82
2750,5,SANTANDER,ANA,DEPOSITO,2022-03-05T18:04:59,9381.32
4110,7,SANTANDER,LUCAS,DEPOSITO,2022-08-08T00:54:30,2574.65
1520,1,SANTANDER,JOAO,DEPOSITO,2022-10-21T10:17:15,6338.48
3320,4,SANTANDER,MARIA,SAQUE,2022-09-09T21:37:43,1514.67
3320,4,SANTANDER,MARIA,DEPOSITO,2022-05-23T23:25:07,4733.8
2870,9,SANTANDER,PAULO,DEPOSITO,2022-08-17T15:24:14,3918.78
1810,3,SANTANDER,CARLOS,SAQUE,2022-07-02T12:33:38,1834.88
4110,7,SANTANDER,LUCAS,DEPOSITO,2022-06-05T06:21:58,2543.32
1520,1,SANTANDER,JOAO,SAQUE,2022-05-31T23:53:46,9439.49
2870,9,SANTANDER,PAULO,DEPOSITO,2022-12-22T03:16:44,9924.32
1044,2,SANTANDER,FELIPE,SAQUE,2022-05-23T05:56:44,4678.8
1810,3,SANTANDER,CARLOS,DEPOSITO,2022-08-30T10:41:39,2151.97
3320,4,SANTANDER,MARIA,DEPOSITO,2022-09-28T15:52:51,1766.97
4110,7,SANTANDER,LUCAS,SAQUE,2022-02-10T12:06:56,6461.65
4110,7,SANTANDER,LUCAS,DEPOSITO,2022-06-07T07:27:39,7474.99
1044,2,SANTANDER,FELIPE,DEPOSITO,2022-12-21T11:04:52,9082.07
4110,7,SANTANDER,LUCAS,DEPOSITO,2022-08-30T10:03:14,7923.46
4110,7,SANTANDER,LUCAS,DEPOSITO,2022-09-11T23:12:39,3199.43
2220,2,SANTANDER,JULIA,SAQUE,2022-04-21T02:04:39,5444.41
3320,4,SANTANDER,MARIA,DEPOSITO,2022-01-16T23:19:56,3231.83
4110,7,SANTANDER,LUCAS,SAQUE,2022-11-11T06:39:48,9353.5
1810,3,SANTANDER,CARLOS,DEPOSITO,2022-08-22T19:46:55,837.1
3320,4,SANTANDER,MARIA,SAQUE,2022-02-10T06:12:16,5791.01
4110,7,SANTANDER,LUCAS,SAQUE,2022-11-25T14:44:44,911.03
3320,4,SANTANDER,MARIA,DEPOSITO,2022-07-28T14:23:46,2156.67
4110,7,SANTANDER,LUCAS,SAQUE,2022-04-11T01:13:34,7053.61
1260,8,SANTANDER,BEATRIZ,SAQUE,2022-08-07T09:13:11,5456.45
1044,2,SANTANDER,FELIPE,SAQUE,2022-03-11T09:58:20,7598.3
1260,8,SANTANDER,BEATRIZ,SAQUE,2022-01-17T18:12:14,3992.01
1810,3,SANTANDER,CARLOS,DEPOSITO,2022-07-21T12:16:32,9928.11
3090,6,SANTANDER,PEDRO,SAQUE,2022-12-10T21:31:29,6862.59
3320,4,SANTANDER,MARIA,SAQUE,2022-10-14T11:53:03,2209.09
2750,5,SANTANDER,ANA,SAQUE,2022-10-03T06:43:48,518.31
1044,2,SANTANDER,FELIPE,DEPOSITO,2022-05-27T19:22:23,1118.3
4110,7,SANTANDER,LUCAS,DEPOSITO,2022-08-27T20:38:50,8797.56
2220,2,SANTANDER,JULIA,SAQUE,2022-01-23T00:42:35,2464.85
3090,6,SANTANDER,PEDRO,DEPOSITO,2022-04-05T00:32:24,5793.66
1260,8,SANTANDER,BEATRIZ,SAQUE,2022-11-17T14:30:12,1401.09
1520,1,SANTANDER,JOAO,DEPOSITO,2022-11-21T02:35:24,9363.78
1810,3,SANTANDER,CARLOS,DEPOSITO,2022-01-07T13:22:33,2881.81
1810,3,SANTANDER,CARLOS,SAQUE,2022-05-06T02:37:39,5165.33
3320,4,SANTANDER,MARIA,SAQUE,2022-01-16T15:26:52,6623.85
2220,2,SANTANDER,JULIA,SAQUE,2022-02-13T17:19:10,5822.9
2750,5,SANTANDER,ANA,DEPOSITO,2022-01-15T05:49:07,102.36
4110,7,SANTANDER,LUCAS,SAQUE,2022-08-13T03:20:58,1554.9
2870,9,SANTANDER,PAULO,DEPOSITO,2022-12-26T00:41:12,681.68
1520,1,SANTANDER,JOAO,SAQUE,2022-06-11T20:51:57,3341.07
1520,1,SANTANDER,JOAO,SAQUE,2022-01-24T12:09:37,1007.6
1260,8,SANTANDER,BEATRIZ,SAQUE,2022-06-11T23:39:31,715.19
4110,7,SANTANDER,LUCAS,DEPOSITO,2022-08-22T19:44:50,4385.24
2750,5,SANTANDER,ANA,DEPOSITO,2022-07-13T09:42:12,2122.78
3090,6,SANTANDER,PEDRO,SAQUE,2022-08-02T02:05:02,5226.87
1044,2,SANTANDER,FELIPE,SAQUE,2022-01-04T18:18:36,4202.89
1810,3,SANTANDER,CARLOS,SAQUE,2022-06-16T04:18:21,4961.87
1520,1,SANTANDER,JOAO,DEPOSITO,2022-02-23T16:31:18,4273.73
1520,1,SANTANDER,JOAO,SAQUE,2022-05-06T22:02:57,1183.34
1260,8,SANTANDER,BEATRIZ,DEPOSITO,2022-04-21T16:27:16,6610.2
1520,1,SANTANDER,JOAO,SAQUE,2022-04-23T04:17:18,2926.76
2750,5,SANTANDER,ANA,DEPOSITO,2022-12-30T09:24:21,1134.39
1260,8,SANTANDER,BEATRIZ,SAQUE,2022-04-26T18:41:01,1302.26
1260,8,SANTANDER,BEATRIZ,SAQUE,2022-11-14T23:30:56,8457.33
2220,2,SANTANDER,JULIA,SAQUE,2022-05-27T01:28:54,7247.33
1810,3,SANTANDER,CARLOS,SAQUE,2022-01-10T08:45:34,8504.92
3320,4,SANTANDER,MARIA,SAQUE,2022-01-24T01:36:10,9795.4
2870,9,SANTANDER,PAULO,SAQUE,2022-09-04T07:57:24,1867.68
1260,8,SANTANDER,BEATRIZ,DEPOSITO,2022-06-30T19:35:15,5273.64
3090,6,SANTANDER,PEDRO,SAQUE,2022-02-26T07:05:34,3824.54
2870,9,SANTANDER,PAULO,SAQUE,2022-03-21T21:10:50,318.0
2220,2,SANTANDER,JULIA,SAQUE,2022-07-10T10:13:57,7369.17
1260,8,SANTANDER,BEATRIZ,SAQUE,2022-02-19T17:43:17,8994.2
3090,6,SANTANDER,PEDRO,DEPOSITO,2022-10-26T20:43:34,9883.72
3090,6,SANTANDER,PEDRO,SAQUE,2022-02-14T15:22:01,7550.15
3090,6,SANTANDER,PEDRO,DEPOSITO,2022-07-04T21:00:54,3992.77
3320,4,SANTANDER,MARIA,DEPOSITO,2022-09-11T21:25:23,3227.14
2220,2,SANTANDER,JULIA,DEPOSITO,2022-05-06T06:14:31,2365.55
3320,4,SANTANDER,MARIA,SAQUE,2022-04-19T00:33:26,4262.3
1044,2,SANTANDER,FELIPE,SAQUE,2022-07-08T16:26:54,9775.21
1044,2,SANTANDER,FELIPE,DEPOSITO,2022-01-06T12:59:20,8796.08
4110,7,SANTANDER,LUCAS,SAQUE,2022-05-15T17:08:24,872.2
2750,5,SANTANDER,ANA,SAQUE,2022-12-09T23:41:51,3155.55
1260,8,SANTANDER,BEATRIZ,DEPOSITO,2022-03-20T13:02:09,5184.13
2750,5,SANTANDER,ANA,SAQUE,2022-11-08T18:55:52,419.55
4110,7,SANTANDER,LUCAS,DEPOSITO,2022-06-12T01:42:37,1866.15
1520,1,SANTANDER,JOAO,SAQUE,2022-08-14T18:48:14,2894.41
2870,9,SANTANDER,PAULO,DEPOSITO,2022-06-28T08:14:38,4529.27
2220,2,SANTANDER,JULIA,SAQUE,2022-01-28T20:03:44,767.1
2750,5,SANTANDER,ANA,DEPOSITO,2022-12-28T12:08:25,9789.98
4110,7,SANTANDER,LUCAS,DEPOSITO,2022-02-10T10:58:08,2810.64
4110,7,SANTANDER,LUCAS,SAQUE,2022-08-09T17:56:33,4611.61
4110,7,SANTANDER,LUCAS,SAQUE,2022-04-27T13:42:23,1271.92
2220,2,SANTANDER,JULIA,DEPOSITO,2022-11-13T05:28:34,7236.64
2220,2,SANTANDER,JULIA,DEPOSITO,2022-06-03T04:11:07,997.2
3090,6,SANTANDER,PEDRO,DEPOSITO,2022-02-06T23:29:23,6985.88
2870,9,SANTANDER,PAULO,DEPOSITO,2022-12-16T06:29:35,9962.8
1810,3,SANTANDER,CARLOS,SAQUE,2022-11-07T21:31:23,8657.01
1260,8,SANTANDER,BEATRIZ,DEPOSITO,2022-07-18T10:47:44,4614.15
1044,2,SANTANDER,FELIPE,SAQUE,2022-11-11T11:03:55,6172.44
3090,6,SANTANDER,PEDRO,SAQUE,2022-05-01T19:37:41,6878.4
1520,1,SANTANDER,JOAO,DEPOSITO,2022-08-15T14:39:24,8826.08
2750,5,SANTANDER,ANA,DEPOSITO,2022-05-28T12:04:16,7098.4
4110,7,SANTANDER,LUCAS,DEPOSITO,2022-11-12T22:55:13,3278.0
4110,7,SANTANDER,LUCAS,DEPOSITO,2022-02-16T16:54:21,7065.05
2870,9,SANTANDER,PAULO,SAQUE,2022-11-10T01:26:40,3221.73
1044,2,SANTANDER,FELIPE,DEPOSITO,2022-06-15T07:20:05,8390.92
1044,2,SANTANDER,FELIPE,SAQUE,2022-02-20T10:13:13,1426.17
3320,4,SANTANDER,MARIA,DEPOSITO,2022-02-06T04:45:27,8831.09
1810,3,SANTANDER,CARLOS,DEPOSITO,2022-10-15T18:14:14,9294.66
1044,2,SANTANDER,FELIPE,DEPOSITO,2022-04-09T17:14:17,7296.48
2870,9,SANTANDER,PAULO,DEPOSITO,2022-01-31T01:19:38,1266.03
1260,8,SANTANDER,BEATRIZ,DEPOSITO,2022-10-23T12:22:20,3443.57
2870,9,SANTANDER,PAULO,SAQUE,2022-03-24T04:21:35,3716.46
2870,9,SANTANDER,PAULO,DEPOSITO,2022-05-04T10:08:31,8953.34
2870,9,SANTANDER,PAULO,DEPOSITO,2022-05-10T12:45:35,794.45
3090,6,SANTANDER,PEDRO,SAQUE,2022-07-13T20:52:53,1879.66
3320,4,SANTANDER,MARIA,SAQUE,2022-12-09T05:21:41,4146.78
1044,2,SANTANDER,FELIPE,DEPOSITO,2022-06-11T07:54:56,8593.96
1044,2,SANTANDER,FELIPE,SAQUE,2022-02-14T09:24:19,6346.92
1520,1,SANTANDER,JOAO,DEPOSITO,2022-10-15T02:21:14,9520.14
2220,2,SANTANDER,JULIA,DEPOSITO,2022-04-04T18:09:08,543.11
3320,4,SANTANDER,MARIA,SAQUE,2022-09-17T14:20:28,8113.19
1520,1,SANTANDER,JOAO,SAQUE,2022-09-01T12:29:35,8654.46
1810,3,SANTANDER,CARLOS,DEPOSITO,2022-03-15T23:56:07,6628.04
1520,1,SANTANDER,JOAO,DEPOSITO,2022-03-09T08:52:54,8603.76
2750,5,SANTANDER,ANA,DEPOSITO,2022-02-06T05:04:28,8337.42
2870,9,SANTANDER,PAULO,SAQUE,2022-01-06T18:59:59,8343.53
2750,5,SANTANDER,ANA,SAQUE,2022-12-01T06:30:17,3164.85
1520,1,SANTANDER,JOAO,SAQUE,2022-12-01T15:56:35,8524.64
4110,7,SANTANDER,LUCAS,DEPOSITO,2022-05-11T06:42:45,2332.94
2750,5,SANTANDER,ANA,SAQUE,2022-10-13T04:40:11,2499.81
2870,9,SANTANDER,PAULO,DEPOSITO,2022-02-05T12:15:38,7223.29
1044,2,SANTANDER,FELIPE,DEPOSITO,2022-11-23T19:48:18,2688.04
1810,3,SANTANDER,CARLOS,DEPOSITO,2022-01-09T20:08:14,5024.52
1260,8,SANTANDER,BEATRIZ,DEPOSITO,2022-03-25T09:20:04,5030.1
1810,3,SANTANDER,CARLOS,SAQUE,2022-06-19T10:55:34,1025.52
2220,2,SANTANDER,JULIA,DEPOSITO,2022-07-11T13:09:21,7808.85
1520,1,SANTANDER,JOAO,SAQUE,2022-09-07T21:29:21,9887.88
1520,1,SANTANDER,JOAO,DEPOSITO,2022-08-08T04:27:31,1916.47
1260,8,SANTANDER,BEATRIZ,DEPOSITO,2022-05-04T03:18:57,4716.28
2870,9,SANTANDER,PAULO,DEPOSITO,2022-08-06T04:19:45,8298.66
2220,2,SANTANDER,JULIA,SAQUE,2022-04-17T19:28:23,2770.73
4110,7,SANTANDER,LUCAS,DEPOSITO,2022-01-10T14:15:10,3438.25
3320,4,SANTANDER,MARIA,DEPOSITO,2022-07-07T12:43:36,4205.57
1810,3,SANTANDER,CARLOS,SAQUE,2022-03-19T06:48:59,7360.49
3090,6,SANTANDER,PEDRO,DEPOSITO,2022-09-11T08:37:17,2975.87
4110,7,SANTANDER,LUCAS,DEPOSITO,2022-01-07T20:57:13,9935.04
2870,9,SANTANDER,PAULO,SAQUE,2022-12-16T06:38:35,9939.04
1044,2,SANTANDER,FELIPE,DEPOSITO,2022-12-21T02:21:29,1689.32
4110,7,SANTANDER,LUCAS,DEPOSITO,2022-01-06T08:43:11,2038.44
1810,3,SANTANDER,CARLOS,SAQUE,2022-12-10T05:59:31,1203.05
3320,4,SANTANDER,MARIA,SAQUE,2022-01-29T17:31:44,4581.07
3320,4,SANTANDER,MARIA,SAQUE,2022-10-18T16:59:31,2167.9
1044,2,SANTANDER,FELIPE,DEPOSITO,2022-11-24T15:49:33,5582.13
2870,9,SANTANDER,PAULO,DEPOSITO,2022-11-16T07:35:42,8162.82
3090,6,SANTANDER,PEDRO,SAQUE,2022-02-06T19:47:49,6943.34
3320,4,SANTANDER,MARIA,SAQUE,2022-12-19T16:42:51,6407.6
2870,9,SANTANDER,PAULO,DEPOSITO,2022-07-06T11:19:39,8728.49
1810,3,SANTANDER,CARLOS,SAQUE,2022-12-01T16:43:31,7820.6
4110,7,SANTANDER,LUCAS,SAQUE,2022-09-23T02:09:18,6912.71
2220,2,SANTANDER,JULIA,SAQUE,2022-10-09T21:31:36,5425.18
3320,4,SANTANDER,MARIA,SAQUE,2022-12-30T16:56:38,3972.46
3090,6,SANTANDER,PEDRO,SAQUE,2022-05-18T23:57:33,5098.34
2870,9,SANTANDER,PAULO,DEPOSITO,2022-02-13T07:25:16,6602.4
1520,1,SANTANDER,JOAO,SAQUE,2022-05-17T15:11:00,7514.18
4110,7,SANTANDER,LUCAS,DEPOSITO,2022-09-26T05:53:22,7076.96
1260,8,SANTANDER,BEATRIZ,SAQUE,2022-04-30T17:55:12,7234.15
1044,2,SANTANDER,FELIPE,DEPOSITO,2022-08-11T17:33:09,406.74
1260,8,SANTANDER,BEATRIZ,DEPOSITO,2022-08-03T12:03:44,1224.44
3320,4,SANTANDER,MARIA,SAQUE,2022-07-25T18:36:38,7960.44
2870,9,SANTANDER,PAULO,SAQUE,2022-12-24T09:00:03,7386.21
1520,1,SANTANDER,JOAO,SAQUE,2022-02-04T03:36:16,9869.62
2220,2,SANTANDER,JULIA,SAQUE,2022-08-04T17:03:12,8169.22
1260,8,SANTANDER,BEATRIZ,DEPOSITO,2022-04-16T20:33:21,9851.64
2220,2,SANTANDER,JULIA,DEPOSITO,2022-12-21T23:28:43,5709.02
1044,2,SANTANDER,FELIPE,SAQUE,2022-01-11T15:51:19,4556.97
1810,3,SANTANDER,CARLOS,SAQUE,2022-07-14T23:37:42,8433.99
2220,2,SANTANDER,JULIA,SAQUE,2022-12-12T17:31:27,963.86
1810,3,SANTANDER,CARLOS,DEPOSITO,2022-05-09T08:00:56,6944.71
2870,9,SANTANDER,PAULO,DEPOSITO,2022-10-12T21:08:03,3909.54
3090,6,SANTANDER,PEDRO,SAQUE,2022-09-28T04:05:39,2043.67
2750,5,SANTANDER,ANA,DEPOSITO,2022-02-26T20:04:00,1926.08
1810,3,SANTANDER,CARLOS,SAQUE,2022-04-01T02:04:42,1432.71
3090,6,SANTANDER,PEDRO,DEPOSITO,2022-03-17T00:14:51,140.27
3320,4,SANTANDER,MARIA,DEPOSITO,2022-12-14T21:49:29,6355.15
3090,6,SANTANDER,PEDRO,DEPOSITO,2022-11-19T11:27:14,489.47
4110,7,SANTANDER,LUCAS,DEPOSITO,2022-04-05T16:41:10,1177.73
1810,3,SANTANDER,CARLOS,DEPOSITO,2022-04-14T06:18:08,6803.94
1260,8,SANTANDER,BEATRIZ,SAQUE,2022-02-23T13:16:43,5789.3
1810,3,SANTANDER,CARLOS,DEPOSITO,2022-11-19T06:23:09,925.0
1520,1,SANTANDER,JOAO,SAQUE,2022-05-02T00:40:00,7072.31
2870,9,SANTANDER,PAULO,SAQUE,2022-08-30T15:29:13,1868.33
4110,7,SANTANDER,LUCAS,SAQUE,2022-11-11T16:55:40,3199.89
2220,2,SANTANDER,JULIA,DEPOSITO,2022-02-28T23:16:10,3210.53
4110,7,SANTANDER,LUCAS,DEPOSITO,2022-09-26T07:32:39,5125.36
1520,1,SANTANDER,JOAO,SAQUE,2022-04-29T18:03:47,5788.71
1810,3,SANTANDER,CARLOS,DEPOSITO,2022-08-13T01:44:06,1480.14
2220,2,SANTANDER,JULIA,DEPOSITO,2022-10-31T02:07:20,5311.81
4110,7,SANTANDER,LUCAS,DEPOSITO,2022-09-05T01:13:57,8248.91
2220,2,SANTANDER,JULIA,SAQUE,2022-09-23T21:17:06,1147.65
3090,6,SANTANDER,PEDRO,DEPOSITO,2022-09-02T19:04:50,4066.51
1520,1,SANTANDER,JOAO,DEPOSITO,2022-09-25T01:28:22,3892.83
1520,1,SANTANDER,JOAO,SAQUE,2022-10-17T13:28:48,5826.46
2220,2,SANTANDER,JULIA,SAQUE,2022-07-03T06:19:14,2167.04
3320,4,SANTANDER,MARIA,DEPOSITO,2022-02-23T23:07:31,2744.52
1260,8,SANTANDER,BEATRIZ,SAQUE,2022-11-11T00:29:21,1133.25
2220,2,SANTANDER,JULIA,DEPOSITO,2022-09-11T00:21:37,2983.41
1260,8,SANTANDER,BEATRIZ,DEPOSITO,2022-11-22T23:04:21,5864.18
1260,8,SANTANDER,BEATRIZ,SAQUE,2022-12-23T07:22:46,64.04
2870,9,SANTANDER,PAULO,SAQUE,2022-01-04T07:48:29,4056.51
2750,5,SANTANDER,ANA,SAQUE,2022-04-04T05:37:51,3343.32
1044,2,SANTANDER,FELIPE,DEPOSITO,2022-05-19T22:00:40,3102.38
4110,7,SANTANDER,LUCAS,SAQUE,2022-02-15T23:04:42,3769.1
4110,7,SANTANDER,LUCAS,DEPOSITO,2022-01-31T17:54:28,2474.62
1260,8,SANTANDER,BEATRIZ,DEPOSITO,2022-10-21T20:21:03,173.66
2220,2,SANTANDER,JULIA,DEPOSITO,2022-10-26T15:15:31,3663.72
3320,4,SANTANDER,MARIA,SAQUE,2022-07-21T03:13:40,1587.45
1520,1,SANTANDER,JOAO,DEPOSITO,2022-11-07T20:28:13,7196.18
2220,2,SANTANDER,JULIA,SAQUE,2022-06-26T23:55:55,4032.58
1520,1,SANTANDER,JOAO,DEPOSITO,2022-03-19T07:57:01,7204.96
3320,4,SANTANDER,MARIA,SAQUE,2022-11-13T22:57:40,2991.13
2750,5,SANTANDER,ANA,SAQUE,2022-11-19T23:00:02,4390.75
3090,6,SANTANDER,PEDRO,DEPOSITO,2022-10-18T13:26:51,508.4
4110,7,SANTANDER,LUCAS,SAQUE,2022-06-10T20:19:46,7140.39
4110,7,SANTANDER,LUCAS,DEPOSITO,2022-04-16T12:16:18,7111.44
4110,7,SANTANDER,LUCAS,DEPOSITO,2022-10-07T20:20:40,7812.35
1810,3,SANTANDER,CARLOS,SAQUE,2022-02-19T08:29:44,5171.74
3090,6,SANTANDER,PEDRO,SAQUE,2022-07-15T07:31:37,574.45
2220,2,SANTANDER,JULIA,DEPOSITO,2022-09-27T23:32:57,8898.46
1810,3,SANTANDER,CARLOS,DEPOSITO,2022-11-08T08:51:50,2494.5
2750,5,SANTANDER,ANA,SAQUE,2022-09-29T00:08:51,8104.35
3090,6,SANTANDER,PEDRO,DEPOSITO,2022-07-12T08:58:22,783.36
3090,6,SANTANDER,PEDRO,SAQUE,2022-09-22T02:46:35,5077.99
1520,1,SANTANDER,JOAO,DEPOSITO,2022-11-23T03:49:59,2080.66
3320,4,SANTANDER,MARIA,SAQUE,2022-10-06T19:42:04,5409.63
2870,9,SANTANDER,PAULO,DEPOSITO,2022-03-20T01:40:04,8059.69
4110,7,SANTANDER,LUCAS,DEPOSITO,2022-01-20T18:20:14,8489.23
3090,6,SANTANDER,PEDRO,SAQUE,2022-11-11T00:35:28,4550.12
1520,1,SANTANDER,JOAO,SAQUE,2022-08-30T13:58:31,1007.77
3090,6,SANTANDER,PEDRO,DEPOSITO,2022-05-10T10:52:09,1002.61
1260,8,SANTANDER,BEATRIZ,SAQUE,2022-06-13T12:07:42,8174.28
1044,2,SANTANDER,FELIPE,SAQUE,2022-09-22T08:56:04,8098.83
4110,7,SANTANDER,LUCAS,SAQUE,2022-04-11T02:09:51,6092.83
2220,2,SANTANDER,JULIA,SAQUE,2022-05-23T14:35:42,545.06
3320,4,SANTANDER,MARIA,SAQUE,2022-10-23T03:08:38,7582.35
2750,5,SANTANDER,ANA,DEPOSITO,2022-06-06T20:58:30,1145.24
2750,5,SANTANDER,ANA,DEPOSITO,2022-01-09T11:37:59,9101.83
1044,2,SANTANDER,FELIPE,DEPOSITO,2022-09-14T16:58:55,5353.79
1260,8,SANTANDER,BEATRIZ,DEPOSITO,2022-03-28T13:46:23,5650.34
1044,2,SANTANDER,FELIPE,DEPOSITO,2022-08-24T08:37:48,1876.91
1520,1,SANTANDER,JOAO,DEPOSITO,2022-11-23T21:08:38,2851.95
1044,2,SANTANDER,FELIPE,SAQUE,2022-10-16T15:50:11,1381.1
2750,5,SANTANDER,ANA,SAQUE,2022-12-25T16:11:31,6275.39
1044,2,SANTANDER,FELIPE,DEPOSITO,2022-05-22T23:55:14,1236.17
4110,7,SANTANDER,LUCAS,SAQUE,2022-06-11T03:02:32,6402.2
1810,3,SANTANDER,CARLOS,DEPOSITO,2022-10-26T23:55:23,7264.05
1520,1,SANTANDER,JOAO,SAQUE,2022-04-17T08:44:09,6195.27
2220,2,SANTANDER,JULIA,SAQUE,2022-11-21T14:09:30,8645.25
3320,4,SANTANDER,MARIA,SAQUE,2022-04-20T04:36:10,5130.44
1520,1,SANTANDER,JOAO,SAQUE,2022-05-01T06:26:44,2269.48
1044,2,SANTANDER,FELIPE,SAQUE,2022-05-19T05:29:52,1027.3
4110,7,SANTANDER,LUCAS,SAQUE,2022-11-08T18:31:44,1395.79
1810,3,SANTANDER,CARLOS,DEPOSITO,2022-07-13T14:41:49,3477.07
4110,7,SANTANDER,LUCAS,SAQUE,2022-09-01T17:22:23,4432.87
3320,4,SANTANDER,MARIA,DEPOSITO,2022-03-11T01:22:33,8602.14
3090,6,SANTANDER,PEDRO,SAQUE,2022-03-28T13:51:20,7034.61
1260,8,SANTANDER,BEATRIZ,SAQUE,2022-10-21T20:26:51,8225.45
3090,6,SANTANDER,PEDRO,SAQUE,2022-01-16T08:54:14,1690.29
1520,1,SANTANDER,JOAO,SAQUE,2022-07-17T04:39:06,4200.85
3320,4,SANTANDER,MARIA,DEPOSITO,2022-11-02T08:45:10,6763.48
1044,2,SANTANDER,FELIPE,SAQUE,2022-08-10T16:58:25,2369.78
2220,2,SANTANDER,JULIA,SAQUE,2022-07-18T11:22:47,63.84
3320,4,SANTANDER,MARIA,SAQUE,2022-05-31T23:05:33,9158.66
2870,9,SANTANDER,PAULO,SAQUE,2022-01-04T02:13:55,3876.5
3090,6,SANTANDER,PEDRO,SAQUE,2022-10-12T02:26:47,9758.07
2750,5,SANTANDER,ANA,DEPOSITO,2022-10-05T06:32:08,1455.47
2220,2,SANTANDER,JULIA,DEPOSITO,2022-09-04T09:47:15,345.44
1260,8,SANTANDER,BEATRIZ,DEPOSITO,2022-08-18T22:01:29,9214.82
4110,7,SANTANDER,LUCAS,DEPOSITO,2022-08-14T03:07:08,7602.95
2220,2,SANTANDER,JULIA,SAQUE,2022-03-15T23:52:08,9833.41
2220,2,SANTANDER,JULIA,SAQUE,2022-10-22T10:25:07,2137.09
1520,1,SANTANDER,JOAO,DEPOSITO,2022-09-15T08:25:48,2123.05
1520,1,SANTANDER,JOAO,DEPOSITO,2022-07-28T03:28:47,4981.96
3090,6,SANTANDER,PEDRO,DEPOSITO,2022-04-13T00:57:39,2485.6
2750,5,SANTANDER,ANA,SAQUE,2022-03-20T15:37:35,1728.33
1044,2,SANTANDER,FELIPE,SAQUE,2022-10-13T11:48:03,5928.84
1810,3,SANTANDER,CARLOS,SAQUE,2022-01-31T11:40:00,2132.67
3320,4,SANTANDER,MARIA,SAQUE,2022-05-15T06:34:06,6094.5
1260,8,SANTANDER,BEATRIZ,DEPOSITO,2022-08-29T06:10:33,5979.24
1260,8,SANTANDER,BEATRIZ,DEPOSITO,2022-12-25T06:36:45,9757.8
2750,5,SANTANDER,ANA,DEPOSITO,2022-10-30T09:53:46,6367.42
1044,2,SANTANDER,FELIPE,SAQUE,2022-10-21T16:42:50,720.86
1520,1,SANTANDER,JOAO,SAQUE,2022-02-19T21:07:57,383.51
2870,9,SANTANDER,PAULO,DEPOSITO,2022-04-05T10:11:18,6854.17
2870,9,SANTANDER,PAULO,DEPOSITO,2022-07-17T11:42:53,5799.56
4110,7,SANTANDER,LUCAS,DEPOSITO,2022-06-01T22:58:03,8519.04
2870,9,SANTANDER,PAULO,DEPOSITO,2022-12-08T05:33:35,5504.92
3320,4,SANTANDER,MARIA,SAQUE,2022-04-27T22:57:29,818.27
3320,4,SANTANDER,MARIA,SAQUE,2022-02-19T06:10:58,9612.07
2870,9,SANTANDER,PAULO,SAQUE,2022-03-12T15:58:29,5941.4
3320,4,SANTANDER,MARIA,SAQUE,2022-01-16T15:26:52,6623.85
2220,2,SANTANDER,JULIA,DEPOSITO,2022-03-12T22:01:15,8121.26
3320,4,SANTANDER,MARIA,SAQUE,2022-11-19T12:36:48,8790.98
3320,4,SANTANDER,MARIA,DEPOSITO,2022-03-14T10:27:15,5905.13
4110,7,SANTANDER,LUCAS,SAQUE,2022-03-05T14:43:53,4575.96
4110,7,SANTANDER,LUCAS,SAQUE,2022-01-07T22:32:58,9936.14
4110,7,SANTANDER,LUCAS,DEPOSITO,2022-08-02T09:35:22,9465.39
1810,3,SANTANDER,CARLOS,SAQUE,2022-05-31T03:02:00,7159.94
1810,3,SANTANDER,CARLOS,DEPOSITO,2022-08-11T11:25:25,6313.14
1260,8,SANTANDER,BEATRIZ,SAQUE,2022-11-25T16:01:46,4274.81
1520,1,SANTANDER,JOAO,DEPOSITO,2022-09-21T11:42:32,9494.15
2870,9,SANTANDER,PAULO,SAQUE,2022-06-30T08:24:17,1176.34
2220,2,SANTANDER,JULIA,DEPOSITO,2022-08-19T17:51:10,7583.3
2750,5,SANTANDER,ANA,SAQUE,2022-07-03T07:15:15,9374.01
1810,3,SANTANDER,CARLOS,DEPOSITO,2022-12-30T18:04:31,3295.29
2750,5,SANTANDER,ANA,SAQUE,2022-12-08T02:28:02,6283.33
1260,8,SANTANDER,BEATRIZ,SAQUE,2022-05-13T13:52:00,1654.1
2870,9,SANTANDER,PAULO,SAQUE,2022-10-14T08:11:32,1753.67
4110,7,SANTANDER,LUCAS,DEPOSITO,2022-09-02T12:38:52,1284.9
4110,7,SANTANDER,LUCAS,DEPOSITO,2022-11-11T00:32:41,2899.55
1044,2,SANTANDER,FELIPE,SAQUE,2022-06-11T01:42:17,850.57
2750,5,SANTANDER,ANA,SAQUE,2022-02-10T14:31:09,7463.74
1810,3,SANTANDER,CARLOS,SAQUE,2022-04-03T05:29:10,7670.38
2220,2,SANTANDER,JULIA,SAQUE,2022-05-07T19:42:53,2849.15
2750,5,SANTANDER,ANA,SAQUE,2022-01-30T15:40:04,4427.86
4110,7,SANTANDER,LUCAS,SAQUE,2022-04-27T22:42:37,1684.46
1520,1,SANTANDER,JOAO,DEPOSITO,2022-11-03T19:19:16,7766.94
1810,3,SANTANDER,CARLOS,DEPOSITO,2022-10-10T17:44:42,2012.95
3090,6,SANTANDER,PEDRO,DEPOSITO,2022-06-15T07:21:58,196.43
2750,5,SANTANDER,ANA,DEPOSITO,2022-10-03T22:40:43,1976.64
1520,1,SANTANDER,JOAO,DEPOSITO,2022-07-24T21:15:04,6456.66
1810,3,SANTANDER,CARLOS,DEPOSITO,2022-06-28T13:58:49,4055.1
1260,8,SANTANDER,BEATRIZ,SAQUE,2022-09-08T17:23:55,575.81
4110,7,SANTANDER,LUCAS,SAQUE,2022-09-29T03:52:21,9491.89
2870,9,SANTANDER,PAULO,SAQUE,2022-10-15T20:37:21,5443.86
1260,8,SANTANDER,BEATRIZ,DEPOSITO,2022-11-26T05:17:43,4694.53
1810,3,SANTANDER,CARLOS,SAQUE,2022-05-11T01:03:46,1190.43
1260,8,SANTANDER,BEATRIZ,SAQUE,2022-07-05T00:57:50,2201.77
3320,4,SANTANDER,MARIA,DEPOSITO,2022-12-13T11:35:19,6992.99
1260,8,SANTANDER,BEATRIZ,SAQUE,2022-06-27T14:00:18,716.46
2870,9,SANTANDER,PAULO,DEPOSITO,2022-05-25T18:32:12,6499.76
2750,5,SANTANDER,ANA,DEPOSITO,2022-04-24T09:18:32,9247.29
1810,3,SANTANDER,CARLOS,DEPOSITO,2022-03-01T23:29:35,2669.07
1044,2,SANTANDER,FELIPE,DEPOSITO,2022-12-05T09:46:04,5207.69
1260,8,SANTANDER,BEATRIZ,SAQUE,2022-01-20T20:01:38,2435.39
2220,2,SANTANDER,JULIA,DEPOSITO,2022-05-15T00:23:42,4699.35
2220,2,SANTANDER,JULIA,SAQUE,2022-03-07T01:09:36,1588.78
2870,9,SANTANDER,PAULO,SAQUE,2022-10-26T19:39:11,3298.25
4110,7,SANTANDER,LUCAS,SAQUE,2022-02-20T05:43:43,5257.75
4110,7,SANTANDER,LUCAS,DEPOSITO,2022-08-21T06:07:46,6494.5
1810,3,SANTANDER,CARLOS,DEPOSITO,2022-12-14T07:57:00,2959.29
2220,2,SANTANDER,JULIA,DEPOSITO,2022-01-28T22:42:46,7803.33
4110,7,SANTANDER,LUCAS,SAQUE,2022-05-11T21:01:30,380.98
3090,6,SANTANDER,PEDRO,DEPOSITO,2022-04-10T19:20:06,7604.61
1810,3,SANTANDER,CARLOS,SAQUE,2022-10-23T21:10:11,4952.57
4110,7,SANTANDER,LUCAS,SAQUE,2022-11-07T23:28:53,4179.79
1520,1,SANTANDER,JOAO,DEPOSITO,2022-06-03T02:14:28,4040.83
2750,5,SANTANDER,ANA,DEPOSITO,2022-06-27T04:17:34,7548.07
3090,6,SANTANDER,PEDRO,SAQUE,2022-10-17T05:29:56,2799.61
3090,6,SANTANDER,PEDRO,SAQUE,2022-07-17T04:20:28,6198.95
2870,9,SANTANDER,PAULO,SAQUE,2022-07-23T12:59:13,6928.33
2870,9,SANTANDER,PAULO,SAQUE,2022-01-28T06:58:58,1408.64
3090,6,SANTANDER,PEDRO,SAQUE,2022-09-04T13:55:32,608.63
1520,1,SANTANDER,JOAO,DEPOSITO,2022-11-24T09:31:13,1694.64
1810,3,SANTANDER,CARLOS,DEPOSITO,2022-09-13T05:05:08,1570.23
2750,5,SANTANDER,ANA,DEPOSITO,2022-07-04T09:42:39,4651.69
2220,2,SANTANDER,JULIA,SAQUE,2022-08-27T08:18:52,4131.8
1044,2,SANTANDER,FELIPE,DEPOSITO,2022-09-01T12:36:13,253.19
1260,8,SANTANDER,BEATRIZ,SAQUE,2022-08-23T04:07:43,5758.2
3320,4,SANTANDER,MARIA,SAQUE,2022-03-07T23:43:38,2282.4
1260,8,SANTANDER,BEATRIZ,SAQUE,2022-11-29T05:42:53,5614.37
1044,2,SANTANDER,FELIPE,SAQUE,2022-03-31T01:00:28,7745.41
1520,1,SANTANDER,JOAO,DEPOSITO,2022-07-24T20:48:12,1874.54
1810,3,SANTANDER,CARLOS,DEPOSITO,2022-03-30T16:34:18,5964.26
2220,2,SANTANDER,JULIA,SAQUE,2022-03-31T05:10:38,3395.48
3090,6,SANTANDER,PEDRO,SAQUE,2022-05-20T00:49:46,4582.14
3320,4,SANTANDER,MARIA,DEPOSITO,2022-06-03T03:34:19,5852.39
1520,1,SANTANDER,JOAO,SAQUE,2022-03-23T09:27:38,9309.1
3320,4,SANTANDER,MARIA,SAQUE,2022-12-23T15:17:51,2881.92
1260,8,SANTANDER,BEATRIZ,DEPOSITO,2022-03-17T04:13:21,7613.5
1520,1,SANTANDER,JOAO,SAQUE,2022-08-31T03:35:39,7128.17
2750,5,SANTANDER,ANA,DEPOSITO,2022-10-17T09:18:26,7972.14
2750,5,SANTANDER,ANA,SAQUE,2022-05-13T05:49:07,5148.74
1044,2,SANTANDER,FELIPE,SAQUE,2022-07-26T19:16:35,218.84
3320,4,SANTANDER,MARIA,SAQUE,2022-05-11T22:51:17,3335.1
3320,4,SANTANDER,MARIA,DEPOSITO,2022-05-13T10:30:10,2422.11
2870,9,SANTANDER,PAULO,SAQUE,2022-03-21T18:23:23,1853.55
3090,6,SANTANDER,PEDRO,SAQUE,2022-11-13T14:13:19,4252.85
2220,2,SANTANDER,JULIA,DEPOSITO,2022-06-20T16:15:35,968.04
3320,4,SANTANDER,MARIA,DEPOSITO,2022-08-12T05:27:00,4608.56
4110,7,SANTANDER,LUCAS,SAQUE,2022-02-08T14:53:56,7786.89
1044,2,SANTANDER,FELIPE,SAQUE,2022-04-14T00:29:06,385.13
4110,7,SANTANDER,LUCAS,SAQUE,2022-05-29T03:45:03,1536.15
3090,6,SANTANDER,PEDRO,DEPOSITO,2022-07-26T09:20:38,1918.12
2220,2,SANTANDER,JULIA,DEPOSITO,2022-01-13T22:01:16,8569.51
1810,3,SANTANDER,CARLOS,DEPOSITO,2022-12-10T16:11:55,3230.87
3090,6,SANTANDER,PEDRO,DEPOSITO,2022-11-28T19:02:21,6270.12
3320,4,SANTANDER,MARIA,DEPOSITO,2022-01-04T20:13:47,5988.66
3090,6,SANTANDER,PEDRO,SAQUE,2022-04-25T16:08:32,6268.51
2220,2,SANTANDER,JULIA,DEPOSITO,2022-08-08T23:31:30,8181.96
1810,3,SANTANDER,CARLOS,DEPOSITO,2022-06-14T19:15:25,7187.77
3320,4,SANTANDER,MARIA,DEPOSITO,2022-11-27T12:38:46,4897.42
2220,2,SANTANDER,JULIA,DEPOSITO,2022-09-18T20:27:57,6009.94
1260,8,SANTANDER,BEATRIZ,DEPOSITO,2022-02-14T08:26:06,6548.28
2750,5,SANTANDER,ANA,SAQUE,2022-10-17T11:33:01,3717.78
4110,7,SANTANDER,LUCAS,SAQUE,2022-12-09T21:14:45,8261.58
3090,6,SANTANDER,PEDRO,DEPOSITO,2022-05-19T00:51:17,7858.64
1810,3,SANTANDER,CARLOS,DEPOSITO,2022-08-15T06:09:45,427.21
1260,8,SANTANDER,BEATRIZ,SAQUE,2022-12-03T13:15:33,8846.12
1044,2,SANTANDER,FELIPE,DEPOSITO,2022-07-11T16:15:57,3140.31
1810,3,SANTANDER,CARLOS,DEPOSITO,2022-07-25T00:26:11,296.5
3320,4,SANTANDER,MARIA,SAQUE,2022-05-25T13:42:50,706.07
3090,6,SANTANDER,PEDRO,DEPOSITO,2022-10-29T19:53:37,1361.86
1810,3,SANTANDER,CARLOS,SAQUE,2022-12-06T08:02:55,9780.96
1260,8,SANTANDER,BEATRIZ,SAQUE,2022-09-25T15:56:18,324.15
3320,4,SANTANDER,MARIA,SAQUE,2022-09-23T08:04:22,699.48
1810,3,SANTANDER,CARLOS,DEPOSITO,2022-02-12T03:18:25,6183.1
1260,8,SANTANDER,BEATRIZ,SAQUE,2022-01-13T19:15:32,1331.17
2220,2,SANTANDER,JULIA,SAQUE,2022-10-28T14:48:57,4500.28
2870,9,SANTANDER,PAULO,SAQUE,2022-06-21T06:57:18,5386.43
2870,9,SANTANDER,PAULO,SAQUE,2022-06-28T22:42:07,4647.71
2870,9,SANTANDER,PAULO,SAQUE,2022-06-14T08:28:44,4009.4
2220,2,SANTANDER,JULIA,SAQUE,2022-04-06T06:44:19,5116.67
2870,9,SANTANDER,PAULO,SAQUE,2022-10-30T13:05:14,3596.02
1044,2,SANTANDER,FELIPE,DEPOSITO,2022-04-10T12:44:29,4742.43
1044,2,SANTANDER,FELIPE,DEPOSITO,2022-12-06T19:17:56,8236.79
1260,8,SANTANDER,BEATRIZ,SAQUE,2022-04-05T22:48:32,1154.74
2870,9,SANTANDER,PAULO,DEPOSITO,2022-11-09T12:10:50,5119.8
1810,3,SANTANDER,CARLOS,SAQUE,2022-07-01T11:58:52,8514.58
3090,6,SANTANDER,PEDRO,SAQUE,2022-11-25T04:10:38,3520.39
3320,4,SANTANDER,MARIA,DEPOSITO,2022-03-09T20:12:33,4773.08
2220,2,SANTANDER,JULIA,SAQUE,2022-07-27T07:04:34,3579.13
1520,1,SANTANDER,JOAO,DEPOSITO,2022-04-12T14:18:36,9574.31
1810,3,SANTANDER,CARLOS,DEPOSITO,2022-02-23T13:04:56,487.41
2750,5,SANTANDER,ANA,SAQUE,2022-01-29T22:27:53,237.42
2220,2,SANTANDER,JULIA,DEPOSITO,2022-05-22T13:40:05,1482.14
3090,6,SANTANDER,PEDRO,SAQUE,2022-04-03T16:55:14,368.84
1520,1,SANTANDER,JOAO,DEPOSITO,2022-06-30T01:21:21,9160.96
1260,8,SANTANDER,BEATRIZ,SAQUE,2022-08-08T00:23:01,4586.8
2870,9,SANTANDER,PAULO,DEPOSITO,2022-07-04T20:09:09,940.17
1810,3,SANTANDER,CARLOS,SAQUE,2022-08-21T05:45:01,4448.5
3320,4,SANTANDER,MARIA,DEPOSITO,2022-04-21T16:46:47,4747.69
2870,9,SANTANDER,PAULO,SAQUE,2022-06-03T04:40:49,1128.82
2220,2,SANTANDER,JULIA,DEPOSITO,2022-03-18T07:38:43,9245.82
3320,4,SANTANDER,MARIA,SAQUE,2022-05-28T08:13:46,5067.48
3090,6,SANTANDER,PEDRO,SAQUE,2022-07-14T09:52:34,4262.54
1810,3,SANTANDER,CARLOS,SAQUE,2022-02-09T09:06:28,4874.93
3320,4,SANTANDER,MARIA,DEPOSITO,2022-07-28T07:59:34,3750.44
3090,6,SANTANDER,PEDRO,SAQUE,2022-06-04T02:35:57,3192.12
1520,1,SANTANDER,JOAO,DEPOSITO,2022-09-29T16:18:38,2091.15
4110,7,SANTANDER,LUCAS,SAQUE,2022-04-08T07:31:03,5513.74
2750,5,SANTANDER,ANA,DEPOSITO,2022-09-24T01:56:27,3085.09
1260,8,SANTANDER,BEATRIZ,DEPOSITO,2022-07-23T08:53:14,6772.02
2220,2,SANTANDER,JULIA,SAQUE,2022-09-11T04:59:49,4098.2
3320,4,SANTANDER,MARIA,DEPOSITO,2022-01-09T16:18:59,1045.18
1810,3,SANTANDER,CARLOS,SAQUE,2022-09-19T13:31:51,9184.31
2220,2,SANTANDER,JULIA,SAQUE,2022-01-04T04:39:50,482.65
4110,7,SANTANDER,LUCAS,SAQUE,2022-02-08T16:52:18,49.94
1810,3,SANTANDER,CARLOS,DEPOSITO,2022-03-29T20:22:55,3818.98
4110,7,SANTANDER,LUCAS,SAQUE,2022-04-16T05:47:58,6021.36
1044,2,SANTANDER,FELIPE,DEPOSITO,2022-06-03T21:24:56,3317.29
1260,8,SANTANDER,BEATRIZ,SAQUE,2022-09-04T18:51:47,3287.1
2220,2,SANTANDER,JULIA,SAQUE,2022-01-21T02:28:12,3017.24
1520,1,SANTANDER,JOAO,SAQUE,2022-05-03T18:43:35,9857.86
1520,1,SANTANDER,JOAO,DEPOSITO,2022-01-12T09:36:06,291.43
1260,8,SANTANDER,BEATRIZ,SAQUE,2022-07-30T16:48:53,3879.86
3090,6,SANTANDER,PEDRO,DEPOSITO,2022-02-25T01:13:26,7302.2
3320,4,SANTANDER,MARIA,SAQUE,2022-03-22T14:49:24,2857.76
1520,1,SANTANDER,JOAO,SAQUE,2022-01-26T21:07:54,785.17
1044,2,SANTANDER,FELIPE,SAQUE,2022-04-09T07:13:40,1695.35
1260,8,SANTANDER,BEATRIZ,DEPOSITO,2022-10-09T10:04:08,7394.43
1044,2,SANTANDER,FELIPE,DEPOSITO,2022-09-29T15:22:37,5809.88
4110,7,SANTANDER,LUCAS,SAQUE,2022-10-23T05:10:49,4398.22
4110,7,SANTANDER,LUCAS,DEPOSITO,2022-04-06T00:57:12,7430.94
1260,8,SANTANDER,BEATRIZ,SAQUE,2022-08-11T07:30:48,2761.21
4110,7,SANTANDER,LUCAS,DEPOSITO,2022-05-16T01:01:18,4512.09
1520,1,SANTANDER,JOAO,DEPOSITO,2022-07-08T01:07:15,1078.33
3090,6,SANTANDER,PEDRO,DEPOSITO,2022-07-15T05:46:21,3863.73
4110,7,SANTANDER,LUCAS,DEPOSITO,2022-09-26T03:05:05,8739.35
1044,2,SANTANDER,FELIPE,SAQUE,2022-01-22T10:03:14,4272.12
3090,6,SANTANDER,PEDRO,DEPOSITO,2022-06-03T17:57:12,2675.79
4110,7,SANTANDER,LUCAS,SAQUE,2022-05-09T23:01:43,1750.99
4110,7,SANTANDER,LUCAS,SAQUE,2022-02-02T16:04:59,6827.01
3320,4,SANTANDER,MARIA,SAQUE,2022-12-30T21:22:15,4222.77
1810,3,SANTANDER,CARLOS,DEPOSITO,2022-11-22T21:55:57,5617.27
2220,2,SANTANDER,JULIA,DEPOSITO,2022-02-07T16:53:25,7388.7
3320,4,SANTANDER,MARIA,DEPOSITO,2022-05-01T09:17:57,2361.13
3320,4,SANTANDER,MARIA,SAQUE,2022-02-05T05:23:35,2625.21
1260,8,SANTANDER,BEATRIZ,SAQUE,2022-07-18T22:08:10,1989.47
1810,3,SANTANDER,CARLOS,SAQUE,2022-11-25T16:01:58,9679.15
3320,4,SANTANDER,MARIA,DEPOSITO,2022-04-10T18:45:50,3593.26
2220,2,SANTANDER,JULIA,DEPOSITO,2022-11-23T10:16:47,5988.2
1044,2,SANTANDER,FELIPE,DEPOSITO,2022-11-26T15:22:16,8841.35
1520,1,SANTANDER,JOAO,SAQUE,2022-09-17T15:17:23,4798.32
2750,5,SANTANDER,ANA,DEPOSITO,2022-04-02T15:57:37,4607.26
2870,9,SANTANDER,PAULO,SAQUE,2022-03-21T02:45:41,6125.22
2870,9,SANTANDER,PAULO,SAQUE,2022-10-09T13:35:06,9678.84
1044,2,SANTANDER,FELIPE,DEPOSITO,2022-02-14T00:01:30,735.13
4110,7,SANTANDER,LUCAS,SAQUE,2022-09-28T05:21:19,8052.77
3320,4,SANTANDER,MARIA,DEPOSITO,2022-12-01T21:04:37,2876.08
2870,9,SANTANDER,PAULO,SAQUE,2022-07-06T16:16:09,7602.24
1260,8,SANTANDER,BEATRIZ,SAQUE,2022-03-15T10:22:38,6454.65
3090,6,SANTANDER,PEDRO,DEPOSITO,2022-11-27T13:43:33,1394.67
1044,2,SANTANDER,FELIPE,DEPOSITO,2022-03-23T00:31:02,8567.46
2870,9,SANTANDER,PAULO,SAQUE,2022-09-06T06:05:53,985.68
3320,4,SANTANDER,MARIA,SAQUE,2022-03-28T01:37:23,8511.98
1260,8,SANTANDER,BEATRIZ,SAQUE,2022-05-01T11:45:04,8563.18
2220,2,SANTANDER,JULIA,DEPOSITO,2022-04-22T15:23:30,7240.96
1044,2,SANTANDER,FELIPE,SAQUE,2022-11-13T03:11:44,5995.93
2870,9,SANTANDER,PAULO,DEPOSITO,2022-09-22T12:44:11,7542.64
1810,3,SANTANDER,CARLOS,DEPOSITO,2022-11-22T10:49:29,6944.05
1520,1,SANTANDER,JOAO,SAQUE,2022-04-13T02:26:14,7702.88
3320,4,SANTANDER,MARIA,SAQUE,2022-04-06T01:34:20,4340.01
2870,9,SANTANDER,PAULO,SAQUE,2022-08-22T02:11:32,613.23
1260,8,SANTANDER,BEATRIZ,SAQUE,2022-02-20T20:40:12,7053.23
2870,9,SANTANDER,PAULO,SAQUE,2022-12-07T08:17:57,2798.17
1044,2,SANTANDER,FELIPE,SAQUE,2022-07-30T07:14:25,4044.94
2220,2,SANTANDER,JULIA,DEPOSITO,2022-03-26T19:23:30,4769.92
1810,3,SANTANDER,CARLOS,SAQUE,2022-08-03T10:07:29,5614.65
4110,7,SANTANDER,LUCAS,SAQUE,2022-02-15T01:13:24,6492.24
3090,6,SANTANDER,PEDRO,SAQUE,2022-10-31T06:47:03,5989.08
3320,4,SANTANDER,MARIA,DEPOSITO,2022-12-13T13:37:35,7621.88
1810,3,SANTANDER,CARLOS,SAQUE,2022-06-06T22:19:21,4541.37
3090,6,SANTANDER,PEDRO,SAQUE,2022-09-01T16:22:36,228.51
2750,5,SANTANDER,ANA,SAQUE,2022-07-05T11:25:56,8806.24
3090,6,SANTANDER,PEDRO,DEPOSITO,2022-06-19T04:32:18,7192.94
1810,3,SANTANDER,CARLOS,SAQUE,2022-07-12T05:50:33,3175.49
1810,3,SANTANDER,CARLOS,DEPOSITO,2022-06-07T20:56:28,9170.32
3320,4,SANTANDER,MARIA,SAQUE,2022-01-14T07:44:10,9593.02
3320,4,SANTANDER,MARIA,SAQUE,2022-04-21T15:18:39,2562.93
4110,7,SANTANDER,LUCAS,DEPOSITO,2022-05-01T22:44:31,8113.67
1044,2,SANTANDER,FELIPE,DEPOSITO,2022-12-12T15:23:18,1727.6
1520,1,SANTANDER,JOAO,SAQUE,2022-07-10T18:09:31,4983.52
1260,8,SANTANDER,BEATRIZ,SAQUE,2022-01-08T03:17:53,195.19
1044,2,SANTANDER,FELIPE,SAQUE,2022-07-23T15:33:01,4732.08
1260,8,SANTANDER,BEATRIZ,DEPOSITO,2022-02-19T04:37:59,7781.18
1260,8,SANTANDER,BEATRIZ,SAQUE,2022-12-21T23:46:24,4215.3
2870,9,SANTANDER,PAULO,SAQUE,2022-08-07T00:06:04,5332.74
1044,2,SANTANDER,FELIPE,SAQUE,2022-01-16T17:03:29,7574.78
4110,7,SANTANDER,LUCAS,DEPOSITO,2022-01-10T23:55:07,767.58
2870,9,SANTANDER,PAULO,SAQUE,2022-01-23T14:51:03,1333.12
3320,4,SANTANDER,MARIA,DEPOSITO,2022-09-04T09:14:53,3969.74
3320,4,SANTANDER,MARIA,DEPOSITO,2022-01-27T14:29:39,6927.38
4110,7,SANTANDER,LUCAS,DEPOSITO,2022-05-27T10:03:29,792.56
2870,9,SANTANDER,PAULO,DEPOSITO,2022-06-10T20:25:31,1111.16
4110,7,SANTANDER,LUCAS,DEPOSITO,2022-08-19T21:36:25,2416.52
4110,7,SANTANDER,LUCAS,DEPOSITO,2022-02-27T19:54:29,93.24
3320,4,SANTANDER,MARIA,DEPOSITO,2022-01-21T08:42:38,5753.54
2870,9,SANTANDER,PAULO,SAQUE,2022-11-17T06:49:43,4301.05
1044,2,SANTANDER,FELIPE,DEPOSITO,2022-12-09T11:22:23,4675.87
3320,4,SANTANDER,MARIA,DEPOSITO,2022-04-04T08:19:05,9383.4
2870,9,SANTANDER,PAULO,SAQUE,2022-03-12T01:32:59,192.88
2870,9,SANTANDER,PAULO,DEPOSITO,2022-01-16T14:57:15,8704.3
1260,8,SANTANDER,BEATRIZ,DEPOSITO,2022-10-21T20:21:03,173.66
2870,9,SANTANDER,PAULO,DEPOSITO,2022-07-04T13:01:52,2666.83
2870,9,SANTANDER,PAULO,DEPOSITO,2022-01-17T12:16:31,2069.04
1260,8,SANTANDER,BEATRIZ,SAQUE,2022-12-12T06:11:40,9743.11
2870,9,SANTANDER,PAULO,DEPOSITO,2022-02-17T11:52:07,1601.24
1520,1,SANTANDER,JOAO,DEPOSITO,2022-01-20T17:52:03,4290.54
1520,1,SANTANDER,JOAO,DEPOSITO,2022-10-07T03:14:05,9941.57
1810,3,SANTANDER,CARLOS,SAQUE,2022-08-21T09:00:49,1033.56
3320,4,SANTANDER,MARIA,DEPOSITO,2022-05-16T18:17:16,2008.93
1260,8,SANTANDER,BEATRIZ,DEPOSITO,2022-12-05T04:54:59,8619.03
3320,4,SANTANDER,MARIA,DEPOSITO,2022-06-10T18:34:25,3509.33
2220,2,SANTANDER,JULIA,DEPOSITO,2022-09-09T16:02:55,3881.48
1810,3,SANTANDER,CARLOS,SAQUE,2022-11-26T02:21:45,971.55
2750,5,SANTANDER,ANA,SAQUE,2022-09-18T00:21:27,8359.31
3320,4,SANTANDER,MARIA,DEPOSITO,2022-02-02T01:59:30,3526.3
1520,1,SANTANDER,JOAO,DEPOSITO,2022-09-18T11:32:55,4277.53
1260,8,SANTANDER,BEATRIZ,SAQUE,2022-07-21T02:06:33,78.73
2750,5,SANTANDER,ANA,DEPOSITO,2022-12-26T03:06:00,2149.18
1260,8,SANTANDER,BEATRIZ,SAQUE,2022-04-14T22:52:22,1772.96
1520,1,SANTANDER,JOAO,DEPOSITO,2022-07-20T07:04:30,9990.85
3320,4,SANTANDER,MARIA,SAQUE,2022-09-14T11:06:03,1293.45
1520,1,SANTANDER,JOAO,DEPOSITO,2022-09-14T18:07:03,8841.93
1520,1,SANTANDER,JOAO,DEPOSITO,2022-09-29T12:14:57,598.66
2750,5,SANTANDER,ANA,SAQUE,2022-06-18T17:11:11,6967.7
4110,7,SANTANDER,LUCAS,SAQUE,2022-02-06T16:05:55,5185.47
2750,5,SANTANDER,ANA,SAQUE,2022-11-10T09:05:50,6888.51
3320,4,SANTANDER,MARIA,DEPOSITO,2022-05-12T03:45:42,9634.95
3090,6,SANTANDER,PEDRO,DEPOSITO,2022-03-22T10:46:34,7344.19
2750,5,SANTANDER,ANA,DEPOSITO,2022-04-22T00:10:11,5849.87
3320,4,SANTANDER,MARIA,SAQUE,2022-06-18T13:16:41,941.84
1520,1,SANTANDER,JOAO,DEPOSITO,2022-03-19T05:42:50,4488.01
3090,6,SANTANDER,PEDRO,SAQUE,2022-04-13T02:42:00,203.97
3090,6,SANTANDER,PEDRO,SAQUE,2022-06-04T17:23:26,1316.58
2870,9,SANTANDER,PAULO,SAQUE,2022-11-27T07:29:17,1624.99
2870,9,SANTANDER,PAULO,DEPOSITO,2022-10-28T21:42:51,9437.7
1810,3,SANTANDER,CARLOS,SAQUE,2022-11-05T20:01:19,353.31
2220,2,SANTANDER,JULIA,SAQUE,2022-09-28T04:05:51,3995.2
3090,6,SANTANDER,PEDRO,DEPOSITO,2022-01-10T20:32:48,1280.54
2750,5,SANTANDER,ANA,SAQUE,2022-02-26T20:09:51,7793.43
1044,2,SANTANDER,FELIPE,SAQUE,2022-12-05T15:14:00,3625.15
1260,8,SANTANDER,BEATRIZ,SAQUE,2022-08-09T16:46:59,6645.39
4110,7,SANTANDER,LUCAS,DEPOSITO,2022-08-18T20:16:32,9640.78
1044,2,SANTANDER,FELIPE,DEPOSITO,2022-08-09T16:52:46,463.66
4110,7,SANTANDER,LUCAS,DEPOSITO,2022-07-09T10:57:37,7243.39
1810,3,SANTANDER,CARLOS,SAQUE,2022-01-17T20:53:01,3993.98
2750,5,SANTANDER,ANA,SAQUE,2022-08-16T10:34:17,9765.1
1810,3,SANTANDER,CARLOS,SAQUE,2022-05-02T12:43:48,608.64
2220,2,SANTANDER,JULIA,DEPOSITO,2022-06-15T05:08:50,2647.12
2750,5,SANTANDER,ANA,SAQUE,2022-07-23T06:28:02,2616.2
2750,5,SANTANDER,ANA,SAQUE,2022-11-16T13:14:00,4597.9
1044,2,SANTANDER,FELIPE,DEPOSITO,2022-03-20T18:12:56,3875.01
2750,5,SANTANDER,ANA,DEPOSITO,2022-12-25T03:18:31,2801.39
1520,1,SANTANDER,JOAO,SAQUE,2022-07-19T22:10:43,5006.16
2870,9,SANTANDER,PAULO,SAQUE,2022-11-29T01:33:24,4046.35
1260,8,SANTANDER,BEATRIZ,DEPOSITO,2022-07-30T04:22:32,3222.72
3090,6,SANTANDER,PEDRO,SAQUE,2022-11-22T15:29:51,900.62
2870,9,SANTANDER,PAULO,DEPOSITO,2022-03-09T05:01:18,2081.55
4110,7,SANTANDER,LUCAS,SAQUE,2022-08-30T06:43:10,3139.04
2750,5,SANTANDER,ANA,DEPOSITO,2022-12-14T12:22:48,4370.28
2750,5,SANTANDER,ANA,SAQUE,2022-08-04T15:46:37,8092.71
1260,8,SANTANDER,BEATRIZ,DEPOSITO,2022-11-09T20:25:06,5714.17
4110,7,SANTANDER,LUCAS,SAQUE,2022-03-24T01:54:53,9688.08
1810,3,SANTANDER,CARLOS,DEPOSITO,2022-07-15T07:37:43,2803.5
3320,4,SANTANDER,MARIA,DEPOSITO,2022-10-25T20:01:12,2106.68
1810,3,SANTANDER,CARLOS,DEPOSITO,2022-04-29T21:58:24,6913.82
3320,4,SANTANDER,MARIA,DEPOSITO,2022-06-12T05:55:45,6439.89
1520,1,SANTANDER,JOAO,SAQUE,2022-07-29T02:10:41,5549.44
2870,9,SANTANDER,PAULO,SAQUE,2022-08-10T05:37:03,1062.79
1520,1,SANTANDER,JOAO,SAQUE,2022-02-11T23:05:51,2355.63
1260,8,SANTANDER,BEATRIZ,SAQUE,2022-12-31T11:40:28,2106.5
2220,2,SANTANDER,JULIA,DEPOSITO,2022-07-20T01:53:07,3335.95
1044,2,SANTANDER,FELIPE,SAQUE,2022-06-28T04:14:18,8736.18
1260,8,SANTANDER,BEATRIZ,SAQUE,2022-06-09T00:45:06,1873.06
1810,3,SANTANDER,CARLOS,SAQUE,2022-01-20T01:28:24,6980.78
1810,3,SANTANDER,CARLOS,SAQUE,2022-01-12T11:29:24,1762.77
1520,1,SANTANDER,JOAO,SAQUE,2022-01-04T23:42:08,9224.93
4110,7,SANTANDER,LUCAS,SAQUE,2022-01-05T09:36:22,4279.94
2870,9,SANTANDER,PAULO,SAQUE,2022-05-09T09:04:29,2839.55
2870,9,SANTANDER,PAULO,SAQUE,2022-04-06T23:01:07,9834.0
1044,2,SANTANDER,FELIPE,SAQUE,2022-03-21T21:16:02,5922.99
1520,1,SANTANDER,JOAO,SAQUE,2022-08-08T19:57:41,174.42
1260,8,SANTANDER,BEATRIZ,SAQUE,2022-10-04T00:59:44,1436.79
2750,5,SANTANDER,ANA,DEPOSITO,2022-07-07T20:06:15,3407.35
1044,2,SANTANDER,FELIPE,DEPOSITO,2022-05-01T04:22:33,2440.34
2220,2,SANTANDER,JULIA,DEPOSITO,2022-10-07T12:18:10,5561.24
2750,5,SANTANDER,ANA,SAQUE,2022-04-15T16:48:55,2874.5
1260,8,SANTANDER,BEATRIZ,SAQUE,2022-04-04T22:31:47,3713.26
4110,7,SANTANDER,LUCAS,DEPOSITO,2022-04-29T18:08:04,1540.0
3090,6,SANTANDER,PEDRO,SAQUE,2022-01-10T13:08:52,3180.72
2870,9,SANTANDER,PAULO,SAQUE,2022-04-25T19:00:43,8443.24
1260,8,SANTANDER,BEATRIZ,DEPOSITO,2022-06-20T15:07:28,5791.12
2750,5,SANTANDER,ANA,DEPOSITO,2022-05-06T00:56:33,1000.54
1520,1,SANTANDER,JOAO,SAQUE,2022-11-21T10:27:54,8160.11
3320,4,SANTANDER,MARIA,SAQUE,2022-10-08T13:58:07,2243.64
3320,4,SANTANDER,MARIA,SAQUE,2022-05-28T18:29:34,6658.2
3090,6,SANTANDER,PEDRO,DEPOSITO,2022-04-08T16:07:47,56.9
1044,2,SANTANDER,FELIPE,SAQUE,2022-01-12T10:01:58,6657.29
2870,9,SANTANDER,PAULO,SAQUE,2022-02-14T10:54:09,4358.8
4110,7,SANTANDER,LUCAS,SAQUE,2022-06-12T00:32:12,808.83
4110,7,SANTANDER,LUCAS,DEPOSITO,2022-03-30T08:41:49,9590.67
4110,7,SANTANDER,LUCAS,SAQUE,2022-11-09T17:55:03,8831.49
2870,9,SANTANDER,PAULO,SAQUE,2022-01-29T16:55:04,2606.55
2870,9,SANTANDER,PAULO,SAQUE,2022-10-06T18:40:26,252.47
1260,8,SANTANDER,BEATRIZ,DEPOSITO,2022-04-25T11:57:28,8571.74
1520,1,SANTANDER,JOAO,SAQUE,2022-01-20T10:03:06,6293.96
2870,9,SANTANDER,PAULO,SAQUE,2022-09-25T04:29:31,8705.0
2870,9,SANTANDER,PAULO,SAQUE,2022-04-01T15:32:54,3601.16
1520,1,SANTANDER,JOAO,DEPOSITO,2022-08-07T07:53:53,8203.87
3090,6,SANTANDER,PEDRO,SAQUE,2022-01-28T06:04:31,5480.07
3320,4,SANTANDER,MARIA,SAQUE,2022-08-19T08:26:25,6265.02
1044,2,SANTANDER,FELIPE,DEPOSITO,2022-08-24T16:16:47,7626.0
2870,9,SANTANDER,PAULO,DEPOSITO,2022-12-12T02:32:23,662.23
1810,3,SANTANDER,CARLOS,DEPOSITO,2022-04-15T21:02:30,5183.67
1260,8,SANTANDER,BEATRIZ,DEPOSITO,2022-08-06T07:42:58,3335.29
2220,2,SANTANDER,JULIA,DEPOSITO,2022-03-24T14:23:47,9725.48
1260,8,SANTANDER,BEATRIZ,DEPOSITO,2022-03-05T22:59:26,9203.13
1260,8,SANTANDER,BEATRIZ,DEPOSITO,2022-09-13T18:43:14,83.49
2870,9,SANTANDER,PAULO,SAQUE,2022-10-20T06:19:17,1505.34
1520,1,SANTANDER,JOAO,DEPOSITO,2022-07-11T22:39:56,2426.44
3320,4,SANTANDER,MARIA,SAQUE,2022-11-14T03:52:31,2592.97
3320,4,SANTANDER,MARIA,SAQUE,2022-02-23T06:20:35,3603.84
1810,3,SANTANDER,CARLOS,SAQUE,2022-08-30T22:37:16,5633.71
1260,8,SANTANDER,BEATRIZ,DEPOSITO,2022-07-30T06:55:36,7900.74
3090,6,SANTANDER,PEDRO,SAQUE,2022-04-07T09:21:11,5380.5
2870,9,SANTANDER,PAULO,DEPOSITO,2022-04-06T09:48:57,3807.98
4110,7,SANTANDER,LUCAS,DEPOSITO,2022-04-08T12:19:30,6944.53
1044,2,SANTANDER,FELIPE,DEPOSITO,2022-08-19T04:25:13,6569.8
2870,9,SANTANDER,PAULO,DEPOSITO,2022-12-25T14:20:36,6680.31
2750,5,SANTANDER,ANA,DEPOSITO,2022-09-30T01:57:18,1254.33
1520,1,SANTANDER,JOAO,DEPOSITO,2022-01-04T12:32:26,9969.47
2870,9,SANTANDER,PAULO,DEPOSITO,2022-11-01T10:00:07,321.39
4110,7,SANTANDER,LUCAS,SAQUE,2022-07-01T16:45:36,7801.2
2750,5,SANTANDER,ANA,SAQUE,2022-06-27T21:58:31,6435.32
1044,2,SANTANDER,FELIPE,SAQUE,2022-01-05T23:27:50,5101.04
3320,4,SANTANDER,MARIA,DEPOSITO,2022-07-14T04:38:19,5819.25
1520,1,SANTANDER,JOAO,SAQUE,2022-12-02T07:03:17,3906.85
1260,8,SANTANDER,BEATRIZ,SAQUE,2022-12-15T04:27:59,8447.08
4110,7,SANTANDER,LUCAS,SAQUE,2022-10-01T16:55:31,1562.02
1520,1,SANTANDER,JOAO,SAQUE,2022-12-08T14:01:53,3647.59
2870,9,SANTANDER,PAULO,SAQUE,2022-03-14T07:18:19,5934.7
1810,3,SANTANDER,CARLOS,DEPOSITO,2022-01-02T00:47:33,1588.3
2750,5,SANTANDER,ANA,SAQUE,2022-04-14T07:37:46,88.78
1520,1,SANTANDER,JOAO,DEPOSITO,2022-01-16T09:04:02,6619.98
3090,6,SANTANDER,PEDRO,SAQUE,2022-08-15T09:15:30,1471.86
3090,6,SANTANDER,PEDRO,SAQUE,2022-12-30T17:27:46,5103.35
4110,7,SANTANDER,LUCAS,DEPOSITO,2022-11-28T03:04:34,3349.36
4110,7,SANTANDER,LUCAS,DEPOSITO,2022-11-23T16:16:48,8632.42
2220,2,SANTANDER,JULIA,SAQUE,2022-08-14T09:46:39,5990.11
1810,3,SANTANDER,CARLOS,DEPOSITO,2022-01-08T11:59:36,6756.05
2870,9,SANTANDER,PAULO,DEPOSITO,2022-06-19T09:04:43,8996.28
4110,7,SANTANDER,LUCAS,DEPOSITO,2022-09-01T14:26:50,564.18
4110,7,SANTANDER,LUCAS,DEPOSITO,2022-05-17T06:08:24,3737.6
4110,7,SANTANDER,LUCAS,DEPOSITO,2022-02-12T19:37:42,4272.91
1810,3,SANTANDER,CARLOS,SAQUE,2022-04-29T13:14:30,9806.13
2220,2,SANTANDER,JULIA,SAQUE,2022-07-20T07:45:17,2005.26
2870,9,SANTANDER,PAULO,SAQUE,2022-09-30T00:11:55,725.26
3320,4,SANTANDER,MARIA,DEPOSITO,2022-11-08T05:36:57,5669.85
3090,6,SANTANDER,PEDRO,SAQUE,2022-05-15T23:54:59,9861.3
4110,7,SANTANDER,LUCAS,SAQUE,2022-11-29T04:15:53,468.98
1260,8,SANTANDER,BEATRIZ,SAQUE,2022-12-01T05:29:38,3545.95
2220,2,SANTANDER,JULIA,DEPOSITO,2022-05-07T13:53:52,6233.61
2750,5,SANTANDER,ANA,DEPOSITO,2022-03-22T16:29:18,7406.11
1260,8,SANTANDER,BEATRIZ,DEPOSITO,2022-04-29T19:58:47,4359.46
1044,2,SANTANDER,FELIPE,SAQUE,2022-12-27T20:46:38,899.32
2870,9,SANTANDER,PAULO,SAQUE,2022-04-15T20:22:57,2796.26
3320,4,SANTANDER,MARIA,SAQUE,2022-04-28T07:37:50,6812.13
1044,2,SANTANDER,FELIPE,SAQUE,2022-05-01T05:49:47,6148.35
1810,3,SANTANDER,CARLOS,DEPOSITO,2022-12-09T14:14:19,637.63
4110,7,SANTANDER,LUCAS,DEPOSITO,2022-07-26T10:13:36,485.7
2870,9,SANTANDER,PAULO,DEPOSITO,2022-05-09T11:47:41,1027.0
3090,6,SANTANDER,PEDRO,SAQUE,2022-11-22T05:52:36,338.65
3320,4,SANTANDER,MARIA,DEPOSITO,2022-06-03T18:21:11,7364.61
1520,1,SANTANDER,JOAO,SAQUE,2022-06-11T19:21:54,7459.56
2870,9,SANTANDER,PAULO,SAQUE,2022-11-08T17:18:27,5822.61
1520,1,SANTANDER,JOAO,SAQUE,2022-10-15T06:44:41,8846.1
3090,6,SANTANDER,PEDRO,DEPOSITO,2022-01-20T21:56:44,2594.43
4110,7,SANTANDER,LUCAS,SAQUE,2022-02-26T08:03:40,8074.56
2750,5,SANTANDER,ANA,SAQUE,2022-05-26T04:04:12,2853.42
2220,2,SANTANDER,JULIA,SAQUE,2022-08-26T11:15:36,6482.47
1520,1,SANTANDER,JOAO,SAQUE,2022-09-27T16:47:39,6606.08
2870,9,SANTANDER,PAULO,SAQUE,2022-07-11T19:55:24,9777.72
2870,9,SANTANDER,PAULO,SAQUE,2022-08-09T11:06:22,8517.76
2870,9,SANTANDER,PAULO,DEPOSITO,2022-05-05T10:32:11,2966.18
2870,9,SANTANDER,PAULO,DEPOSITO,2022-05-06T03:43:00,7647.69
2220,2,SANTANDER,JULIA,SAQUE,2022-03-13T06:16:50,8905.95
1260,8,SANTANDER,BEATRIZ,DEPOSITO,2022-12-08T23:00:44,8030.3
2220,2,SANTANDER,JULIA,DEPOSITO,2022-11-02T23:17:23,9859.41
1044,2,SANTANDER,FELIPE,DEPOSITO,2022-07-19T15:01:11,9476.7
3320,4,SANTANDER,MARIA,DEPOSITO,2022-01-22T22:42:41,887.33
4110,7,SANTANDER,LUCAS,DEPOSITO,2022-07-12T01:50:21,2603.25
4110,7,SANTANDER,LUCAS,DEPOSITO,2022-01-15T23:20:05,8238.0
2750,5,SANTANDER,ANA,SAQUE,2022-04-10T15:28:55,5359.3
3090,6,SANTANDER,PEDRO,DEPOSITO,2022-02-02T14:04:20,2526.44
1520,1,SANTANDER,JOAO,SAQUE,2022-12-20T22:23:34,5905.36
2750,5,SANTANDER,ANA,DEPOSITO,2022-12-10T03:29:39,9836.05
3090,6,SANTANDER,PEDRO,DEPOSITO,2022-04-06T08:49:32,2673.25
1044,2,SANTANDER,FELIPE,SAQUE,2022-05-18T11:21:47,4716.4
2750,5,SANTANDER,ANA,DEPOSITO,2022-11-04T04:34:26,8292.4
3320,4,SANTANDER,MARIA,SAQUE,2022-11-04T03:34:32,5551.88
2750,5,SANTANDER,ANA,DEPOSITO,2022-10-05T17:18:17,1423.11
1044,2,SANTANDER,FELIPE,SAQUE,2022-07-25T20:35:23,1291.44
3090,6,SANTANDER,PEDRO,SAQUE,2022-04-02T15:01:09,1463.93
3090,6,SANTANDER,PEDRO,DEPOSITO,2022-10-03T20:50:48,9647.84
2750,5,SANTANDER,ANA,SAQUE,2022-10-07T08:23:41,8939.64
1810,3,SANTANDER,CARLOS,DEPOSITO,2022-09-25T22:18:15,3350.98
2870,9,SANTANDER,PAULO,DEPOSITO,2022-11-14T06:57:45,4868.96
1810,3,SANTANDER,CARLOS,SAQUE,2022-01-12T21:03:58,1767.27
2870,9,SANTANDER,PAULO,SAQUE,2022-06-07T21:16:17,4465.13
1520,1,SANTANDER,JOAO,DEPOSITO,2022-11-20T17:07:33,9768.07
2750,5,SANTANDER,ANA,DEPOSITO,2022-02-22T11:13:21,7922.73
2220,2,SANTANDER,JULIA,DEPOSITO,2022-01-03T12:29:40,8460.21
3320,4,SANTANDER,MARIA,DEPOSITO,2022-11-03T10:36:05,7200.45
2750,5,SANTANDER,ANA,SAQUE,2022-02-08T15:56:27,4056.18
4110,7,SANTANDER,LUCAS,DEPOSITO,2022-02-09T17:35:15,188.82
4110,7,SANTANDER,LUCAS,SAQUE,2022-06-11T01:21:06,7446.31
2220,2,SANTANDER,JULIA,DEPOSITO,2022-12-20T23:17:32,7131.74
2870,9,SANTANDER,PAULO,SAQUE,2022-11-23T14:21:55,5746.72
1044,2,SANTANDER,FELIPE,SAQUE,2022-10-29T03:18:34,1004.42
1810,3,SANTANDER,CARLOS,DEPOSITO,2022-05-10T12:57:41,9516.57
1810,3,SANTANDER,CARLOS,SAQUE,2022-12-15T13:33:09,7108.82
1520,1,SANTANDER,JOAO,DEPOSITO,2022-06-03T11:55:45,1562.09
2220,2,SANTANDER,JULIA,SAQUE,2022-04-09T01:25:29,6509.24
2870,9,SANTANDER,PAULO,SAQUE,2022-08-12T23:24:02,6371.27
2220,2,SANTANDER,JULIA,SAQUE,2022-10-23T19:31:17,3085.59
4110,7,SANTANDER,LUCAS,DEPOSITO,2022-01-19T15:24:44,327.53
1810,3,SANTANDER,CARLOS,SAQUE,2022-01-04T06:21:44,2158.65
2220,2,SANTANDER,JULIA,SAQUE,2022-11-02T01:30:56,4940.29
1810,3,SANTANDER,CARLOS,SAQUE,2022-08-03T20:09:23,3108.46
1260,8,SANTANDER,BEATRIZ,SAQUE,2022-11-28T17:13:30,7539.89
1520,1,SANTANDER,JOAO,SAQUE,2022-11-08T09:43:15,8815.37
1810,3,SANTANDER,CARLOS,DEPOSITO,2022-11-30T15:38:33,8607.1
4110,7,SANTANDER,LUCAS,DEPOSITO,2022-03-23T16:35:31,842.96
2870,9,SANTANDER,PAULO,DEPOSITO,2022-12-16T01:07:34,1543.12
1810,3,SANTANDER,CARLOS,DEPOSITO,2022-12-11T23:05:42,9136.08
3090,6,SANTANDER,PEDRO,DEPOSITO,2022-09-13T10:19:20,4572.97
1044,2,SANTANDER,FELIPE,DEPOSITO,2022-03-20T18:12:56,3875.01
1044,2,SANTANDER,FELIPE,SAQUE,2022-06-06T03:30:40,750.64
1044,2,SANTANDER,FELIPE,DEPOSITO,2022-10-21T16:24:13,2605.84
1810,3,SANTANDER,CARLOS,SAQUE,2022-03-11T09:01:24,1912.84
2220,2,SANTANDER,JULIA,SAQUE,2022-04-29T17:27:21,8500.76
2870,9,SANTANDER,PAULO,DEPOSITO,2022-11-30T01:20:47,7930.65
1260,8,SANTANDER,BEATRIZ,SAQUE,2022-08-03T09:21:41,3552.76
3090,6,SANTANDER,PEDRO,SAQUE,2022-02-08T18:54:35,3469.73
1260,8,SANTANDER,BEATRIZ,DEPOSITO,2022-03-05T03:40:01,7359.52
3320,4,SANTANDER,MARIA,SAQUE,2022-12-14T01:21:00,2857.28
4110,7,SANTANDER,LUCAS,DEPOSITO,2022-05-10T10:38:37,4596.29
1520,1,SANTANDER,JOAO,DEPOSITO,2022-10-19T00:12:49,7415.89
2870,9,SANTANDER,PAULO,SAQUE,2022-08-10T17:59:16,9726.1
1260,8,SANTANDER,BEATRIZ,SAQUE,2022-07-23T06:29:08,9375.25
3320,4,SANTANDER,MARIA,DEPOSITO,2022-10-22T15:08:14,5488.66
1810,3,SANTANDER,CARLOS,DEPOSITO,2022-03-25T21:27:01,9169.98
1260,8,SANTANDER,BEATRIZ,SAQUE,2022-09-17T03:47:23,1653.28
1810,3,SANTANDER,CARLOS,SAQUE,2022-10-21T05:35:30,9779.22
3090,6,SANTANDER,PEDRO,DEPOSITO,2022-02-07T13:24:09,311.43
4110,7,SANTANDER,LUCAS,DEPOSITO,2022-04-29T00:14:08,6686.11
1810,3,SANTANDER,CARLOS,DEPOSITO,2022-01-22T02:00:35,6861.45
2220,2,SANTANDER,JULIA,DEPOSITO,2022-08-27T03:43:17,3564.0
2220,2,SANTANDER,JULIA,SAQUE,2022-03-29T05:56:33,1555.61
1260,8,SANTANDER,BEATRIZ,SAQUE,2022-12-13T17:53:39,8005.32
1810,3,SANTANDER,CARLOS,SAQUE,2022-11-04T22:22:03,4140.57
1044,2,SANTANDER,FELIPE,SAQUE,2022-05-07T14:58:09,4928.87
3320,4,SANTANDER,MARIA,SAQUE,2022-03-15T22:13:23,170.03
2870,9,SANTANDER,PAULO,DEPOSITO,2022-11-14T08:52:17,8897.52
1044,2,SANTANDER,FELIPE,SAQUE,2022-02-18T02:18:03,2324.67
2220,2,SANTANDER,JULIA,DEPOSITO,2022-02-27T14:58:54,3853.36
3090,6,SANTANDER,PEDRO,SAQUE,2022-08-03T02:51:47,6829.62
3320,4,SANTANDER,MARIA,DEPOSITO,2022-07-24T18:44:19,7550.51
1520,1,SANTANDER,JOAO,DEPOSITO,2022-03-20T02:49:20,4995.69
1520,1,SANTANDER,JOAO,SAQUE,2022-03-24T08:51:55,3507.58
4110,7,SANTANDER,LUCAS,DEPOSITO,2022-08-07T15:21:31,8491.35
3320,4,SANTANDER,MARIA,SAQUE,2022-07-29T20:30:17,4210.58
4110,7,SANTANDER,LUCAS,SAQUE,2022-02-06T19:20:07,2273.26
4110,7,SANTANDER,LUCAS,SAQUE,2022-12-06T22:09:08,9209.36
1044,2,SANTANDER,FELIPE,SAQUE,2022-12-25T14:27:57,1108.1
1260,8,SANTANDER,BEATRIZ,DEPOSITO,2022-04-30T09:39:56,5559.17
1520,1,SANTANDER,JOAO,SAQUE,2022-01-17T03:05:22,9770.67
3320,4,SANTANDER,MARIA,SAQUE,2022-09-30T04:15:11,3885.52
1810,3,SANTANDER,CARLOS,DEPOSITO,2022-05-02T00:21:50,4828.59
2220,2,SANTANDER,JULIA,DEPOSITO,2022-12-20T01:38:03,9148.47
3320,4,SANTANDER,MARIA,SAQUE,2022-12-21T20:15:30,1868.54
1520,1,SANTANDER,JOAO,DEPOSITO,2022-11-16T06:28:48,9368.91
1810,3,SANTANDER,CARLOS,SAQUE,2022-03-03T00:16:27,5495.14
2750,5,SANTANDER,ANA,DEPOSITO,2022-03-22T07:18:58,914.78
1260,8,SANTANDER,BEATRIZ,DEPOSITO,2022-10-20T19:28:34,1251.28
1260,8,SANTANDER,BEATRIZ,SAQUE,2022-11-25T11:56:40,2240.66
3090,6,SANTANDER,PEDRO,DEPOSITO,2022-03-22T08:21:01,7489.69
1044,2,SANTANDER,FELIPE,DEPOSITO,2022-08-02T08:52:11,4038.21
1520,1,SANTANDER,JOAO,DEPOSITO,2022-05-14T04:01:42,7260.38
2220,2,SANTANDER,JULIA,SAQUE,2022-06-12T05:31:48,7100.58
1520,1,SANTANDER,JOAO,SAQUE,2022-04-14T09:15:51,9066.53
1520,1,SANTANDER,JOAO,SAQUE,2022-04-16T10:21:53,9599.91
1520,1,SANTANDER,JOAO,DEPOSITO,2022-05-23T14:51:09,4260.72
1520,1,SANTANDER,JOAO,DEPOSITO,2022-06-19T17:13:46,5166.72
1044,2,SANTANDER,FELIPE,SAQUE,2022-08-25T06:26:55,9192.18
3090,6,SANTANDER,PEDRO,SAQUE,2022-08-18T09:27:36,1073.41
1520,1,SANTANDER,JOAO,DEPOSITO,2022-09-10T17:24:27,2269.56
2870,9,SANTANDER,PAULO,DEPOSITO,2022-07-30T16:27:59,786.51
1044,2,SANTANDER,FELIPE,DEPOSITO,2022-06-18T12:49:07,4214.18
3320,4,SANTANDER,MARIA,SAQUE,2022-06-20T22:16:41,855.94
4110,7,SANTANDER,LUCAS,DEPOSITO,2022-05-29T19:36:27,6946.85
3090,6,SANTANDER,PEDRO,DEPOSITO,2022-06-01T13:40:30,9434.89
3090,6,SANTANDER,PEDRO,SAQUE,2022-05-02T19:17:29,4640.24
1044,2,SANTANDER,FELIPE,DEPOSITO,2022-05-10T18:22:42,237.46
1520,1,SANTANDER,JOAO,DEPOSITO,2022-11-11T18:57:52,7970.94
3090,6,SANTANDER,PEDRO,SAQUE,2022-05-25T01:41:06,4449.81
2750,5,SANTANDER,ANA,DEPOSITO,2022-09-07T10:29:57,691.81
1520,1,SANTANDER,JOAO,DEPOSITO,2022-09-04T21:55:09,9072.08
1810,3,SANTANDER,CARLOS,DEPOSITO,2022-06-07T23:27:12,6198.25
3320,4,SANTANDER,MARIA,SAQUE,2022-01-05T23:28:36,1695.94
1260,8,SANTANDER,BEATRIZ,SAQUE,2022-06-27T07:40:54,705.33
1260,8,SANTANDER,BEATRIZ,DEPOSITO,2022-12-04T14:45:44,8718.77
2220,2,SANTANDER,JULIA,DEPOSITO,2022-09-23T15:35:51,2257.43
3090,6,SANTANDER,PEDRO,DEPOSITO,2022-04-11T01:05:28,8527.97
1520,1,SANTANDER,JOAO,SAQUE,2022-03-12T02:18:34,5433.31
1810,3,SANTANDER,CARLOS,DEPOSITO,2022-03-27T04:34:01,2195.78
1044,2,SANTANDER,FELIPE,DEPOSITO,2022-03-15T05:15:32,2196.71
1260,8,SANTANDER,BEATRIZ,DEPOSITO,2022-11-09T15:07:30,4566.54
3090,6,SANTANDER,PEDRO,SAQUE,2022-08-11T02:08:04,2617.31
1260,8,SANTANDER,BEATRIZ,DEPOSITO,2022-06-10T02:49:51,9851.38
2220,2,SANTANDER,JULIA,DEPOSITO,2022-02-28T12:32:44,8854.5
3090,6,SANTANDER,PEDRO,SAQUE,2022-01-30T21:07:15,8302.33
1520,1,SANTANDER,JOAO,SAQUE,2022-08-25T01:13:50,6270.96
1044,2,SANTANDER,FELIPE,SAQUE,2022-05-03T08:54:02,9767.26
2220,2,SANTANDER,JULIA,DEPOSITO,2022-04-06T05:36:00,1360.95
3320,4,SANTANDER,MARIA,SAQUE,2022-09-29T17:59:06,5562.31
1260,8,SANTANDER,BEATRIZ,SAQUE,2022-01-10T04:18:08,3178.56
1520,1,SANTANDER,JOAO,SAQUE,2022-03-10T07:10:33,1159.12
2750,5,SANTANDER,ANA,DEPOSITO,2022-05-17T08:32:45,9779.56
1260,8,SANTANDER,BEATRIZ,SAQUE,2022-11-07T07:45:07,6996.33
2220,2,SANTANDER,JULIA,SAQUE,2022-08-28T15:40:07,5731.5
3320,4,SANTANDER,MARIA,SAQUE,2022-09-05T16:23:46,3083.74
2750,5,SANTANDER,ANA,DEPOSITO,2022-05-13T19:37:41,2813.28
1520,1,SANTANDER,JOAO,SAQUE,2022-04-27T06:55:15,7550.39
2220,2,SANTANDER,JULIA,DEPOSITO,2022-07-09T09:19:56,7390.26
2750,5,SANTANDER,ANA,SAQUE,2022-03-14T05:21:38,1387.78
4110,7,SANTANDER,LUCAS,DEPOSITO,2022-03-07T02:30:15,2805.43
2750,5,SANTANDER,ANA,SAQUE,2022-01-20T22:34:46,2719.46
2220,2,SANTANDER,JULIA,DEPOSITO,2022-04-01T22:29:08,5707.9
2220,2,SANTANDER,JULIA,DEPOSITO,2022-06-20T11:10:15,9743.79
1810,3,SANTANDER,CARLOS,DEPOSITO,2022-07-12T09:54:35,3124.77
3320,4,SANTANDER,MARIA,SAQUE,2022-09-19T00:44:33,885.62
1810,3,SANTANDER,CARLOS,DEPOSITO,2022-06-30T10:06:44,5982.16
3090,6,SANTANDER,PEDRO,DEPOSITO,2022-02-22T21:38:24,4357.97
1044,2,SANTANDER,FELIPE,SAQUE,2022-09-30T11:43:13,9546.45
2870,9,SANTANDER,PAULO,DEPOSITO,2022-08-09T02:09:10,2212.04
2870,9,SANTANDER,PAULO,DEPOSITO,2022-11-09T11:38:29,6839.18
3320,4,SANTANDER,MARIA,SAQUE,2022-07-17T01:35:46,2914.3
3320,4,SANTANDER,MARIA,DEPOSITO,2022-11-10T19:05:53,448.46
1260,8,SANTANDER,BEATRIZ,SAQUE,2022-12-15T04:27:59,8447.08
1810,3,SANTANDER,CARLOS,SAQUE,2022-02-24T21:24:41,2419.83
2750,5,SANTANDER,ANA,SAQUE,2022-12-13T15:24:58,5192.59
2220,2,SANTANDER,JULIA,DEPOSITO,2022-02-17T23:44:40,8494.66
4110,7,SANTANDER,LUCAS,DEPOSITO,2022-11-04T19:51:14,4063.67
1810,3,SANTANDER,CARLOS,SAQUE,2022-07-15T21:28:51,4813.67
3320,4,SANTANDER,MARIA,SAQUE,2022-04-28T12:31:46,6046.75
2870,9,SANTANDER,PAULO,DEPOSITO,2022-06-12T20:31:18,9484.23
2870,9,SANTANDER,PAULO,DEPOSITO,2022-10-04T12:22:14,4037.09
1810,3,SANTANDER,CARLOS,SAQUE,2022-12-28T07:04:31,9784.8
4110,7,SANTANDER,LUCAS,DEPOSITO,2022-03-23T07:26:44,3888.77
1260,8,SANTANDER,BEATRIZ,SAQUE,2022-12-13T09:17:47,5338.75
2220,2,SANTANDER,JULIA,SAQUE,2022-09-19T16:44:17,7765.78
4110,7,SANTANDER,LUCAS,DEPOSITO,2022-02-26T20:55:18,4568.69
2220,2,SANTANDER,JULIA,DEPOSITO,2022-08-23T11:30:52,4830.31
3090,6,SANTANDER,PEDRO,DEPOSITO,2022-12-19T01:17:30,3293.03
1044,2,SANTANDER,FELIPE,SAQUE,2022-03-27T15:32:39,1709.25
2220,2,SANTANDER,JULIA,DEPOSITO,2022-03-27T23:12:54,1143.31
1044,2,SANTANDER,FELIPE,DEPOSITO,2022-08-15T18:15:21,1702.62
1260,8,SANTANDER,BEATRIZ,DEPOSITO,2022-09-18T04:23:05,6335.63
3090,6,SANTANDER,PEDRO,SAQUE,2022-09-17T17:01:56,6002.34
4110,7,SANTANDER,LUCAS,DEPOSITO,2022-04-04T03:45:13,8503.37
1810,3,SANTANDER,CARLOS,DEPOSITO,2022-12-23T10:18:18,2088.18
2220,2,SANTANDER,JULIA,DEPOSITO,2022-11-28T01:39:47,6868.1
1810,3,SANTANDER,CARLOS,DEPOSITO,2022-04-05T04:36:51,5434.15
3320,4,SANTANDER,MARIA,DEPOSITO,2022-07-09T20:35:29,9648.86
1520,1,SANTANDER,JOAO,DEPOSITO,2022-12-18T18:23:11,6471.06
1044,2,SANTANDER,FELIPE,DEPOSITO,2022-11-07T03:56:00,9392.57
2870,9,SANTANDER,PAULO,DEPOSITO,2022-12-09T20:26:02,4801.14
4110,7,SANTANDER,LUCAS,SAQUE,2022-09-02T16:28:52,4642.89
1044,2,SANTANDER,FELIPE,SAQUE,2022-11-21T16:09:06,5053.08
1260,8,SANTANDER,BEATRIZ,DEPOSITO,2022-06-06T03:58:39,8414.27
2750,5,SANTANDER,ANA,DEPOSITO,2022-12-16T14:02:12,3407.6
2220,2,SANTANDER,JULIA,DEPOSITO,2022-06-11T16:01:12,2922.36
1810,3,SANTANDER,CARLOS,DEPOSITO,2022-11-30T06:42:25,2444.77
2220,2,SANTANDER,JULIA,DEPOSITO,2022-11-10T13:11:49,2491.91
4110,7,SANTANDER,LUCAS,DEPOSITO,2022-02-25T14:47:23,912.03
1044,2,SANTANDER,FELIPE,DEPOSITO,2022-12-01T18:36:29,7586.09
3090,6,SANTANDER,PEDRO,SAQUE,2022-11-30T08:11:42,6734.24
3320,4,SANTANDER,MARIA,SAQUE,2022-10-12T22:57:09,6869.93
3090,6,SANTANDER,PEDRO,SAQUE,2022-02-25T22:46:38,9325.43
4110,7,SANTANDER,LUCAS,SAQUE,2022-10-28T10:12:13,8568.9
2220,2,SANTANDER,JULIA,DEPOSITO,2022-12-10T21:44:02,6072.06
4110,7,SANTANDER,LUCAS,SAQUE,2022-09-06T17:30:17,429.16
3090,6,SANTANDER,PEDRO,SAQUE,2022-11-20T23:39:26,436.56
2220,2,SANTANDER,JULIA,SAQUE,2022-06-01T22:17:20,1382.58
1520,1,SANTANDER,JOAO,SAQUE,2022-08-13T06:04:58,1958.31
1044,2,SANTANDER,FELIPE,SAQUE,2022-03-27T06:36:35,2419.76
1260,8,SANTANDER,BEATRIZ,SAQUE,2022-07-29T19:08:37,7031.28
2220,2,SANTANDER,JULIA,SAQUE,2022-01-09T05:56:11,7344.18
1044,2,SANTANDER,FELIPE,DEPOSITO,2022-06-17T07:39:42,3119.39
3090,6,SANTANDER,PEDRO,DEPOSITO,2022-10-09T18:42:26,805.55
3090,6,SANTANDER,PEDRO,SAQUE,2022-10-04T10:55:09,7201.81
2750,5,SANTANDER,ANA,DEPOSITO,2022-10-01T12:55:31,471.99
2870,9,SANTANDER,PAULO,DEPOSITO,2022-04-17T14:29:57,4702.71
2750,5,SANTANDER,ANA,SAQUE,2022-11-14T09:32:52,9097.4
1044,2,SANTANDER,FELIPE,SAQUE,2022-12-15T03:26:56,9053.55
1810,3,SANTANDER,CARLOS,SAQUE,2022-10-06T13:10:17,2834.09
1520,1,SANTANDER,JOAO,DEPOSITO,2022-09-03T21:35:08,3547.76
2870,9,SANTANDER,PAULO,DEPOSITO,2022-02-02T08:13:17,2829.26
2750,5,SANTANDER,ANA,SAQUE,2022-10-01T00:14:28,5296.19
3090,6,SANTANDER,PEDRO,DEPOSITO,2022-10-04T15:07:52,6106.27
1260,8,SANTANDER,BEATRIZ,SAQUE,2022-07-18T11:35:04,8148.69
2750,5,SANTANDER,ANA,SAQUE,2022-10-13T10:09:13,4273.91
3320,4,SANTANDER,MARIA,SAQUE,2022-12-15T18:02:51,3024.15
2220,2,SANTANDER,JULIA,DEPOSITO,2022-10-14T07:03:39,2341.87
1044,2,SANTANDER,FELIPE,DEPOSITO,2022-01-26T21:45:26,839.07
3320,4,SANTANDER,MARIA,SAQUE,2022-12-20T13:12:01,4781.62
1260,8,SANTANDER,BEATRIZ,DEPOSITO,2022-08-03T16:46:23,7789.97
3090,6,SANTANDER,PEDRO,SAQUE,2022-01-10T23:13:10,647.59
3320,4,SANTANDER,MARIA,SAQUE,2022-06-29T17:02:33,831.6
1520,1,SANTANDER,JOAO,DEPOSITO,2022-01-14T06:28:51,5129.71
2220,2,SANTANDER,JULIA,DEPOSITO,2022-05-24T13:53:15,3876.98
1810,3,SANTANDER,CARLOS,SAQUE,2022-01-06T09:00:40,1618.84
2220,2,SANTANDER,JULIA,SAQUE,2022-02-05T06:32:33,8373.62
1260,8,SANTANDER,BEATRIZ,DEPOSITO,2022-07-22T09:39:13,2912.3
1260,8,SANTANDER,BEATRIZ,DEPOSITO,2022-03-25T15:49:33,648.93
3320,4,SANTANDER,MARIA,DEPOSITO,2022-04-12T13:23:30,2179.3
1044,2,SANTANDER,FELIPE,DEPOSITO,2022-12-13T22:16:03,8307.46
1810,3,SANTANDER,CARLOS,DEPOSITO,2022-08-29T06:45:36,513.96
1260,8,SANTANDER,BEATRIZ,SAQUE,2022-04-12T22:30:02,127.98
2870,9,SANTANDER,PAULO,DEPOSITO,2022-01-20T00:39:13,8689.74
1044,2,SANTANDER,FELIPE,DEPOSITO,2022-09-02T01:26:09,3133.75
1260,8,SANTANDER,BEATRIZ,SAQUE,2022-05-06T09:15:18,3860.2
1520,1,SANTANDER,JOAO,DEPOSITO,2022-02-16T16:23:21,3002.99
1260,8,SANTANDER,BEATRIZ,SAQUE,2022-06-20T15:12:51,7952.24
4110,7,SANTANDER,LUCAS,DEPOSITO,2022-02-15T20:57:59,7036.33
1810,3,SANTANDER,CARLOS,DEPOSITO,2022-10-31T16:57:41,9765.67
1520,1,SANTANDER,JOAO,DEPOSITO,2022-07-08T14:39:00,6065.05
3320,4,SANTANDER,MARIA,SAQUE,2022-05-04T21:03:52,8544.14
3320,4,SANTANDER,MARIA,SAQUE,2022-06-04T03:29:52,6638.74
2870,9,SANTANDER,PAULO,SAQUE,2022-12-23T20:07:24,3993.42
3320,4,SANTANDER,MARIA,SAQUE,2022-01-22T03:22:45,9536.51
2870,9,SANTANDER,PAULO,SAQUE,2022-11-29T01:41:40,6789.35
2750,5,SANTANDER,ANA,SAQUE,2022-01-24T09:39:28,9141.55
2870,9,SANTANDER,PAULO,SAQUE,2022-09-08T08:09:02,2442.92
1044,2,SANTANDER,FELIPE,SAQUE,2022-11-17T02:16:44,429.49
3320,4,SANTANDER,MARIA,DEPOSITO,2022-12-27T19:45:44,5308.66
4110,7,SANTANDER,LUCAS,SAQUE,2022-01-15T11:14:13,6645.42
2870,9,SANTANDER,PAULO,DEPOSITO,2022-05-18T18:42:45,1763.54
3090,6,SANTANDER,PEDRO,DEPOSITO,2022-03-27T10:52:03,6573.47
1044,2,SANTANDER,FELIPE,DEPOSITO,2022-01-08T18:44:08,5541.25
1810,3,SANTANDER,CARLOS,DEPOSITO,2022-09-16T02:52:53,5020.58
1810,3,SANTANDER,CARLOS,SAQUE,2022-09-02T06:45:13,3219.23
1520,1,SANTANDER,JOAO,DEPOSITO,2022-07-10T22:24:35,8537.85
4110,7,SANTANDER,LUCAS,SAQUE,2022-06-06T08:30:42,3634.84
3090,6,SANTANDER,PEDRO,SAQUE,2022-06-25T17:32:41,8771.8
1810,3,SANTANDER,CARLOS,SAQUE,2022-08-18T01:17:38,9026.35
2750,5,SANTANDER,ANA,DEPOSITO,2022-08-27T01:07:44,803.53
4110,7,SANTANDER,LUCAS,DEPOSITO,2022-11-09T03:03:18,5128.35
1520,1,SANTANDER,JOAO,DEPOSITO,2022-10-05T15:55:15,2781.01
4110,7,SANTANDER,LUCAS,SAQUE,2022-12-02T18:32:30,1699.07
1810,3,SANTANDER,CARLOS,SAQUE,2022-11-18T15:31:03,2152.47
3090,6,SANTANDER,PEDRO,SAQUE,2022-08-31T18:33:31,243.09
1520,1,SANTANDER,JOAO,DEPOSITO,2022-02-08T10:34:36,7994.7
2870,9,SANTANDER,PAULO,SAQUE,2022-05-20T05:51:50,2414.53
4110,7,SANTANDER,LUCAS,SAQUE,2022-02-15T14:09:29,8250.2
1044,2,SANTANDER,FELIPE,DEPOSITO,2022-07-14T12:52:50,4903.32
4110,7,SANTANDER,LUCAS,SAQUE,2022-03-17T04:38:39,4288.38
1810,3,SANTANDER,CARLOS,DEPOSITO,2022-01-17T02:24:20,6931.51
1520,1,SANTANDER,JOAO,DEPOSITO,2022-10-12T14:11:49,6287.69
3320,4,SANTANDER,MARIA,SAQUE,2022-09-23T13:30:20,2086.29
2750,5,SANTANDER,ANA,SAQUE,2022-03-04T08:03:10,8972.15
3320,4,SANTANDER,MARIA,DEPOSITO,2022-05-24T06:10:48,296.69
2750,5,SANTANDER,ANA,DEPOSITO,2022-12-28T10:15:54,6845.63
1260,8,SANTANDER,BEATRIZ,SAQUE,2022-03-07T21:20:25,883.73
1810,3,SANTANDER,CARLOS,SAQUE,2022-08-01T01:39:19,1906.6
2220,2,SANTANDER,JULIA,DEPOSITO,2022-06-23T21:15:35,3543.35
2220,2,SANTANDER,JULIA,DEPOSITO,2022-08-25T20:25:06,5266.93
2870,9,SANTANDER,PAULO,DEPOSITO,2022-04-14T06:32:50,8282.91
4110,7,SANTANDER,LUCAS,DEPOSITO,2022-07-31T00:49:49,3425.09
1520,1,SANTANDER,JOAO,DEPOSITO,2022-12-03T00:50:35,6672.2
4110,7,SANTANDER,LUCAS,DEPOSITO,2022-03-25T15:36:41,5723.33
1810,3,SANTANDER,CARLOS,DEPOSITO,2022-12-12T15:07:47,8768.29
4110,7,SANTANDER,LUCAS,SAQUE,2022-06-13T21:25:55,9348.3
1044,2,SANTANDER,FELIPE,DEPOSITO,2022-05-07T06:04:41,4578.81
3320,4,SANTANDER,MARIA,DEPOSITO,2022-10-23T00:34:33,1125.87
3090,6,SANTANDER,PEDRO,SAQUE,2022-04-05T19:48:00,1882.08
1810,3,SANTANDER,CARLOS,DEPOSITO,2022-09-05T21:42:25,4566.55
1520,1,SANTANDER,JOAO,SAQUE,2022-05-14T16:10:26,4423.52
1044,2,SANTANDER,FELIPE,DEPOSITO,2022-01-18T21:29:29,675.41
2870,9,SANTANDER,PAULO,SAQUE,2022-05-25T14:39:51,3671.52
1810,3,SANTANDER,CARLOS,DEPOSITO,2022-05-23T12:34:36,3806.13
1044,2,SANTANDER,FELIPE,DEPOSITO,2022-01-19T07:36:57,2413.16
1520,1,SANTANDER,JOAO,DEPOSITO,2022-10-21T21:05:46,7897.75
4110,7,SANTANDER,LUCAS,DEPOSITO,2022-05-31T16:09:48,6844.99
1044,2,SANTANDER,FELIPE,SAQUE,2022-06-08T07:36:03,5207.52
1260,8,SANTANDER,BEATRIZ,DEPOSITO,2022-02-20T08:13:41,5376.82
4110,7,SANTANDER,LUCAS,SAQUE,2022-12-05T12:25:41,8567.48
1520,1,SANTANDER,JOAO,DEPOSITO,2022-07-09T14:40:33,9197.39
1520,1,SANTANDER,JOAO,DEPOSITO,2022-09-18T19:49:46,134.24
1520,1,SANTANDER,JOAO,SAQUE,2022-01-10T12:56:39,2294.41
3320,4,SANTANDER,MARIA,SAQUE,2022-01-25T18:05:47,3574.12
2750,5,SANTANDER,ANA,SAQUE,2022-11-29T21:29:37,7702.98
2750,5,SANTANDER,ANA,DEPOSITO,2022-04-26T09:43:33,9971.1
2750,5,SANTANDER,ANA,DEPOSITO,2022-05-20T09:49:39,8276.46
1520,1,SANTANDER,JOAO,DEPOSITO,2022-10-25T11:58:50,3718.78
1044,2,SANTANDER,FELIPE,DEPOSITO,2022-06-19T14:17:15,2736.48
2220,2,SANTANDER,JULIA,DEPOSITO,2022-12-02T03:24:24,2835.18
1810,3,SANTANDER,CARLOS,SAQUE,2022-05-20T20:52:55,1433.29
3320,4,SANTANDER,MARIA,DEPOSITO,2022-11-12T02:00:36,9438.28
2220,2,SANTANDER,JULIA,DEPOSITO,2022-12-02T03:24:24,2835.18
3320,4,SANTANDER,MARIA,DEPOSITO,2022-05-15T08:02:32,8758.47
4110,7,SANTANDER,LUCAS,SAQUE,2022-08-17T18:01:38,111.8
2750,5,SANTANDER,ANA,SAQUE,2022-12-24T07:35:44,9045.7
1044,2,SANTANDER,FELIPE,SAQUE,2022-08-04T00:55:20,7444.44
3320,4,SANTANDER,MARIA,DEPOSITO,2022-12-31T14:27:20,4123.67
1044,2,SANTANDER,FELIPE,SAQUE,2022-10-06T11:00:45,4302.35
3320,4,SANTANDER,MARIA,SAQUE,2022-10-03T01:59:33,623.21
3090,6,SANTANDER,PEDRO,SAQUE,2022-05-23T08:42:50,2477.8
1260,8,SANTANDER,BEATRIZ,DEPOSITO,2022-10-02T11:34:57,4866.43
1810,3,SANTANDER,CARLOS,DEPOSITO,2022-04-12T18:12:29,2020.94
1520,1,SANTANDER,JOAO,DEPOSITO,2022-08-10T03:18:58,2776.93
3090,6,SANTANDER,PEDRO,SAQUE,2022-12-01T08:43:04,8296.98
2750,5,SANTANDER,ANA,DEPOSITO,2022-09-10T13:51:25,8518.65
2750,5,SANTANDER,ANA,SAQUE,2022-05-29T22:55:21,1388.4
3320,4,SANTANDER,MARIA,DEPOSITO,2022-07-24T00:12:48,2153.82
2870,9,SANTANDER,PAULO,DEPOSITO,2022-02-23T17:25:54,1328.59
1520,1,SANTANDER,JOAO,DEPOSITO,2022-11-14T02:01:06,9555.71
2750,5,SANTANDER,ANA,SAQUE,2022-10-11T19:26:30,8816.65
1810,3,SANTANDER,CARLOS,SAQUE,2022-05-29T17:12:04,1895.93
1520,1,SANTANDER,JOAO,DEPOSITO,2022-07-09T17:12:01,1368.05
1044,2,SANTANDER,FELIPE,DEPOSITO,2022-06-27T00:23:28,3907.51
1810,3,SANTANDER,CARLOS,DEPOSITO,2022-09-12T01:55:49,6914.24
3090,6,SANTANDER,PEDRO,DEPOSITO,2022-06-21T21:12:31,8235.32
1520,1,SANTANDER,JOAO,SAQUE,2022-03-17T02:50:45,733.52
1044,2,SANTANDER,FELIPE,DEPOSITO,2022-07-02T16:01:37,759.07
4110,7,SANTANDER,LUCAS,DEPOSITO,2022-11-09T10:40:10,9162.44
1044,2,SANTANDER,FELIPE,DEPOSITO,2022-08-03T15:19:27,472.38
1044,2,SANTANDER,FELIPE,SAQUE,2022-09-29T18:09:27,4710.99
2750,5,SANTANDER,ANA,SAQUE,2022-12-25T03:06:58,2465.72
1810,3,SANTANDER,CARLOS,DEPOSITO,2022-01-17T00:59:39,9362.74
1520,1,SANTANDER,JOAO,SAQUE,2022-12-15T15:52:06,4405.16
2750,5,SANTANDER,ANA,SAQUE,2022-01-16T10:06:54,1720.69
1260,8,SANTANDER,BEATRIZ,DEPOSITO,2022-03-14T08:35:40,3114.9
2750,5,SANTANDER,ANA,SAQUE,2022-02-13T20:33:18,439.46
3090,6,SANTANDER,PEDRO,SAQUE,2022-04-27T19:44:15,6407.49
1520,1,SANTANDER,JOAO,DEPOSITO,2022-09-20T09:13:13,367.82
3090,6,SANTANDER,PEDRO,DEPOSITO,2022-09-10T13:46:19,2321.94
1520,1,SANTANDER,JOAO,DEPOSITO,2022-09-24T00:46:39,8945.31
4110,7,SANTANDER,LUCAS,DEPOSITO,2022-10-26T09:44:57,8667.68
4110,7,SANTANDER,LUCAS,SAQUE,2022-03-15T07:23:45,9041.66
1520,1,SANTANDER,JOAO,SAQUE,2022-05-09T04:52:40,6974.34
2750,5,SANTANDER,ANA,DEPOSITO,2022-06-08T20:44:27,3299.48
1260,8,SANTANDER,BEATRIZ,SAQUE,2022-01-19T15:24:22,6149.53
3090,6,SANTANDER,PEDRO,DEPOSITO,2022-07-30T07:05:59,9912.58
3320,4,SANTANDER,MARIA,DEPOSITO,2022-07-29T04:58:49,245.89
2870,9,SANTANDER,PAULO,SAQUE,2022-10-23T08:47:55,5756.88
2750,5,SANTANDER,ANA,DEPOSITO,2022-04-10T18:50:12,8846.68
4110,7,SANTANDER,LUCAS,DEPOSITO,2022-12-16T17:15:27,1425.14
2220,2,SANTANDER,JULIA,SAQUE,2022-05-17T03:30:47,9431.76
2220,2,SANTANDER,JULIA,SAQUE,2022-03-10T10:31:47,8502.02
2870,9,SANTANDER,PAULO,SAQUE,2022-05-28T21:53:59,6859.41
3090,6,SANTANDER,PEDRO,SAQUE,2022-10-04T17:17:41,7728.75
2220,2,SANTANDER,JULIA,SAQUE,2022-09-23T18:35:28,4345.26
1810,3,SANTANDER,CARLOS,DEPOSITO,2022-05-21T21:39:01,7231.83
3090,6,SANTANDER,PEDRO,SAQUE,2022-02-23T19:24:05,8854.35
1810,3,SANTANDER,CARLOS,SAQUE,2022-11-06T18:52:03,1945.15
4110,7,SANTANDER,LUCAS,DEPOSITO,2022-10-13T05:10:43,296.5
1810,3,SANTANDER,CARLOS,SAQUE,2022-05-06T05:30:04,4605.74
1260,8,SANTANDER,BEATRIZ,SAQUE,2022-02-08T14:51:07,2578.11
1044,2,SANTANDER,FELIPE,SAQUE,2022-05-13T04:03:25,3489.12
1810,3,SANTANDER,CARLOS,DEPOSITO,2022-11-08T02:44:42,2930.82
1260,8,SANTANDER,BEATRIZ,DEPOSITO,2022-06-19T11:24:18,3758.54
2870,9,SANTANDER,PAULO,SAQUE,2022-01-16T04:26:35,8144.16
2750,5,SANTANDER,ANA,DEPOSITO,2022-05-23T16:35:08,8891.74
2750,5,SANTANDER,ANA,DEPOSITO,2022-09-11T08:17:47,4081.13
1260,8,SANTANDER,BEATRIZ,DEPOSITO,2022-05-27T14:17:01,7339.44
3320,4,SANTANDER,MARIA,SAQUE,2022-10-25T08:34:26,163.19
1044,2,SANTANDER,FELIPE,DEPOSITO,2022-11-18T03:59:11,2453.32
1520,1,SANTANDER,JOAO,DEPOSITO,2022-04-02T00:53:31,6278.76
3320,4,SANTANDER,MARIA,DEPOSITO,2022-10-20T05:10:22,7439.53
2870,9,SANTANDER,PAULO,DEPOSITO,2022-01-17T04:34:58,5172.05
1260,8,SANTANDER,BEATRIZ,SAQUE,2022-07-16T23:31:29,4104.09
1044,2,SANTANDER,FELIPE,DEPOSITO,2022-09-30T01:21:42,4193.88
3320,4,SANTANDER,MARIA,SAQUE,2022-06-22T04:35:14,6560.83
2750,5,SANTANDER,ANA,SAQUE,2022-01-04T09:04:07,6296.1
1044,2,SANTANDER,FELIPE,DEPOSITO,2022-03-02T19:37:04,1952.5
2220,2,SANTANDER,JULIA,SAQUE,2022-12-07T10:59:45,2746.63
3320,4,SANTANDER,MARIA,DEPOSITO,2022-01-02T05:33:37,1887.55
3090,6,SANTANDER,PEDRO,DEPOSITO,2022-06-30T22:29:28,9151.39
1810,3,SANTANDER,CARLOS,DEPOSITO,2022-04-10T05:19:18,1087.72
1044,2,SANTANDER,FELIPE,SAQUE,2022-11-01T23:50:47,9933.66
3090,6,SANTANDER,PEDRO,DEPOSITO,2022-06-17T06:03:48,2605.09
3320,4,SANTANDER,MARIA,DEPOSITO,2022-09-30T09:24:33,5592.12
4110,7,SANTANDER,LUCAS,DEPOSITO,2022-09-05T05:28:34,7986.36
2750,5,SANTANDER,ANA,DEPOSITO,2022-12-02T18:02:08,1112.17
1810,3,SANTANDER,CARLOS,SAQUE,2022-02-05T16:24:40,8731.89
2870,9,SANTANDER,PAULO,DEPOSITO,2022-02-06T05:35:14,389.15
1810,3,SANTANDER,CARLOS,SAQUE,2022-04-05T12:12:03,501.05
2870,9,SANTANDER,PAULO,SAQUE,2022-09-24T13:50:48,4788.47
2750,5,SANTANDER,ANA,SAQUE,2022-03-28T04:17:03,3701.88
1520,1,SANTANDER,JOAO,SAQUE,2022-02-23T16:32:13,92.41
1810,3,SANTANDER,CARLOS,DEPOSITO,2022-12-23T02:22:56,8332.58
3320,4,SANTANDER,MARIA,DEPOSITO,2022-10-10T00:31:08,122.04
1260,8,SANTANDER,BEATRIZ,DEPOSITO,2022-02-11T09:49:58,6649.44
1260,8,SANTANDER,BEATRIZ,DEPOSITO,2022-06-05T22:37:25,8539.13
2220,2,SANTANDER,JULIA,SAQUE,2022-12-10T05:18:03,924.76
3090,6,SANTANDER,PEDRO,SAQUE,2022-07-05T14:32:37,1793.89
2220,2,SANTANDER,JULIA,SAQUE,2022-07-01T13:40:35,9729.52
3090,6,SANTANDER,PEDRO,DEPOSITO,2022-02-26T10:22:44,2306.92
2220,2,SANTANDER,JULIA,SAQUE,2022-09-16T16:22:05,5996.23
4110,7,SANTANDER,LUCAS,SAQUE,2022-12-13T11:21:29,7275.62
1810,3,SANTANDER,CARLOS,DEPOSITO,2022-12-24T04:56:48,4789.85
3090,6,SANTANDER,PEDRO,SAQUE,2022-04-28T12:59:42,6201.79
1810,3,SANTANDER,CARLOS,DEPOSITO,2022-03-29T23:41:48,1517.39
1520,1,SANTANDER,JOAO,SAQUE,2022-03-19T14:09:58,2017.36
4110,7,SANTANDER,LUCAS,DEPOSITO,2022-05-31T13:36:24,5294.96
2750,5,SANTANDER,ANA,DEPOSITO,2022-02-18T03:04:02,5516.03
4110,7,SANTANDER,LUCAS,SAQUE,2022-11-13T23:48:09,4508.47
1810,3,SANTANDER,CARLOS,SAQUE,2022-07-06T14:42:59,2045.37
1260,8,SANTANDER,BEATRIZ,DEPOSITO,2022-07-30T13:19:19,628.23
1810,3,SANTANDER,CARLOS,SAQUE,2022-01-18T07:20:50,8438.95
4110,7,SANTANDER,LUCAS,SAQUE,2022-02-08T07:01:26,7118.43
2220,2,SANTANDER,JULIA,DEPOSITO,2022-12-18T22:26:01,8743.4
1260,8,SANTANDER,BEATRIZ,DEPOSITO,2022-05-13T07:01:59,6884.89
4110,7,SANTANDER,LUCAS,SAQUE,2022-06-30T17:26:02,4168.55
1520,1,SANTANDER,JOAO,SAQUE,2022-12-08T20:24:58,4705.91
3090,6,SANTANDER,PEDRO,SAQUE,2022-07-29T20:10:36,2309.74
2750,5,SANTANDER,ANA,SAQUE,2022-01-03T22:10:38,3472.74
2220,2,SANTANDER,JULIA,DEPOSITO,2022-06-20T11:10:15,9743.79
2870,9,SANTANDER,PAULO,DEPOSITO,2022-02-16T10:18:59,2110.56
3090,6,SANTANDER,PEDRO,DEPOSITO,2022-05-11T07:30:15,7677.35
2870,9,SANTANDER,PAULO,SAQUE,2022-02-27T14:46:28,3730.01
1260,8,SANTANDER,BEATRIZ,SAQUE,2022-07-02T02:57:11,9551.97
4110,7,SANTANDER,LUCAS,SAQUE,2022-09-01T04:24:36,2820.65
2750,5,SANTANDER,ANA,DEPOSITO,2022-12-07T16:59:18,3052.73
3320,4,SANTANDER,MARIA,DEPOSITO,2022-11-02T23:30:33,7577.12
1260,8,SANTANDER,BEATRIZ,SAQUE,2022-06-10T11:40:44,2436.43
3320,4,SANTANDER,MARIA,DEPOSITO,2022-06-07T17:47:44,5827.36
2750,5,SANTANDER,ANA,SAQUE,2022-03-24T14:42:00,8827.38
4110,7,SANTANDER,LUCAS,DEPOSITO,2022-06-25T01:55:33,1999.37
4110,7,SANTANDER,LUCAS,SAQUE,2022-01-17T10:08:09,5597.79
1810,3,SANTANDER,CARLOS,DEPOSITO,2022-08-08T06:40:45,2018.02
1260,8,SANTANDER,BEATRIZ,SAQUE,2022-05-09T17:25:48,2001.34
2870,9,SANTANDER,PAULO,SAQUE,2022-08-10T16:44:30,5463.1
2220,2,SANTANDER,JULIA,SAQUE,2022-12-18T13:53:30,1451.0
2870,9,SANTANDER,PAULO,DEPOSITO,2022-05-23T01:07:54,2494.01
1044,2,SANTANDER,FELIPE,DEPOSITO,2022-12-02T14:47:27,9213.32
2870,9,SANTANDER,PAULO,DEPOSITO,2022-07-12T14:28:09,9718.72
3320,4,SANTANDER,MARIA,DEPOSITO,2022-07-05T15:33:38,292.56
3320,4,SANTANDER,MARIA,SAQUE,2022-07-30T04:54:33,9841.4
2220,2,SANTANDER,JULIA,DEPOSITO,2022-12-31T12:00:40,1868.29
1044,2,SANTANDER,FELIPE,SAQUE,2022-11-18T22:36:45,8552.24
1810,3,SANTANDER,CARLOS,DEPOSITO,2022-05-01T03:21:20,5251.72
1520,1,SANTANDER,JOAO,SAQUE,2022-08-16T21:27:56,8174.62
4110,7,SANTANDER,LUCAS,DEPOSITO,2022-01-19T10:42:37,2784.52
2750,5,SANTANDER,ANA,DEPOSITO,2022-12-28T03:15:41,9982.83
3090,6,SANTANDER,PEDRO,SAQUE,2022-11-20T14:36:07,4874.84
3320,4,SANTANDER,MARIA,DEPOSITO,2022-09-01T05:30:59,4683.28
2220,2,SANTANDER,JULIA,SAQUE,2022-05-27T07:21:44,6545.15
1044,2,SANTANDER,FELIPE,DEPOSITO,2022-10-15T20:33:21,7243.07
3090,6,SANTANDER,PEDRO,DEPOSITO,2022-06-13T16:22:21,5258.43
1520,1,SANTANDER,JOAO,DEPOSITO,2022-08-26T06:27:04,9555.64
1044,2,SANTANDER,FELIPE,DEPOSITO,2022-08-22T04:47:19,496.92
1810,3,SANTANDER,CARLOS,SAQUE,2022-07-31T01:15:15,9242.93
3320,4,SANTANDER,MARIA,SAQUE,2022-05-23T20:12:33,8789.25
2870,9,SANTANDER,PAULO,SAQUE,2022-10-21T06:31:12,9158.5
4110,7,SANTANDER,LUCAS,DEPOSITO,2022-01-17T03:00:50,7303.34
1260,8,SANTANDER,BEATRIZ,SAQUE,2022-12-17T22:12:51,9701.95
2220,2,SANTANDER,JULIA,SAQUE,2022-07-08T23:51:57,3159.02
2220,2,SANTANDER,JULIA,SAQUE,2022-03-08T06:47:32,2703.34
2220,2,SANTANDER,JULIA,SAQUE,2022-05-07T07:01:08,5355.62
3090,6,SANTANDER,PEDRO,DEPOSITO,2022-04-01T06:41:16,7078.22
1520,1,SANTANDER,JOAO,SAQUE,2022-03-27T17:13:24,3773.88
1044,2,SANTANDER,FELIPE,SAQUE,2022-09-17T01:24:00,3388.06
4110,7,SANTANDER,LUCAS,DEPOSITO,2022-05-07T21:11:00,322.73
1260,8,SANTANDER,BEATRIZ,DEPOSITO,2022-04-11T13:07:39,2901.59
4110,7,SANTANDER,LUCAS,SAQUE,2022-06-04T12:22:08,9433.24
3320,4,SANTANDER,MARIA,DEPOSITO,2022-04-04T22:07:51,1172.45
2220,2,SANTANDER,JULIA,SAQUE,2022-04-06T22:15:33,6093.78
2750,5,SANTANDER,ANA,SAQUE,2022-06-02T16:12:46,3550.81
3320,4,SANTANDER,MARIA,SAQUE,2022-07-17T12:53:12,3486.15
4110,7,SANTANDER,LUCAS,DEPOSITO,2022-05-01T14:43:23,6417.45
2220,2,SANTANDER,JULIA,SAQUE,2022-08-16T03:25:05,4772.03
2870,9,SANTANDER,PAULO,DEPOSITO,2022-10-08T21:03:48,8394.86
1520,1,SANTANDER,JOAO,DEPOSITO,2022-10-02T07:19:46,7315.18
2870,9,SANTANDER,PAULO,SAQUE,2022-03-28T19:36:52,4162.91
2870,9,SANTANDER,PAULO,SAQUE,2022-12-18T00:40:31,2288.81
1044,2,SANTANDER,FELIPE,DEPOSITO,2022-06-26T11:42:36,1110.15
1520,1,SANTANDER,JOAO,DEPOSITO,2022-08-03T02:12:08,6719.79
1260,8,SANTANDER,BEATRIZ,SAQUE,2022-09-08T00:10:55,1470.62
2870,9,SANTANDER,PAULO,DEPOSITO,2022-01-04T21:51:33,6061.11
1520,1,SANTANDER,JOAO,SAQUE,2022-02-06T21:10:25,6999.77
1044,2,SANTANDER,FELIPE,DEPOSITO,2022-06-13T06:22:40,4198.17
2750,5,SANTANDER,ANA,DEPOSITO,2022-06-15T06:46:35,2103.87
2220,2,SANTANDER,JULIA,DEPOSITO,2022-09-21T04:51:34,3949.67
2750,5,SANTANDER,ANA,SAQUE,2022-01-28T11:54:07,3752.55
1260,8,SANTANDER,BEATRIZ,SAQUE,2022-05-24T16:55:17,7728.96
1044,2,SANTANDER,FELIPE,DEPOSITO,2022-11-09T18:22:57,8614.52
1810,3,SANTANDER,CARLOS,SAQUE,2022-01-18T16:58:45,9586.91
3090,6,SANTANDER,PEDRO,DEPOSITO,2022-07-26T15:29:50,1256.71
1260,8,SANTANDER,BEATRIZ,SAQUE,2022-03-14T21:42:58,1009.34
2870,9,SANTANDER,PAULO,DEPOSITO,2022-03-24T23:00:45,2836.56
1520,1,SANTANDER,JOAO,SAQUE,2022-02-09T07:33:54,9245.31
4110,7,SANTANDER,LUCAS,SAQUE,2022-01-08T11:44:25,1517.23
3320,4,SANTANDER,MARIA,SAQUE,2022-01-06T17:40:01,6460.61
2870,9,SANTANDER,PAULO,SAQUE,2022-02-05T20:55:59,422.71
1044,2,SANTANDER,FELIPE,DEPOSITO,2022-07-12T06:40:41,2413.22
4110,7,SANTANDER,LUCAS,DEPOSITO,2022-02-15T13:39:17,376.34
2220,2,SANTANDER,JULIA,SAQUE,2022-11-25T04:48:00,9950.22
1520,1,SANTANDER,JOAO,SAQUE,2022-03-12T06:13:36,6426.92
2870,9,SANTANDER,PAULO,DEPOSITO,2022-02-01T01:06:35,2773.4
1260,8,SANTANDER,BEATRIZ,SAQUE,2022-02-18T11:14:53,9074.36
1810,3,SANTANDER,CARLOS,SAQUE,2022-01-12T10:06:07,184.19
2870,9,SANTANDER,PAULO,SAQUE,2022-07-17T07:39:55,9980.87
3090,6,SANTANDER,PEDRO,SAQUE,2022-01-26T09:16:43,2923.97
3320,4,SANTANDER,MARIA,SAQUE,2022-01-12T09:48:10,5301.9
2870,9,SANTANDER,PAULO,SAQUE,2022-02-27T20:07:59,2640.13
2220,2,SANTANDER,JULIA,SAQUE,2022-10-17T10:59:38,1734.48
1520,1,SANTANDER,JOAO,DEPOSITO,2022-12-17T02:36:31,3525.4
1520,1,SANTANDER,JOAO,DEPOSITO,2022-10-12T14:11:49,6287.69
2220,2,SANTANDER,JULIA,DEPOSITO,2022-03-18T19:23:37,4498.26
1260,8,SANTANDER,BEATRIZ,DEPOSITO,2022-05-15T04:44:25,3188.19
2220,2,SANTANDER,JULIA,DEPOSITO,2022-02-08T12:46:39,9692.69
1520,1,SANTANDER,JOAO,SAQUE,2022-08-24T11:22:32,485.41
3320,4,SANTANDER,MARIA,SAQUE,2022-05-08T16:01:13,5108.2
1810,3,SANTANDER,CARLOS,SAQUE,2022-12-23T07:30:52,8675.98
2220,2,SANTANDER,JULIA,DEPOSITO,2022-11-10T05:53:51,6822.02
2870,9,SANTANDER,PAULO,SAQUE,2022-07-11T04:37:25,7938.68
1520,1,SANTANDER,JOAO,DEPOSITO,2022-05-11T04:35:36,827.17
2750,5,SANTANDER,ANA,DEPOSITO,2022-01-01T10:29:31,8940.16
2220,2,SANTANDER,JULIA,DEPOSITO,2022-08-15T14:01:05,8336.71
3320,4,SANTANDER,MARIA,DEPOSITO,2022-04-08T00:35:44,7502.36
3090,6,SANTANDER,PEDRO,DEPOSITO,2022-11-20T12:17:33,9582.18
3320,4,SANTANDER,MARIA,DEPOSITO,2022-04-16T21:06:25,9106.7
1810,3,SANTANDER,CARLOS,SAQUE,2022-03-28T02:34:39,9023.23
3090,6,SANTANDER,PEDRO,DEPOSITO,2022-07-02T21:01:51,7886.32
1520,1,SANTANDER,JOAO,DEPOSITO,2022-05-05T01:38:14,3494.95
1520,1,SANTANDER,JOAO,DEPOSITO,2022-08-07T03:37:50,9173.62
2870,9,SANTANDER,PAULO,DEPOSITO,2022-07-10T07:20:46,2702.23
2870,9,SANTANDER,PAULO,SAQUE,2022-04-23T04:02:15,9543.39
1044,2,SANTANDER,FELIPE,SAQUE,2022-03-10T04:27:55,7251.59
1810,3,SANTANDER,CARLOS,SAQUE,2022-01-28T20:42:07,2940.67
2750,5,SANTANDER,ANA,SAQUE,2022-09-06T14:48:22,6869.0
2750,5,SANTANDER,ANA,SAQUE,2022-07-11T22:36:22,884.53
2750,5,SANTANDER,ANA,DEPOSITO,2022-08-08T19:55:18,6506.94
3320,4,SANTANDER,MARIA,DEPOSITO,2022-10-17T13:13:40,1744.92
1520,1,SANTANDER,JOAO,SAQUE,2022-02-06T19:08:56,8314.36
2870,9,SANTANDER,PAULO,DEPOSITO,2022-06-01T00:23:19,6774.55
2870,9,SANTANDER,PAULO,DEPOSITO,2022-07-31T15:40:10,2218.85
3320,4,SANTANDER,MARIA,DEPOSITO,2022-09-05T05:13:52,4880.3
2870,9,SANTANDER,PAULO,SAQUE,2022-07-31T17:26:08,8034.82
1044,2,SANTANDER,FELIPE,DEPOSITO,2022-08-12T22:14:15,9312.21
1810,3,SANTANDER,CARLOS,SAQUE,2022-03-28T16:16:06,5110.09
2220,2,SANTANDER,JULIA,DEPOSITO,2022-02-21T01:48:14,3060.67
1260,8,SANTANDER,BEATRIZ,SAQUE,2022-05-09T04:32:16,4974.47
1044,2,SANTANDER,FELIPE,DEPOSITO,2022-05-12T03:58:40,799.17
2870,9,SANTANDER,PAULO,DEPOSITO,2022-01-14T13:28:45,8360.43
4110,7,SANTANDER,LUCAS,DEPOSITO,2022-06-25T23:25:31,1086.62
2870,9,SANTANDER,PAULO,DEPOSITO,2022-10-05T18:19:37,1915.02
3090,6,SANTANDER,PEDRO,DEPOSITO,2022-01-22T03:35:56,6218.5
3090,6,SANTANDER,PEDRO,DEPOSITO,2022-12-20T09:45:51,9271.25
2220,2,SANTANDER,JULIA,DEPOSITO,2022-07-29T01:04:50,3136.04
2870,9,SANTANDER,PAULO,DEPOSITO,2022-10-24T14:05:18,6633.91
2220,2,SANTANDER,JULIA,SAQUE,2022-07-10T18:37:27,9980.57
3090,6,SANTANDER,PEDRO,SAQUE,2022-03-06T01:18:09,4359.01
3090,6,SANTANDER,PEDRO,DEPOSITO,2022-12-26T08:02:11,2262.13
1044,2,SANTANDER,FELIPE,DEPOSITO,2022-03-18T18:34:36,742.31
1044,2,SANTANDER,FELIPE,DEPOSITO,2022-05-07T13:55:26,9397.59
3090,6,SANTANDER,PEDRO,SAQUE,2022-10-19T07:55:22,3946.17
2870,9,SANTANDER,PAULO,DEPOSITO,2022-09-28T12:11:20,4503.42
1810,3,SANTANDER,CARLOS,DEPOSITO,2022-12-23T20:24:19,4060.16
1810,3,SANTANDER,CARLOS,DEPOSITO,2022-03-22T20:44:19,9109.88
1520,1,SANTANDER,JOAO,SAQUE,2022-02-08T15:11:21,8768.34
3320,4,SANTANDER,MARIA,DEPOSITO,2022-08-26T13:08:39,2236.95
3090,6,SANTANDER,PEDRO,DEPOSITO,2022-06-06T01:03:08,8630.98
4110,7,SANTANDER,LUCAS,SAQUE,2022-01-28T03:17:28,8635.88
2870,9,SANTANDER,PAULO,DEPOSITO,2022-07-24T14:45:52,1537.35
3320,4,SANTANDER,MARIA,DEPOSITO,2022-10-19T15:39:01,8755.63
3090,6,SANTANDER,PEDRO,DEPOSITO,2022-11-10T23:02:24,4510.83
1520,1,SANTANDER,JOAO,SAQUE,2022-07-07T05:17:55,1309.13
2750,5,SANTANDER,ANA,DEPOSITO,2022-01-26T05:37:55,2657.94
1810,3,SANTANDER,CARLOS,SAQUE,2022-09-16T14:47:23,7284.15
1520,1,SANTANDER,JOAO,SAQUE,2022-01-02T15:20:21,2672.64
1520,1,SANTANDER,JOAO,SAQUE,2022-04-30T08:52:15,1234.72
1044,2,SANTANDER,FELIPE,DEPOSITO,2022-02-23T23:21:13,3750.67
1044,2,SANTANDER,FELIPE,SAQUE,2022-06-26T07:58:59,9325.67
3320,4,SANTANDER,MARIA,SAQUE,2022-12-09T09:23:15,5147.93
2750,5,SANTANDER,ANA,SAQUE,2022-09-10T19:03:20,1801.85
3320,4,SANTANDER,MARIA,SAQUE,2022-07-05T10:09:55,8999.8
1044,2,SANTANDER,FELIPE,SAQUE,2022-01-03T20:59:44,2691.46
3090,6,SANTANDER,PEDRO,SAQUE,2022-04-05T21:48:21,2627.4
1044,2,SANTANDER,FELIPE,DEPOSITO,2022-01-21T07:16:12,7830.09
1260,8,SANTANDER,BEATRIZ,DEPOSITO,2022-03-14T16:02:36,3088.95
1260,8,SANTANDER,BEATRIZ,DEPOSITO,2022-07-14T10:21:21,8771.18
2750,5,SANTANDER,ANA,DEPOSITO,2022-01-03T20:18:25,801.1
2220,2,SANTANDER,JULIA,SAQUE,2022-07-14T19:33:35,166.81
2220,2,SANTANDER,JULIA,DEPOSITO,2022-01-28T11:29:24,6370.66
4110,7,SANTANDER,LUCAS,SAQUE,2022-12-16T02:16:35,4983.21
3090,6,SANTANDER,PEDRO,SAQUE,2022-07-22T09:02:54,9542.79
1260,8,SANTANDER,BEATRIZ,SAQUE,2022-03-08T23:04:17,366.86
4110,7,SANTANDER,LUCAS,DEPOSITO,2022-10-31T23:44:24,7573.27
1810,3,SANTANDER,CARLOS,DEPOSITO,2022-02-06T23:01:58,126.14
3320,4,SANTANDER,MARIA,SAQUE,2022-04-14T18:50:22,9967.32
2220,2,SANTANDER,JULIA,SAQUE,2022-06-17T14:15:57,284.5
2750,5,SANTANDER,ANA,DEPOSITO,2022-09-14T19:23:32,894.01
2220,2,SANTANDER,JULIA,DEPOSITO,2022-11-01T12:17:23,7635.58
1520,1,SANTANDER,JOAO,SAQUE,2022-08-08T07:51:41,7359.98
2220,2,SANTANDER,JULIA,DEPOSITO,2022-04-10T08:01:44,6325.49
2220,2,SANTANDER,JULIA,DEPOSITO,2022-05-18T08:06:24,6383.37
2870,9,SANTANDER,PAULO,SAQUE,2022-06-18T06:10:08,2582.17
1044,2,SANTANDER,FELIPE,SAQUE,2022-11-29T14:18:15,2805.4
3320,4,SANTANDER,MARIA,SAQUE,2022-08-21T02:44:38,6209.32
1044,2,SANTANDER,FELIPE,SAQUE,2022-04-29T13:31:22,9377.94
3090,6,SANTANDER,PEDRO,DEPOSITO,2022-04-18T13:48:58,839.57
1260,8,SANTANDER,BEATRIZ,DEPOSITO,2022-08-05T14:45:53,8631.44
1260,8,SANTANDER,BEATRIZ,DEPOSITO,2022-07-27T06:17:19,6935.91
3090,6,SANTANDER,PEDRO,DEPOSITO,2022-08-05T00:40:53,6818.73
2870,9,SANTANDER,PAULO,SAQUE,2022-12-07T08:04:11,9903.44
1810,3,SANTANDER,CARLOS,SAQUE,2022-05-07T09:58:48,2745.83
4110,7,SANTANDER,LUCAS,DEPOSITO,2022-02-04T02:15:10,651.37
3090,6,SANTANDER,PEDRO,DEPOSITO,2022-08-12T12:25:41,9802.11
1520,1,SANTANDER,JOAO,DEPOSITO,2022-08-16T02:53:56,2743.41
1520,1,SANTANDER,JOAO,DEPOSITO,2022-01-23T10:37:15,4685.98
2220,2,SANTANDER,JULIA,SAQUE,2022-07-11T02:21:24,2746.26
1810,3,SANTANDER,CARLOS,DEPOSITO,2022-01-06T03:02:42,906.27
2220,2,SANTANDER,JULIA,DEPOSITO,2022-01-21T17:51:32,6690.99
1044,2,SANTANDER,FELIPE,SAQUE,2022-01-02T19:57:14,2478.01
2870,9,SANTANDER,PAULO,SAQUE,2022-03-19T01:38:12,610.3
2750,5,SANTANDER,ANA,DEPOSITO,2022-12-07T16:06:33,3004.39
3320,4,SANTANDER,MARIA,DEPOSITO,2022-09-05T00:53:44,9494.45
3320,4,SANTANDER,MARIA,DEPOSITO,2022-07-10T04:51:58,9804.52
3090,6,SANTANDER,PEDRO,SAQUE,2022-07-28T17:27:00,9624.25
2870,9,SANTANDER,PAULO,SAQUE,2022-08-18T07:47:43,8976.72
2870,9,SANTANDER,PAULO,DEPOSITO,2022-04-28T04:01:50,6632.71
1260,8,SANTANDER,BEATRIZ,SAQUE,2022-12-11T00:50:32,5974.65
3090,6,SANTANDER,PEDRO,SAQUE,2022-06-01T06:23:12,8325.58
2750,5,SANTANDER,ANA,SAQUE,2022-05-26T21:18:47,4036.75
3320,4,SANTANDER,MARIA,SAQUE,2022-01-04T23:45:53,8818.43
3320,4,SANTANDER,MARIA,DEPOSITO,2022-07-22T11:05:33,9350.72
3320,4,SANTANDER,MARIA,SAQUE,2022-09-21T03:53:18,2638.97
3320,4,SANTANDER,MARIA,SAQUE,2022-05-28T10:20:55,2053.25
2750,5,SANTANDER,ANA,SAQUE,2022-06-09T10:08:29,1049.86
1520,1,SANTANDER,JOAO,SAQUE,2022-03-27T16:53:03,4133.09
1810,3,SANTANDER,CARLOS,SAQUE,2022-01-24T15:53:16,1863.76
2870,9,SANTANDER,PAULO,SAQUE,2022-02-18T12:48:07,8716.28
2870,9,SANTANDER,PAULO,SAQUE,2022-02-22T15:03:41,7297.37
3320,4,SANTANDER,MARIA,SAQUE,2022-01-10T21:14:35,7653.36
1044,2,SANTANDER,FELIPE,DEPOSITO,2022-08-05T23:18:35,8880.03
1520,1,SANTANDER,JOAO,SAQUE,2022-02-02T23:11:34,6188.27
3320,4,SANTANDER,MARIA,DEPOSITO,2022-10-28T23:08:09,3728.41
2220,2,SANTANDER,JULIA,SAQUE,2022-07-22T05:32:56,6321.89
1260,8,SANTANDER,BEATRIZ,SAQUE,2022-03-24T06:24:09,1870.41
4110,7,SANTANDER,LUCAS,DEPOSITO,2022-08-23T10:03:44,9197.27
1810,3,SANTANDER,CARLOS,SAQUE,2022-06-18T10:37:33,4295.38
2750,5,SANTANDER,ANA,DEPOSITO,2022-07-13T01:32:39,9599.74
1810,3,SANTANDER,CARLOS,SAQUE,2022-01-21T23:50:07,1047.16
1520,1,SANTANDER,JOAO,SAQUE,2022-12-22T09:22:48,8592.58
2220,2,SANTANDER,JULIA,DEPOSITO,2022-11-11T11:27:20,420.2
2750,5,SANTANDER,ANA,SAQUE,2022-03-22T12:59:38,99.18
1044,2,SANTANDER,FELIPE,SAQUE,2022-07-20T11:51:04,7408.68
1520,1,SANTANDER,JOAO,SAQUE,2022-10-15T00:55:29,1631.78
4110,7,SANTANDER,LUCAS,DEPOSITO,2022-12-28T21:51:58,4315.36
1520,1,SANTANDER,JOAO,DEPOSITO,2022-04-12T20:52:07,4393.44
4110,7,SANTANDER,LUCAS,DEPOSITO,2022-05-06T06:20:35,3044.64
2870,9,SANTANDER,PAULO,SAQUE,2022-01-28T05:39:21,2766.03
2220,2,SANTANDER,JULIA,SAQUE,2022-06-18T12:28:18,9826.66
1260,8,SANTANDER,BEATRIZ,DEPOSITO,2022-09-02T16:02:47,4328.21
3090,6,SANTANDER,PEDRO,DEPOSITO,2022-04-12T18:12:00,8037.14
3090,6,SANTANDER,PEDRO,DEPOSITO,2022-03-10T14:33:15,7884.72
1810,3,SANTANDER,CARLOS,DEPOSITO,2022-07-17T15:58:18,2546.69
3090,6,SANTANDER,PEDRO,DEPOSITO,2022-09-07T07:29:28,6322.41
2220,2,SANTANDER,JULIA,DEPOSITO,2022-03-21T14:33:20,5441.99
2870,9,SANTANDER,PAULO,SAQUE,2022-05-02T08:09:25,7037.74
2870,9,SANTANDER,PAULO,DEPOSITO,2022-03-31T19:46:01,7117.65
1044,2,SANTANDER,FELIPE,DEPOSITO,2022-10-19T02:05:34,7740.41
3090,6,SANTANDER,PEDRO,SAQUE,2022-03-21T01:05:40,2159.61
3090,6,SANTANDER,PEDRO,DEPOSITO,2022-10-02T15:03:51,2008.02
2870,9,SANTANDER,PAULO,SAQUE,2022-01-15T01:40:00,1886.38
2870,9,SANTANDER,PAULO,DEPOSITO,2022-09-04T07:18:01,900.04
1044,2,SANTANDER,FELIPE,DEPOSITO,2022-08-22T13:46:35,7869.43
3090,6,SANTANDER,PEDRO,SAQUE,2022-09-22T02:46:35,5077.99
2220,2,SANTANDER,JULIA,DEPOSITO,2022-01-17T17:42:56,6121.53
3320,4,SANTANDER,MARIA,SAQUE,2022-07-29T11:08:03,4371.44
4110,7,SANTANDER,LUCAS,SAQUE,2022-06-10T00:44:39,7569.68
3090,6,SANTANDER,PEDRO,SAQUE,2022-09-24T16:39:58,9999.67
3090,6,SANTANDER,PEDRO,SAQUE,2022-12-26T22:39:57,2133.53
1810,3,SANTANDER,CARLOS,SAQUE,2022-09-13T06:37:31,2104.96
2750,5,SANTANDER,ANA,DEPOSITO,2022-05-20T23:32:41,9425.69
1520,1,SANTANDER,JOAO,SAQUE,2022-07-21T16:37:23,9858.19
1810,3,SANTANDER,CARLOS,SAQUE,2022-09-02T15:07:54,7180.85
4110,7,SANTANDER,LUCAS,SAQUE,2022-06-17T05:57:00,3778.23
1810,3,SANTANDER,CARLOS,DEPOSITO,2022-08-03T01:56:23,5501.38
1260,8,SANTANDER,BEATRIZ,SAQUE,2022-02-01T06:30:03,7094.68
3320,4,SANTANDER,MARIA,SAQUE,2022-11-15T21:56:00,248.45
1810,3,SANTANDER,CARLOS,SAQUE,2022-10-06T23:00:35,7185.08
2870,9,SANTANDER,PAULO,DEPOSITO,2022-08-11T15:50:09,3450.71
2220,2,SANTANDER,JULIA,SAQUE,2022-03-01T02:13:34,3222.75
2750,5,SANTANDER,ANA,DEPOSITO,2022-03-22T17:11:38,8271.49
1810,3,SANTANDER,CARLOS,DEPOSITO,2022-02-02T03:03:07,5196.14
1260,8,SANTANDER,BEATRIZ,DEPOSITO,2022-10-02T12:38:08,563.59
2750,5,SANTANDER,ANA,SAQUE,2022-06-04T00:11:46,4806.97
2220,2,SANTANDER,JULIA,DEPOSITO,2022-06-24T20:57:48,4644.56
1044,2,SANTANDER,FELIPE,SAQUE,2022-08-13T18:55:07,1560.56
4110,7,SANTANDER,LUCAS,SAQUE,2022-08-13T15:34:30,7526.04
2220,2,SANTANDER,JULIA,DEPOSITO,2022-04-22T00:36:57,7596.74
3090,6,SANTANDER,PEDRO,DEPOSITO,2022-11-08T19:04:49,8878.51
1044,2,SANTANDER,FELIPE,DEPOSITO,2022-07-04T17:00:09,5471.55
1260,8,SANTANDER,BEATRIZ,SAQUE,2022-11-17T13:28:48,9368.55
2220,2,SANTANDER,JULIA,SAQUE,2022-03-17T15:02:24,3893.62
2870,9,SANTANDER,PAULO,SAQUE,2022-02-12T03:52:26,9245.65
1520,1,SANTANDER,JOAO,DEPOSITO,2022-08-19T03:31:59,5566.79
3090,6,SANTANDER,PEDRO,DEPOSITO,2022-02-07T03:52:41,7234.68
2220,2,SANTANDER,JULIA,DEPOSITO,2022-07-19T21:02:06,3409.94
1810,3,SANTANDER,CARLOS,SAQUE,2022-06-28T13:22:36,5320.57
1044,2,SANTANDER,FELIPE,SAQUE,2022-06-14T04:01:03,3056.06
1810,3,SANTANDER,CARLOS,SAQUE,2022-10-18T11:31:39,3235.13
3320,4,SANTANDER,MARIA,SAQUE,2022-04-14T01:36:25,9857.43
2220,2,SANTANDER,JULIA,SAQUE,2022-01-08T04:31:36,1963.86
2750,5,SANTANDER,ANA,SAQUE,2022-01-15T20:20:30,2334.25
2220,2,SANTANDER,JULIA,SAQUE,2022-06-05T00:49:59,6060.39
2870,9,SANTANDER,PAULO,DEPOSITO,2022-12-26T14:57:38,4303.99
1044,2,SANTANDER,FELIPE,DEPOSITO,2022-05-24T18:00:54,9158.21
3320,4,SANTANDER,MARIA,DEPOSITO,2022-04-06T04:51:05,3016.41
1044,2,SANTANDER,FELIPE,DEPOSITO,2022-08-16T15:30:15,2866.32
1044,2,SANTANDER,FELIPE,DEPOSITO,2022-01-01T10:41:37,7154.71
1044,2,SANTANDER,FELIPE,SAQUE,2022-09-04T18:36:06,3257.93
1810,3,SANTANDER,CARLOS,SAQUE,2022-04-01T02:04:42,1432.71
3090,6,SANTANDER,PEDRO,DEPOSITO,2022-02-05T05:52:25,2988.08
3320,4,SANTANDER,MARIA,SAQUE,2022-11-09T09:50:41,5288.52
3090,6,SANTANDER,PEDRO,DEPOSITO,2022-09-14T13:27:56,2834.08
2220,2,SANTANDER,JULIA,DEPOSITO,2022-03-18T07:38:43,9245.82
1260,8,SANTANDER,BEATRIZ,DEPOSITO,2022-12-30T19:19:31,5463.27
3090,6,SANTANDER,PEDRO,DEPOSITO,2022-05-06T10:56:48,702.21
3320,4,SANTANDER,MARIA,SAQUE,2022-12-08T11:55:26,6203.99
2870,9,SANTANDER,PAULO,DEPOSITO,2022-05-13T02:25:28,9543.04
2870,9,SANTANDER,PAULO,DEPOSITO,2022-07-23T13:18:13,4605.12
4110,7,SANTANDER,LUCAS,DEPOSITO,2022-05-13T23:32:05,3167.46
4110,7,SANTANDER,LUCAS,DEPOSITO,2022-09-05T05:43:39,8177.19
4110,7,SANTANDER,LUCAS,SAQUE,2022-10-09T08:25:16,2162.55
1520,1,SANTANDER,JOAO,SAQUE,2022-06-25T13:21:11,2953.23
2220,2,SANTANDER,JULIA,DEPOSITO,2022-01-30T05:33:25,5344.75
3090,6,SANTANDER,PEDRO,SAQUE,2022-08-09T13:09:58,3698.46
2750,5,SANTANDER,ANA,DEPOSITO,2022-12-31T05:48:56,5801.2
2870,9,SANTANDER,PAULO,DEPOSITO,2022-04-14T12:20:18,5966.31
1260,8,SANTANDER,BEATRIZ,DEPOSITO,2022-07-15T06:14:52,3314.74
2220,2,SANTANDER,JULIA,DEPOSITO,2022-11-21T20:31:54,2217.06
1810,3,SANTANDER,CARLOS,DEPOSITO,2022-06-29T14:08:49,3920.13
2870,9,SANTANDER,PAULO,SAQUE,2022-10-07T23:11:01,8922.67
1044,2,SANTANDER,FELIPE,DEPOSITO,2022-03-12T13:54:28,6573.68
3320,4,SANTANDER,MARIA,DEPOSITO,2022-08-05T00:09:59,2966.87
2870,9,SANTANDER,PAULO,SAQUE,2022-07-10T13:19:40,1511.7
2870,9,SANTANDER,PAULO,DEPOSITO,2022-02-23T16:06:44,9673.98
3090,6,SANTANDER,PEDRO,DEPOSITO,2022-05-17T03:30:28,2962.22
2750,5,SANTANDER,ANA,DEPOSITO,2022-01-18T14:10:09,8772.38
1044,2,SANTANDER,FELIPE,DEPOSITO,2022-08-31T17:09:37,6457.0
3320,4,SANTANDER,MARIA,SAQUE,2022-09-04T04:17:45,6999.11
1044,2,SANTANDER,FELIPE,SAQUE,2022-05-02T17:59:42,2023.47
3090,6,SANTANDER,PEDRO,DEPOSITO,2022-01-10T12:41:39,3677.81
2750,5,SANTANDER,ANA,DEPOSITO,2022-11-10T19:57:56,6073.71
3090,6,SANTANDER,PEDRO,SAQUE,2022-05-19T04:29:36,5097.94
3090,6,SANTANDER,PEDRO,DEPOSITO,2022-09-21T03:47:12,6776.55
1044,2,SANTANDER,FELIPE,SAQUE,2022-06-04T14:48:20,2080.02
2750,5,SANTANDER,ANA,SAQUE,2022-11-03T01:31:55,2549.19
2870,9,SANTANDER,PAULO,SAQUE,2022-05-04T10:22:55,5189.65
3320,4,SANTANDER,MARIA,SAQUE,2022-09-11T22:48:23,903.73
1520,1,SANTANDER,JOAO,DEPOSITO,2022-03-27T21:13:25,3923.3
2750,5,SANTANDER,ANA,DEPOSITO,2022-11-05T09:47:08,724.75
1044,2,SANTANDER,FELIPE,DEPOSITO,2022-04-15T19:52:22,8958.41
1260,8,SANTANDER,BEATRIZ,DEPOSITO,2022-10-28T20:14:03,74.81
1044,2,SANTANDER,FELIPE,DEPOSITO,2022-04-25T15:24:15,423.1
1520,1,SANTANDER,JOAO,DEPOSITO,2022-10-07T18:26:47,3222.53
3320,4,SANTANDER,MARIA,SAQUE,2022-02-23T23:22:43,71.25
4110,7,SANTANDER,LUCAS,SAQUE,2022-04-30T06:52:38,8381.58
2220,2,SANTANDER,JULIA,DEPOSITO,2022-08-09T14:14:09,598.36
4110,7,SANTANDER,LUCAS,DEPOSITO,2022-11-02T02:46:11,485.91
3090,6,SANTANDER,PEDRO,SAQUE,2022-01-17T01:14:59,999.36
2750,5,SANTANDER,ANA,DEPOSITO,2022-05-07T01:00:00,90.25
3320,4,SANTANDER,MARIA,SAQUE,2022-03-10T22:01:03,9052.83
1260,8,SANTANDER,BEATRIZ,SAQUE,2022-02-25T03:12:35,4837.71
1520,1,SANTANDER,JOAO,DEPOSITO,2022-09-28T23:43:20,6514.03
2870,9,SANTANDER,PAULO,SAQUE,2022-12-10T22:01:08,9830.15
4110,7,SANTANDER,LUCAS,DEPOSITO,2022-04-29T21:38:13,772.87
4110,7,SANTANDER,LUCAS,SAQUE,2022-08-29T11:45:27,7408.0
1520,1,SANTANDER,JOAO,DEPOSITO,2022-09-23T11:25:45,220.7
2870,9,SANTANDER,PAULO,DEPOSITO,2022-10-18T18:52:38,4211.65
1520,1,SANTANDER,JOAO,DEPOSITO,2022-03-14T02:38:35,7822.6
1810,3,SANTANDER,CARLOS,DEPOSITO,2022-02-19T18:35:09,4685.53
1044,2,SANTANDER,FELIPE,SAQUE,2022-12-29T13:44:59,1551.19
1810,3,SANTANDER,CARLOS,SAQUE,2022-12-16T22:10:30,283.75
1260,8,SANTANDER,BEATRIZ,SAQUE,2022-08-10T00:47:22,8105.85
1044,2,SANTANDER,FELIPE,SAQUE,2022-03-07T14:07:00,1032.52
3320,4,SANTANDER,MARIA,SAQUE,2022-08-19T13:57:49,8182.05
3320,4,SANTANDER,MARIA,SAQUE,2022-12-17T08:08:18,9752.23
2870,9,SANTANDER,PAULO,DEPOSITO,2022-02-15T10:17:47,1723.93
1810,3,SANTANDER,CARLOS,DEPOSITO,2022-05-02T05:46:16,4149.96
2220,2,SANTANDER,JULIA,SAQUE,2022-05-28T22:21:59,3296.58
2220,2,SANTANDER,JULIA,SAQUE,2022-01-14T03:34:38,5080.44
3320,4,SANTANDER,MARIA,DEPOSITO,2022-04-22T11:55:28,8715.3
1810,3,SANTANDER,CARLOS,DEPOSITO,2022-04-30T14:32:56,5906.45
2220,2,SANTANDER,JULIA,DEPOSITO,2022-10-03T00:17:19,6107.04
3090,6,SANTANDER,PEDRO,DEPOSITO,2022-06-06T05:24:25,2665.0
2750,5,SANTANDER,ANA,SAQUE,2022-04-08T20:56:02,4715.35
2870,9,SANTANDER,PAULO,DEPOSITO,2022-06-24T09:52:56,4273.41
3090,6,SANTANDER,PEDRO,SAQUE,2022-03-09T13:15:40,3092.73
2220,2,SANTANDER,JULIA,DEPOSITO,2022-03-13T22:15:40,1999.48
2220,2,SANTANDER,JULIA,SAQUE,2022-08-06T09:36:48,3371.61
3090,6,SANTANDER,PEDRO,DEPOSITO,2022-05-06T12:44:42,7163.73
4110,7,SANTANDER,LUCAS,SAQUE,2022-05-23T01:51:59,3926.28
4110,7,SANTANDER,LUCAS,DEPOSITO,2022-11-19T19:52:11,1117.5
1260,8,SANTANDER,BEATRIZ,DEPOSITO,2022-04-04T10:53:26,9183.23
2220,2,SANTANDER,JULIA,DEPOSITO,2022-09-01T23:32:12,2797.21
1520,1,SANTANDER,JOAO,DEPOSITO,2022-05-04T14:54:52,8299.65
2750,5,SANTANDER,ANA,DEPOSITO,2022-11-16T21:11:24,1639.73
3320,4,SANTANDER,MARIA,SAQUE,2022-01-02T18:22:55,3089.88
2220,2,SANTANDER,JULIA,SAQUE,2022-04-29T06:32:50,309.7
3320,4,SANTANDER,MARIA,SAQUE,2022-06-05T14:31:24,1341.89
3320,4,SANTANDER,MARIA,SAQUE,2022-09-25T00:17:45,4605.2
1260,8,SANTANDER,BEATRIZ,DEPOSITO,2022-10-05T14:59:42,5091.05
1260,8,SANTANDER,BEATRIZ,SAQUE,2022-09-05T02:40:43,7106.34
2870,9,SANTANDER,PAULO,SAQUE,2022-10-12T08:27:37,6279.75
4110,7,SANTANDER,LUCAS,DEPOSITO,2022-09-12T04:17:44,8839.94
2220,2,SANTANDER,JULIA,SAQUE,2022-01-06T06:45:21,2016.52
4110,7,SANTANDER,LUCAS,SAQUE,2022-10-26T09:52:12,9760.96
1260,8,SANTANDER,BEATRIZ,DEPOSITO,2022-01-30T18:45:58,9992.55
1520,1,SANTANDER,JOAO,SAQUE,2022-02-06T09:18:37,5220.77
1044,2,SANTANDER,FELIPE,DEPOSITO,2022-05-08T20:17:21,2530.04
2220,2,SANTANDER,JULIA,SAQUE,2022-07-23T03:50:44,1718.02
3090,6,SANTANDER,PEDRO,SAQUE,2022-03-29T03:07:03,3554.14
2750,5,SANTANDER,ANA,SAQUE,2022-03-07T23:54:57,8598.59
4110,7,SANTANDER,LUCAS,SAQUE,2022-05-08T08:42:49,1185.86
3090,6,SANTANDER,PEDRO,SAQUE,2022-04-08T15:43:23,6202.38
3090,6,SANTANDER,PEDRO,DEPOSITO,2022-10-27T09:42:46,5175.43
3090,6,SANTANDER,PEDRO,SAQUE,2022-10-09T04:07:26,7293.31
4110,7,SANTANDER,LUCAS,SAQUE,2022-05-13T10:31:05,9698.26
1810,3,SANTANDER,CARLOS,SAQUE,2022-11-16T07:53:14,2551.86
2750,5,SANTANDER,ANA,DEPOSITO,2022-07-22T00:17:44,2792.29
2870,9,SANTANDER,PAULO,SAQUE,2022-12-09T23:26:14,5731.68
1044,2,SANTANDER,FELIPE,DEPOSITO,2022-02-11T22:09:20,6543.17
4110,7,SANTANDER,LUCAS,DEPOSITO,2022-12-24T21:39:56,5284.65
2870,9,SANTANDER,PAULO,DEPOSITO,2022-10-29T06:01:31,4589.23
2870,9,SANTANDER,PAULO,DEPOSITO,2022-06-18T09:19:08,8508.11
3320,4,SANTANDER,MARIA,SAQUE,2022-03-20T03:24:21,2075.47
3090,6,SANTANDER,PEDRO,DEPOSITO,2022-05-16T14:36:52,6234.04
2870,9,SANTANDER,PAULO,SAQUE,2022-10-05T17:32:58,2146.2
2750,5,SANTANDER,ANA,SAQUE,2022-12-03T11:07:21,6479.46
3090,6,SANTANDER,PEDRO,DEPOSITO,2022-11-26T18:26:34,2848.97
3320,4,SANTANDER,MARIA,DEPOSITO,2022-10-05T23:13:16,166.38
2220,2,SANTANDER,JULIA,SAQUE,2022-01-09T12:17:03,9172.51
3090,6,SANTANDER,PEDRO,DEPOSITO,2022-05-07T23:19:01,131.65
1044,2,SANTANDER,FELIPE,SAQUE,2022-12-28T10:58:56,8184.96
3090,6,SANTANDER,PEDRO,SAQUE,2022-07-13T18:19:39,5459.71
1520,1,SANTANDER,JOAO,SAQUE,2022-11-28T07:50:25,6446.35
1260,8,SANTANDER,BEATRIZ,SAQUE,2022-01-24T09:08:52,8744.11
2220,2,SANTANDER,JULIA,SAQUE,2022-05-09T22:28:41,4593.52
3090,6,SANTANDER,PEDRO,SAQUE,2022-12-04T01:24:21,5507.88
1810,3,SANTANDER,CARLOS,SAQUE,2022-07-20T13:25:27,5492.13
4110,7,SANTANDER,LUCAS,SAQUE,2022-12-04T07:32:50,9416.45
3090,6,SANTANDER,PEDRO,SAQUE,2022-06-15T03:32:12,1118.88
3090,6,SANTANDER,PEDRO,SAQUE,2022-04-13T16:33:10,9634.25
1520,1,SANTANDER,JOAO,DEPOSITO,2022-09-28T02:15:50,4935.3
1044,2,SANTANDER,FELIPE,DEPOSITO,2022-07-10T00:01:08,7550.91
1520,1,SANTANDER,JOAO,DEPOSITO,2022-09-20T20:24:42,4959.91
1044,2,SANTANDER,FELIPE,SAQUE,2022-10-28T15:20:45,3951.96
4110,7,SANTANDER,LUCAS,DEPOSITO,2022-12-13T06:59:27,5589.64
2220,2,SANTANDER,JULIA,SAQUE,2022-02-16T14:56:43,7231.22
4110,7,SANTANDER,LUCAS,DEPOSITO,2022-02-11T14:31:33,6397.66
1044,2,SANTANDER,FELIPE,DEPOSITO,2022-06-11T03:35:39,8850.4
2870,9,SANTANDER,PAULO,SAQUE,2022-04-29T01:49:54,1414.53
2220,2,SANTANDER,JULIA,SAQUE,2022-12-23T14:09:51,7913.19
2870,9,SANTANDER,PAULO,SAQUE,2022-08-19T09:17:19,5129.12
2750,5,SANTANDER,ANA,SAQUE,2022-09-12T09:05:43,1506.26
2220,2,SANTANDER,JULIA,SAQUE,2022-10-13T14:29:17,637.44
2220,2,SANTANDER,JULIA,DEPOSITO,2022-10-31T21:16:50,4882.21
2870,9,SANTANDER,PAULO,SAQUE,2022-06-28T13:08:06,8146.92
1520,1,SANTANDER,JOAO,SAQUE,2022-11-28T20:13:39,2338.39
4110,7,SANTANDER,LUCAS,DEPOSITO,2022-09-04T08:51:11,1864.57
1044,2,SANTANDER,FELIPE,DEPOSITO,2022-04-28T05:08:56,2555.82
1044,2,SANTANDER,FELIPE,DEPOSITO,2022-10-29T12:27:12,152.35
1810,3,SANTANDER,CARLOS,DEPOSITO,2022-11-21T05:52:02,5822.85
3090,6,SANTANDER,PEDRO,DEPOSITO,2022-09-30T16:52:00,5794.99
2870,9,SANTANDER,PAULO,SAQUE,2022-10-21T22:02:37,2912.78
2220,2,SANTANDER,JULIA,SAQUE,2022-03-02T17:45:36,1312.81
2220,2,SANTANDER,JULIA,DEPOSITO,2022-02-01T08:44:52,6110.48
2750,5,SANTANDER,ANA,SAQUE,2022-06-06T02:51:57,9475.0
2750,5,SANTANDER,ANA,DEPOSITO,2022-04-18T16:36:14,6045.53
1520,1,SANTANDER,JOAO,DEPOSITO,2022-03-19T16:46:41,2952.81
2750,5,SANTANDER,ANA,DEPOSITO,2022-12-29T06:00:46,1924.71
3320,4,SANTANDER,MARIA,DEPOSITO,2022-06-15T09:16:37,3748.56
1044,2,SANTANDER,FELIPE,DEPOSITO,2022-08-30T20:02:12,5871.94
2220,2,SANTANDER,JULIA,DEPOSITO,2022-12-21T10:21:55,8231.22
4110,7,SANTANDER,LUCAS,SAQUE,2022-02-21T15:05:45,2914.79
3320,4,SANTANDER,MARIA,DEPOSITO,2022-02-05T06:10:57,9739.64
3320,4,SANTANDER,MARIA,SAQUE,2022-09-24T00:15:27,2603.75
2220,2,SANTANDER,JULIA,SAQUE,2022-04-22T10:27:20,8219.54
1810,3,SANTANDER,CARLOS,SAQUE,2022-09-06T20:56:31,9275.05
3320,4,SANTANDER,MARIA,SAQUE,2022-10-16T01:54:04,4600.02
4110,7,SANTANDER,LUCAS,SAQUE,2022-11-25T14:44:44,911.03
3320,4,SANTANDER,MARIA,DEPOSITO,2022-02-20T20:05:36,9299.13
2220,2,SANTANDER,JULIA,SAQUE,2022-12-22T17:45:58,7071.96
1260,8,SANTANDER,BEATRIZ,DEPOSITO,2022-11-20T08:29:18,2122.87
3320,4,SANTANDER,MARIA,SAQUE,2022-09-16T00:08:38,6170.09
3090,6,SANTANDER,PEDRO,SAQUE,2022-12-15T14:20:26,7238.75
1810,3,SANTANDER,CARLOS,DEPOSITO,2022-01-17T02:43:19,7144.48
2220,2,SANTANDER,JULIA,SAQUE,2022-07-01T08:21:12,3366.57
3090,6,SANTANDER,PEDRO,DEPOSITO,2022-03-31T23:20:44,736.16
1810,3,SANTANDER,CARLOS,SAQUE,2022-02-05T20:43:16,2420.7
2870,9,SANTANDER,PAULO,DEPOSITO,2022-10-02T03:26:27,4620.64
1260,8,SANTANDER,BEATRIZ,DEPOSITO,2022-05-17T21:43:01,1566.91
2220,2,SANTANDER,JULIA,DEPOSITO,2022-10-06T01:46:29,2517.86
4110,7,SANTANDER,LUCAS,SAQUE,2022-09-06T00:01:05,9853.71
2220,2,SANTANDER,JULIA,DEPOSITO,2022-11-22T04:47:31,9161.86
1810,3,SANTANDER,CARLOS,SAQUE,2022-03-14T17:56:38,5052.91
2220,2,SANTANDER,JULIA,SAQUE,2022-11-02T09:10:09,2051.48
2870,9,SANTANDER,PAULO,DEPOSITO,2022-08-01T16:41:00,821.84
3090,6,SANTANDER,PEDRO,SAQUE,2022-09-02T20:30:52,9216.4
3320,4,SANTANDER,MARIA,SAQUE,2022-02-26T09:05:25,8604.06
1810,3,SANTANDER,CARLOS,SAQUE,2022-04-01T09:32:02,9483.41
3320,4,SANTANDER,MARIA,DEPOSITO,2022-12-12T18:11:04,7419.09
2750,5,SANTANDER,ANA,DEPOSITO,2022-08-22T18:03:43,619.63
1520,1,SANTANDER,JOAO,DEPOSITO,2022-06-21T19:51:46,179.37
1044,2,SANTANDER,FELIPE,DEPOSITO,2022-09-17T06:27:37,2196.7
3320,4,SANTANDER,MARIA,DEPOSITO,2022-04-08T00:25:14,3020.28
2220,2,SANTANDER,JULIA,DEPOSITO,2022-04-10T11:51:54,5268.75
1810,3,SANTANDER,CARLOS,SAQUE,2022-02-26T09:20:14,9579.0
2220,2,SANTANDER,JULIA,SAQUE,2022-12-10T18:17:58,3119.67
1810,3,SANTANDER,CARLOS,SAQUE,2022-05-15T01:01:52,2389.34
1044,2,SANTANDER,FELIPE,DEPOSITO,2022-01-26T21:45:26,839.07
1044,2,SANTANDER,FELIPE,SAQUE,2022-11-11T17:17:17,9878.14
1260,8,SANTANDER,BEATRIZ,DEPOSITO,2022-06-07T21:18:05,8065.57
3090,6,SANTANDER,PEDRO,DEPOSITO,2022-08-16T23:50:38,9533.24
2870,9,SANTANDER,PAULO,DEPOSITO,2022-08-22T16:16:21,2593.22
2870,9,SANTANDER,PAULO,SAQUE,2022-10-26T07:10:19,9796.81
2870,9,SANTANDER,PAULO,SAQUE,2022-07-18T03:56:42,1858.21
1260,8,SANTANDER,BEATRIZ,SAQUE,2022-11-01T22:43:00,2646.74
1520,1,SANTANDER,JOAO,DEPOSITO,2022-06-21T12:27:43,8432.63
1044,2,SANTANDER,FELIPE,SAQUE,2022-05-11T12:43:16,8611.22
4110,7,SANTANDER,LUCAS,SAQUE,2022-02-14T23:48:37,3166.11
2870,9,SANTANDER,PAULO,SAQUE,2022-07-02T17:05:34,1724.68
2220,2,SANTANDER,JULIA,DEPOSITO,2022-04-23T11:19:21,9422.18
2750,5,SANTANDER,ANA,DEPOSITO,2022-04-11T01:07:38,8161.58
4110,7,SANTANDER,LUCAS,DEPOSITO,2022-06-07T06:30:34,2863.45
1810,3,SANTANDER,CARLOS,SAQUE,2022-06-30T14:09:43,4093.29
2220,2,SANTANDER,JULIA,DEPOSITO,2022-02-05T10:42:57,8913.71
2750,5,SANTANDER,ANA,SAQUE,2022-02-02T05:22:04,3185.22
4110,7,SANTANDER,LUCAS,SAQUE,2022-12-27T19:51:50,2177.92
2750,5,SANTANDER,ANA,DEPOSITO,2022-09-16T06:48:44,6299.15
3320,4,SANTANDER,MARIA,DEPOSITO,2022-12-15T15:31:36,6696.73
1520,1,SANTANDER,JOAO,SAQUE,2022-04-19T08:30:05,1501.48
2750,5,SANTANDER,ANA,SAQUE,2022-08-24T13:52:21,8154.44
2870,9,SANTANDER,PAULO,DEPOSITO,2022-12-14T05:14:48,1730.03
1044,2,SANTANDER,FELIPE,SAQUE,2022-02-17T16:52:14,7938.03
1044,2,SANTANDER,FELIPE,SAQUE,2022-10-21T00:57:05,2322.47
1260,8,SANTANDER,BEATRIZ,SAQUE,2022-09-06T11:58:37,2299.96
1044,2,SANTANDER,FELIPE,DEPOSITO,2022-10-11T01:55:27,6000.43
1044,2,SANTANDER,FELIPE,SAQUE,2022-05-09T18:14:23,2917.55
2220,2,SANTANDER,JULIA,DEPOSITO,2022-02-23T09:06:03,1273.7
2870,9,SANTANDER,PAULO,SAQUE,2022-03-27T18:25:33,5937.15
4110,7,SANTANDER,LUCAS,SAQUE,2022-01-18T19:20:46,8243.65
1520,1,SANTANDER,JOAO,DEPOSITO,2022-10-21T04:27:02,1407.94
3090,6,SANTANDER,PEDRO,SAQUE,2022-04-28T14:31:46,3201.46
1810,3,SANTANDER,CARLOS,SAQUE,2022-04-12T17:51:12,9493.46
2870,9,SANTANDER,PAULO,DEPOSITO,2022-03-03T02:01:43,6924.98
2750,5,SANTANDER,ANA,SAQUE,2022-01-10T07:49:30,336.77
1044,2,SANTANDER,FELIPE,SAQUE,2022-09-27T10:01:41,4969.58
1260,8,SANTANDER,BEATRIZ,DEPOSITO,2022-12-15T08:58:23,1463.85
1044,2,SANTANDER,FELIPE,DEPOSITO,2022-11-14T04:23:46,687.43
1044,2,SANTANDER,FELIPE,SAQUE,2022-11-09T11:01:37,4784.85
2870,9,SANTANDER,PAULO,DEPOSITO,2022-03-12T21:57:00,7639.92
3320,4,SANTANDER,MARIA,SAQUE,2022-12-03T04:45:05,4184.06
1520,1,SANTANDER,JOAO,SAQUE,2022-10-25T22:08:01,1145.2
2870,9,SANTANDER,PAULO,SAQUE,2022-10-22T09:00:53,7435.19
1520,1,SANTANDER,JOAO,DEPOSITO,2022-04-02T06:41:48,3572.99
1810,3,SANTANDER,CARLOS,DEPOSITO,2022-10-10T20:56:04,7906.08
1044,2,SANTANDER,FELIPE,DEPOSITO,2022-10-23T23:28:42,538.59
3090,6,SANTANDER,PEDRO,SAQUE,2022-11-25T09:33:01,4595.73
1810,3,SANTANDER,CARLOS,DEPOSITO,2022-07-07T18:21:42,7101.85
2870,9,SANTANDER,PAULO,SAQUE,2022-06-08T12:12:45,7322.93
4110,7,SANTANDER,LUCAS,SAQUE,2022-09-22T08:31:04,5861.35
4110,7,SANTANDER,LUCAS,DEPOSITO,2022-02-18T17:38:13,280.5
2870,9,SANTANDER,PAULO,SAQUE,2022-04-27T11:29:42,7409.84
2750,5,SANTANDER,ANA,SAQUE,2022-03-11T09:27:19,1769.58
1260,8,SANTANDER,BEATRIZ,DEPOSITO,2022-03-15T05:15:10,3757.24
1520,1,SANTANDER,JOAO,DEPOSITO,2022-06-29T03:47:27,2977.2
1260,8,SANTANDER,BEATRIZ,DEPOSITO,2022-08-29T18:53:06,1274.77
2220,2,SANTANDER,JULIA,DEPOSITO,2022-05-01T17:11:04,7199.66
2870,9,SANTANDER,PAULO,SAQUE,2022-11-18T09:29:43,5271.23
1044,2,SANTANDER,FELIPE,DEPOSITO,2022-10-13T17:05:42,2872.93
1810,3,SANTANDER,CARLOS,SAQUE,2022-10-03T02:25:26,7035.94
2750,5,SANTANDER,ANA,SAQUE,2022-02-12T22:47:32,6937.73
2870,9,SANTANDER,PAULO,DEPOSITO,2022-05-25T15:46:16,5697.43
1810,3,SANTANDER,CARLOS,DEPOSITO,2022-10-30T21:43:32,1321.39
3090,6,SANTANDER,PEDRO,SAQUE,2022-09-26T20:44:13,7307.92
1810,3,SANTANDER,CARLOS,SAQUE,2022-01-16T13:02:56,3952.36
2750,5,SANTANDER,ANA,SAQUE,2022-05-16T08:18:57,831.54
1260,8,SANTANDER,BEATRIZ,DEPOSITO,2022-01-28T22:06:58,6907.94
1520,1,SANTANDER,JOAO,DEPOSITO,2022-09-24T12:01:44,6769.02
2220,2,SANTANDER,JULIA,SAQUE,2022-10-20T23:03:16,8008.04
2870,9,SANTANDER,PAULO,DEPOSITO,2022-10-09T02:19:29,6084.98
1520,1,SANTANDER,JOAO,SAQUE,2022-07-29T21:58:16,3188.55
2750,5,SANTANDER,ANA,SAQUE,2022-07-05T02:52:06,9476.38
1520,1,SANTANDER,JOAO,SAQUE,2022-08-26T06:41:21,379.77
1810,3,SANTANDER,CARLOS,DEPOSITO,2022-09-20T05:59:39,8838.05
2220,2,SANTANDER,JULIA,SAQUE,2022-03-05T14:09:44,9241.32
1260,8,SANTANDER,BEATRIZ,DEPOSITO,2022-02-22T13:19:28,7106.38
2870,9,SANTANDER,PAULO,SAQUE,2022-07-08T06:26:47,6506.26
1520,1,SANTANDER,JOAO,DEPOSITO,2022-03-31T22:02:20,5411.28
2220,2,SANTANDER,JULIA,SAQUE,2022-11-04T01:05:41,2546.47
2750,5,SANTANDER,ANA,SAQUE,2022-11-12T03:38:59,1455.41
4110,7,SANTANDER,LUCAS,SAQUE,2022-05-01T08:22:40,5906.51
2870,9,SANTANDER,PAULO,SAQUE,2022-06-15T02:39:07,2479.84
1044,2,SANTANDER,FELIPE,SAQUE,2022-11-14T04:01:25,2571.71
1810,3,SANTANDER,CARLOS,SAQUE,2022-09-29T04:42:07,7356.27
1260,8,SANTANDER,BEATRIZ,DEPOSITO,2022-03-30T15:32:13,1262.99
2220,2,SANTANDER,JULIA,SAQUE,2022-04-14T00:47:56,4676.87
2220,2,SANTANDER,JULIA,DEPOSITO,2022-04-08T02:47:53,1601.32
2750,5,SANTANDER,ANA,DEPOSITO,2022-03-04T02:50:28,8758.14
2870,9,SANTANDER,PAULO,SAQUE,2022-02-28T14:49:16,1648.01
1520,1,SANTANDER,JOAO,SAQUE,2022-08-25T14:43:20,2526.51
4110,7,SANTANDER,LUCAS,SAQUE,2022-05-11T21:28:37,3866.05
3320,4,SANTANDER,MARIA,DEPOSITO,2022-02-04T03:29:15,7420.78
2870,9,SANTANDER,PAULO,DEPOSITO,2022-11-01T19:15:51,4829.2
2750,5,SANTANDER,ANA,DEPOSITO,2022-10-26T15:27:23,4790.63
2870,9,SANTANDER,PAULO,SAQUE,2022-10-20T19:58:31,5734.13
1044,2,SANTANDER,FELIPE,DEPOSITO,2022-05-18T04:16:31,1187.07
4110,7,SANTANDER,LUCAS,SAQUE,2022-11-18T13:39:07,9227.55
2750,5,SANTANDER,ANA,DEPOSITO,2022-08-09T03:42:24,9468.87
2220,2,SANTANDER,JULIA,DEPOSITO,2022-11-19T09:45:33,1533.24
1044,2,SANTANDER,FELIPE,DEPOSITO,2022-06-03T16:29:39,4825.67
1044,2,SANTANDER,FELIPE,DEPOSITO,2022-06-26T09:52:08,6823.88
2750,5,SANTANDER,ANA,SAQUE,2022-01-13T20:10:33,9608.03
3320,4,SANTANDER,MARIA,DEPOSITO,2022-09-24T18:27:25,4813.68
1810,3,SANTANDER,CARLOS,DEPOSITO,2022-06-21T07:32:33,1741.49
4110,7,SANTANDER,LUCAS,DEPOSITO,2022-06-15T11:00:34,2140.01
1810,3,SANTANDER,CARLOS,DEPOSITO,2022-08-26T04:26:21,9984.25
1810,3,SANTANDER,CARLOS,SAQUE,2022-09-13T18:19:56,5373.58
2220,2,SANTANDER,JULIA,SAQUE,2022-05-07T15:16:40,5370.35
2750,5,SANTANDER,ANA,SAQUE,2022-10-08T11:38:39,6264.43
3320,4,SANTANDER,MARIA,DEPOSITO,2022-11-01T13:39:39,9111.29
1044,2,SANTANDER,FELIPE,DEPOSITO,2022-11-24T00:43:43,6633.36
4110,7,SANTANDER,LUCAS,SAQUE,2022-08-04T15:41:45,8859.25
4110,7,SANTANDER,LUCAS,SAQUE,2022-12-15T02:04:20,576.75
1044,2,SANTANDER,FELIPE,SAQUE,2022-12-18T14:50:25,4078.28
2750,5,SANTANDER,ANA,DEPOSITO,2022-04-16T20:46:52,9238.47
1260,8,SANTANDER,BEATRIZ,SAQUE,2022-01-31T20:44:52,5731.91
2220,2,SANTANDER,JULIA,DEPOSITO,2022-01-03T19:26:32,6305.64
2750,5,SANTANDER,ANA,SAQUE,2022-06-23T02:24:12,1677.74
3090,6,SANTANDER,PEDRO,DEPOSITO,2022-11-19T02:57:12,2372.87
2870,9,SANTANDER,PAULO,SAQUE,2022-08-22T16:51:30,9404.49
1520,1,SANTANDER,JOAO,DEPOSITO,2022-06-01T01:53:34,9508.35
2870,9,SANTANDER,PAULO,SAQUE,2022-11-08T06:38:00,732.47
3090,6,SANTANDER,PEDRO,SAQUE,2022-12-09T08:52:39,7468.56
1260,8,SANTANDER,BEATRIZ,SAQUE,2022-07-26T07:26:01,5922.95
4110,7,SANTANDER,LUCAS,DEPOSITO,2022-10-22T11:45:46,5300.32
1520,1,SANTANDER,JOAO,DEPOSITO,2022-06-23T18:46:31,6094.54
1520,1,SANTANDER,JOAO,DEPOSITO,2022-04-14T14:35:55,2406.61
1044,2,SANTANDER,FELIPE,SAQUE,2022-03-22T00:38:43,3898.7
1520,1,SANTANDER,JOAO,DEPOSITO,2022-07-06T22:56:54,234.56
3320,4,SANTANDER,MARIA,SAQUE,2022-03-01T07:27:24,8102.55
1520,1,SANTANDER,JOAO,DEPOSITO,2022-02-24T03:46:22,7522.64
1260,8,SANTANDER,BEATRIZ,SAQUE,2022-01-04T16:32:57,2993.6
2220,2,SANTANDER,JULIA,SAQUE,2022-02-18T15:47:12,8915.71
1044,2,SANTANDER,FELIPE,DEPOSITO,2022-04-21T06:58:08,3210.34
3320,4,SANTANDER,MARIA,SAQUE,2022-10-29T12:47:14,1942.9
1044,2,SANTANDER,FELIPE,DEPOSITO,2022-06-21T11:13:29,8264.09
3090,6,SANTANDER,PEDRO,SAQUE,2022-06-21T14:23:46,9269.5
3320,4,SANTANDER,MARIA,DEPOSITO,2022-05-29T19:35:07,6543.23
3090,6,SANTANDER,PEDRO,SAQUE,2022-05-22T13:10:33,3360.66
1520,1,SANTANDER,JOAO,SAQUE,2022-05-01T05:23:15,1029.63
1520,1,SANTANDER,JOAO,SAQUE,2022-08-12T10:39:08,6004.24
4110,7,SANTANDER,LUCAS,SAQUE,2022-08-07T03:45:08,4894.75
3090,6,SANTANDER,PEDRO,DEPOSITO,2022-06-11T17:39:34,4976.56
1044,2,SANTANDER,FELIPE,DEPOSITO,2022-12-02T23:50:28,6600.47
1810,3,SANTANDER,CARLOS,SAQUE,2022-03-03T04:49:12,4624.62
3320,4,SANTANDER,MARIA,DEPOSITO,2022-01-09T10:34:41,4034.64
3090,6,SANTANDER,PEDRO,SAQUE,2022-02-16T05:05:01,1078.0
4110,7,SANTANDER,LUCAS,DEPOSITO,2022-04-30T14:56:19,757.63
4110,7,SANTANDER,LUCAS,SAQUE,2022-10-26T10:30:11,2992.86
1520,1,SANTANDER,JOAO,SAQUE,2022-03-16T08:21:47,7351.26
1810,3,SANTANDER,CARLOS,DEPOSITO,2022-06-28T01:41:01,484.05
3320,4,SANTANDER,MARIA,DEPOSITO,2022-09-15T14:11:21,8630.68
4110,7,SANTANDER,LUCAS,DEPOSITO,2022-12-19T00:02:30,9204.74
1810,3,SANTANDER,CARLOS,DEPOSITO,2022-01-17T06:48:19,1547.51
2220,2,SANTANDER,JULIA,SAQUE,2022-08-09T12:19:50,5232.76
1520,1,SANTANDER,JOAO,DEPOSITO,2022-01-13T10:25:02,3946.81
2220,2,SANTANDER,JULIA,SAQUE,2022-11-26T09:18:57,6973.99
2220,2,SANTANDER,JULIA,DEPOSITO,2022-07-10T17:03:32,3614.45
1520,1,SANTANDER,JOAO,DEPOSITO,2022-12-19T02:25:36,2172.18
1044,2,SANTANDER,FELIPE,SAQUE,2022-07-17T23:32:50,2633.42
4110,7,SANTANDER,LUCAS,DEPOSITO,2022-05-07T12:22:00,8636.98
4110,7,SANTANDER,LUCAS,DEPOSITO,2022-03-19T11:53:24,1386.58
1044,2,SANTANDER,FELIPE,DEPOSITO,2022-01-23T00:10:01,904.46
1810,3,SANTANDER,CARLOS,DEPOSITO,2022-07-28T05:39:38,645.73
1260,8,SANTANDER,BEATRIZ,SAQUE,2022-04-29T11:16:23,1196.67
2220,2,SANTANDER,JULIA,SAQUE,2022-12-07T23:33:37,5623.52
1044,2,SANTANDER,FELIPE,DEPOSITO,2022-02-06T08:55:58,755.06
3320,4,SANTANDER,MARIA,SAQUE,2022-09-05T10:13:31,5761.66
4110,7,SANTANDER,LUCAS,DEPOSITO,2022-12-29T19:40:38,994.64
1260,8,SANTANDER,BEATRIZ,DEPOSITO,2022-08-16T08:44:03,9835.25
2870,9,SANTANDER,PAULO,SAQUE,2022-08-29T13:32:47,3039.71
3320,4,SANTANDER,MARIA,SAQUE,2022-01-14T03:43:21,6331.76
1810,3,SANTANDER,CARLOS,DEPOSITO,2022-02-23T09:56:08,9566.65
1260,8,SANTANDER,BEATRIZ,DEPOSITO,2022-10-17T21:00:38,8149.03
2870,9,SANTANDER,PAULO,DEPOSITO,2022-06-17T22:16:52,4155.98
1044,2,SANTANDER,FELIPE,DEPOSITO,2022-04-08T00:29:18,8852.14
1260,8,SANTANDER,BEATRIZ,SAQUE,2022-08-19T13:16:18,2902.6
1810,3,SANTANDER,CARLOS,SAQUE,2022-06-21T10:18:45,116.53
2750,5,SANTANDER,ANA,SAQUE,2022-01-03T22:10:38,3472.74
1810,3,SANTANDER,CARLOS,SAQUE,2022-02-21T23:34:35,396.05
1810,3,SANTANDER,CARLOS,DEPOSITO,2022-12-15T10:33:24,883.58
1810,3,SANTANDER,CARLOS,SAQUE,2022-07-30T23:20:04,6369.37
2870,9,SANTANDER,PAULO,SAQUE,2022-10-06T15:28:41,2361.86
1810,3,SANTANDER,CARLOS,SAQUE,2022-02-22T14:15:13,5000.27
2750,5,SANTANDER,ANA,DEPOSITO,2022-08-18T20:37:24,3925.04
2750,5,SANTANDER,ANA,DEPOSITO,2022-04-17T20:05:25,5083.53
3090,6,SANTANDER,PEDRO,SAQUE,2022-07-14T20:15:50,9211.66
3090,6,SANTANDER,PEDRO,DEPOSITO,2022-08-07T08:24:05,7611.89
2870,9,SANTANDER,PAULO,DEPOSITO,2022-03-26T03:44:06,7632.58
1260,8,SANTANDER,BEATRIZ,SAQUE,2022-12-13T09:17:47,5338.75
3320,4,SANTANDER,MARIA,SAQUE,2022-03-13T18:04:44,6115.49
2870,9,SANTANDER,PAULO,DEPOSITO,2022-06-26T03:07:59,3806.05
3320,4,SANTANDER,MARIA,SAQUE,2022-08-10T08:20:32,8924.07
1810,3,SANTANDER,CARLOS,SAQUE,2022-06-13T04:19:34,3209.42
1260,8,SANTANDER,BEATRIZ,SAQUE,2022-04-16T21:07:39,4969.61
1810,3,SANTANDER,CARLOS,SAQUE,2022-09-08T02:55:47,2820.7
2220,2,SANTANDER,JULIA,DEPOSITO,2022-07-13T13:51:16,5398.74
1044,2,SANTANDER,FELIPE,DEPOSITO,2022-10-01T08:04:35,2679.91
2870,9,SANTANDER,PAULO,SAQUE,2022-08-07T00:21:34,5829.34
2750,5,SANTANDER,ANA,SAQUE,2022-05-03T15:27:47,6232.18
3320,4,SANTANDER,MARIA,DEPOSITO,2022-06-18T15:41:52,7898.43
1260,8,SANTANDER,BEATRIZ,DEPOSITO,2022-12-16T02:32:14,1413.29
4110,7,SANTANDER,LUCAS,SAQUE,2022-08-29T18:29:47,6980.55
2220,2,SANTANDER,JULIA,DEPOSITO,2022-03-16T13:04:49,3423.57
2220,2,SANTANDER,JULIA,DEPOSITO,2022-09-29T21:22:42,8381.85
1520,1,SANTANDER,JOAO,SAQUE,2022-09-25T16:45:55,3055.43
2870,9,SANTANDER,PAULO,SAQUE,2022-01-05T16:51:52,1924.2
4110,7,SANTANDER,LUCAS,DEPOSITO,2022-10-30T13:00:38,6888.92
4110,7,SANTANDER,LUCAS,DEPOSITO,2022-04-21T13:21:24,6797.77
1044,2,SANTANDER,FELIPE,DEPOSITO,2022-06-30T15:11:22,5273.59
1044,2,SANTANDER,FELIPE,DEPOSITO,2022-01-09T15:56:44,5292.9
3090,6,SANTANDER,PEDRO,DEPOSITO,2022-05-11T20:20:14,4712.57
1044,2,SANTANDER,FELIPE,DEPOSITO,2022-10-21T15:03:43,4402.32
3090,6,SANTANDER,PEDRO,DEPOSITO,2022-01-01T11:17:56,6703.73
2220,2,SANTANDER,JULIA,DEPOSITO,2022-02-18T05:52:55,2848.59
1260,8,SANTANDER,BEATRIZ,DEPOSITO,2022-02-17T12:51:32,7092.86
1810,3,SANTANDER,CARLOS,SAQUE,2022-01-06T07:31:56,5397.13
1044,2,SANTANDER,FELIPE,DEPOSITO,2022-09-24T02:32:48,6244.67
3090,6,SANTANDER,PEDRO,SAQUE,2022-12-07T21:52:39,1387.69
1260,8,SANTANDER,BEATRIZ,DEPOSITO,2022-04-29T02:18:41,8005.71
3320,4,SANTANDER,MARIA,SAQUE,2022-12-13T06:33:05,9871.17
1260,8,SANTANDER,BEATRIZ,DEPOSITO,2022-02-28T03:45:37,6068.82
2750,5,SANTANDER,ANA,DEPOSITO,2022-03-14T09:29:16,4627.05
3320,4,SANTANDER,MARIA,DEPOSITO,2022-06-04T06:52:55,5863.26
4110,7,SANTANDER,LUCAS,DEPOSITO,2022-01-23T18:46:07,7361.1
1520,1,SANTANDER,JOAO,DEPOSITO,2022-04-27T08:13:10,529.56
2750,5,SANTANDER,ANA,DEPOSITO,2022-08-02T14:10:30,8083.57
4110,7,SANTANDER,LUCAS,SAQUE,2022-03-29T01:24:05,3387.31
1044,2,SANTANDER,FELIPE,DEPOSITO,2022-10-01T08:04:35,2679.91
3320,4,SANTANDER,MARIA,SAQUE,2022-06-19T07:32:59,9061.74
2870,9,SANTANDER,PAULO,SAQUE,2022-01-26T23:07:09,752.33
1260,8,SANTANDER,BEATRIZ,SAQUE,2022-04-17T22:32:42,2370.17
1520,1,SANTANDER,JOAO,DEPOSITO,2022-11-27T00:04:55,3025.56
1260,8,SANTANDER,BEATRIZ,DEPOSITO,2022-05-27T14:17:01,7339.44
1260,8,SANTANDER,BEATRIZ,DEPOSITO,2022-12-23T07:50:30,8644.55
1044,2,SANTANDER,FELIPE,DEPOSITO,2022-05-01T16:47:25,6882.81
3090,6,SANTANDER,PEDRO,DEPOSITO,2022-02-22T01:01:31,7972.63
4110,7,SANTANDER,LUCAS,SAQUE,2022-04-05T06:13:04,9761.95
2870,9,SANTANDER,PAULO,SAQUE,2022-02-24T02:14:28,9899.49
2750,5,SANTANDER,ANA,SAQUE,2022-04-06T16:36:12,2077.06
2220,2,SANTANDER,JULIA,DEPOSITO,2022-03-07T12:23:47,3868.76
1520,1,SANTANDER,JOAO,DEPOSITO,2022-10-04T07:35:28,5764.54
3090,6,SANTANDER,PEDRO,SAQUE,2022-01-29T21:33:37,5055.8
1044,2,SANTANDER,FELIPE,DEPOSITO,2022-02-27T14:44:44,3150.78
1260,8,SANTANDER,BEATRIZ,DEPOSITO,2022-08-29T19:07:54,8762.68
1520,1,SANTANDER,JOAO,DEPOSITO,2022-01-25T02:22:20,1996.02
2750,5,SANTANDER,ANA,SAQUE,2022-05-24T03:11:12,6290.47
2750,5,SANTANDER,ANA,DEPOSITO,2022-11-21T05:02:50,30.51
2750,5,SANTANDER,ANA,DEPOSITO,2022-07-27T04:58:58,2618.42
1810,3,SANTANDER,CARLOS,DEPOSITO,2022-04-18T02:04:04,3546.05
3090,6,SANTANDER,PEDRO,SAQUE,2022-03-26T19:42:55,5883.77
2870,9,SANTANDER,PAULO,SAQUE,2022-07-21T15:51:52,7552.41
4110,7,SANTANDER,LUCAS,SAQUE,2022-08-10T08:24:39,3865.77
3320,4,SANTANDER,MARIA,SAQUE,2022-10-07T13:04:41,1582.54
1520,1,SANTANDER,JOAO,DEPOSITO,2022-04-19T10:28:37,4274.34
2870,9,SANTANDER,PAULO,SAQUE,2022-12-13T17:24:16,6748.04
1044,2,SANTANDER,FELIPE,DEPOSITO,2022-04-08T00:29:18,8852.14
3090,6,SANTANDER,PEDRO,DEPOSITO,2022-08-17T21:06:31,4764.1
1810,3,SANTANDER,CARLOS,SAQUE,2022-01-03T08:52:44,9793.58
1260,8,SANTANDER,BEATRIZ,DEPOSITO,2022-12-08T08:04:45,3213.4
3090,6,SANTANDER,PEDRO,DEPOSITO,2022-05-18T17:05:01,3913.16
2870,9,SANTANDER,PAULO,DEPOSITO,2022-08-07T05:34:27,7144.02
3320,4,SANTANDER,MARIA,SAQUE,2022-06-28T10:08:38,4563.98
3090,6,SANTANDER,PEDRO,SAQUE,2022-08-24T22:25:46,621.87
3090,6,SANTANDER,PEDRO,DEPOSITO,2022-10-25T13:18:11,7071.02
1810,3,SANTANDER,CARLOS,SAQUE,2022-02-14T04:06:37,9398.03
2220,2,SANTANDER,JULIA,DEPOSITO,2022-10-30T03:51:28,5344.02
2220,2,SANTANDER,JULIA,SAQUE,2022-01-04T19:45:13,9486.25
2870,9,SANTANDER,PAULO,SAQUE,2022-12-08T00:40:23,9078.61
2220,2,SANTANDER,JULIA,DEPOSITO,2022-08-05T13:49:22,7425.21
4110,7,SANTANDER,LUCAS,SAQUE,2022-12-11T07:25:06,4664.95
1044,2,SANTANDER,FELIPE,SAQUE,2022-12-15T06:47:39,4028.68
1260,8,SANTANDER,BEATRIZ,DEPOSITO,2022-03-18T20:43:28,2289.04
3320,4,SANTANDER,MARIA,DEPOSITO,2022-11-06T01:24:39,5968.72
2870,9,SANTANDER,PAULO,SAQUE,2022-03-01T15:13:11,9837.72
1520,1,SANTANDER,JOAO,DEPOSITO,2022-10-21T00:29:56,3522.25
2870,9,SANTANDER,PAULO,DEPOSITO,2022-07-22T05:10:35,5394.85
3090,6,SANTANDER,PEDRO,DEPOSITO,2022-11-27T05:54:15,3590.19
3090,6,SANTANDER,PEDRO,SAQUE,2022-09-23T19:19:53,5217.77
3320,4,SANTANDER,MARIA,SAQUE,2022-09-10T00:31:08,4383.81
3090,6,SANTANDER,PEDRO,SAQUE,2022-09-20T02:21:35,8928.04
3090,6,SANTANDER,PEDRO,DEPOSITO,2022-04-11T04:56:41,9194.52
1044,2,SANTANDER,FELIPE,SAQUE,2022-10-04T20:30:27,9921.14
3090,6,SANTANDER,PEDRO,DEPOSITO,2022-11-08T14:17:03,8610.97
2750,5,SANTANDER,ANA,SAQUE,2022-06-27T11:49:02,1996.62
4110,7,SANTANDER,LUCAS,DEPOSITO,2022-10-29T22:48:55,3159.25
3320,4,SANTANDER,MARIA,SAQUE,2022-08-22T02:42:04,8511.84
2870,9,SANTANDER,PAULO,DEPOSITO,2022-06-26T10:29:00,1382.12
1044,2,SANTANDER,FELIPE,DEPOSITO,2022-08-21T07:26:52,719.8
1520,1,SANTANDER,JOAO,SAQUE,2022-08-31T03:35:39,7128.17
2870,9,SANTANDER,PAULO,SAQUE,2022-01-18T08:29:01,5875.53
1810,3,SANTANDER,CARLOS,DEPOSITO,2022-04-20T18:38:11,4261.73
4110,7,SANTANDER,LUCAS,DEPOSITO,2022-10-12T08:38:22,2354.34
1260,8,SANTANDER,BEATRIZ,DEPOSITO,2022-09-26T00:19:33,3308.92
4110,7,SANTANDER,LUCAS,SAQUE,2022-05-09T10:49:56,9982.68
1520,1,SANTANDER,JOAO,DEPOSITO,2022-04-16T22:56:15,609.04
3090,6,SANTANDER,PEDRO,DEPOSITO,2022-03-18T18:22:47,9248.05
2220,2,SANTANDER,JULIA,DEPOSITO,2022-07-29T01:46:22,6008.07
3090,6,SANTANDER,PEDRO,DEPOSITO,2022-10-29T06:23:14,8106.46
3320,4,SANTANDER,MARIA,SAQUE,2022-04-28T12:31:46,6046.75
1810,3,SANTANDER,CARLOS,SAQUE,2022-11-10T06:13:10,5934.07
2220,2,SANTANDER,JULIA,DEPOSITO,2022-06-14T04:07:34,921.94
1520,1,SANTANDER,JOAO,SAQUE,2022-01-15T13:10:48,724.71
1810,3,SANTANDER,CARLOS,SAQUE,2022-01-10T17:35:29,3880.31
1260,8,SANTANDER,BEATRIZ,SAQUE,2022-07-20T19:29:26,4754.39
2750,5,SANTANDER,ANA,DEPOSITO,2022-03-22T16:44:26,7161.83
3320,4,SANTANDER,MARIA,SAQUE,2022-08-20T00:39:00,7039.49
3320,4,SANTANDER,MARIA,SAQUE,2022-02-02T17:22:09,6025.98
2870,9,SANTANDER,PAULO,SAQUE,2022-05-28T18:38:26,8281.57
3090,6,SANTANDER,PEDRO,DEPOSITO,2022-08-24T06:03:05,8398.87
2750,5,SANTANDER,ANA,SAQUE,2022-05-29T09:14:20,80.54
1260,8,SANTANDER,BEATRIZ,DEPOSITO,2022-10-26T16:10:04,8460.37
1810,3,SANTANDER,CARLOS,DEPOSITO,2022-12-17T19:21:20,7499.26
4110,7,SANTANDER,LUCAS,SAQUE,2022-03-13T08:14:08,9637.55
4110,7,SANTANDER,LUCAS,SAQUE,2022-11-19T19:02:26,8326.8
4110,7,SANTANDER,LUCAS,DEPOSITO,2022-12-02T14:28:23,8589.03
3320,4,SANTANDER,MARIA,SAQUE,2022-09-19T05:03:12,1338.1
1810,3,SANTANDER,CARLOS,DEPOSITO,2022-06-20T18:17:56,9263.4
1520,1,SANTANDER,JOAO,SAQUE,2022-01-10T23:50:16,7657.01
2750,5,SANTANDER,ANA,DEPOSITO,2022-02-15T00:19:10,7514.51
1260,8,SANTANDER,BEATRIZ,DEPOSITO,2022-11-11T14:32:35,7244.37
2750,5,SANTANDER,ANA,DEPOSITO,2022-11-10T19:57:56,6073.71
2220,2,SANTANDER,JULIA,DEPOSITO,2022-04-17T20:58:28,6559.41
1260,8,SANTANDER,BEATRIZ,DEPOSITO,2022-08-16T11:34:37,1804.63
4110,7,SANTANDER,LUCAS,SAQUE,2022-03-12T18:18:55,2337.22
2870,9,SANTANDER,PAULO,DEPOSITO,2022-01-12T11:31:29,571.03
3090,6,SANTANDER,PEDRO,SAQUE,2022-08-24T23:31:21,7705.74
1044,2,SANTANDER,FELIPE,DEPOSITO,2022-09-06T13:59:17,9879.09
2220,2,SANTANDER,JULIA,DEPOSITO,2022-09-16T03:06:17,7792.34
2870,9,SANTANDER,PAULO,DEPOSITO,2022-06-12T20:31:18,9484.23
1520,1,SANTANDER,JOAO,SAQUE,2022-11-04T07:43:51,3064.5
3320,4,SANTANDER,MARIA,DEPOSITO,2022-04-22T06:46:13,3729.39
1260,8,SANTANDER,BEATRIZ,DEPOSITO,2022-03-07T14:50:47,2179.88
2750,5,SANTANDER,ANA,SAQUE,2022-06-07T19:52:23,1802.18
1260,8,SANTANDER,BEATRIZ,SAQUE,2022-04-11T18:28:48,172.22
1810,3,SANTANDER,CARLOS,DEPOSITO,2022-07-27T14:31:55,9858.41
4110,7,SANTANDER,LUCAS,DEPOSITO,2022-05-20T08:43:49,9223.55
2220,2,SANTANDER,JULIA,DEPOSITO,2022-05-30T06:22:46,863.06
1520,1,SANTANDER,JOAO,SAQUE,2022-10-14T06:47:25,9709.19
1260,8,SANTANDER,BEATRIZ,DEPOSITO,2022-11-12T05:54:08,4650.85
1810,3,SANTANDER,CARLOS,SAQUE,2022-09-08T11:33:08,9983.47
1260,8,SANTANDER,BEATRIZ,SAQUE,2022-08-22T23:19:05,4285.54
1044,2,SANTANDER,FELIPE,DEPOSITO,2022-11-21T22:07:54,7363.16
2220,2,SANTANDER,JULIA,SAQUE,2022-09-03T07:01:52,1278.88
1810,3,SANTANDER,CARLOS,DEPOSITO,2022-04-28T00:07:31,4007.44
3090,6,SANTANDER,PEDRO,DEPOSITO,2022-06-10T02:54:53,7874.79
3090,6,SANTANDER,PEDRO,DEPOSITO,2022-07-03T04:32:34,3773.16
1260,8,SANTANDER,BEATRIZ,DEPOSITO,2022-01-07T22:49:48,9089.03
3320,4,SANTANDER,MARIA,SAQUE,2022-10-19T19:34:32,3763.81
2220,2,SANTANDER,JULIA,SAQUE,2022-07-14T07:58:38,4606.6
3090,6,SANTANDER,PEDRO,SAQUE,2022-12-10T08:40:12,5400.23
1260,8,SANTANDER,BEATRIZ,DEPOSITO,2022-10-09T01:57:00,3754.27
1520,1,SANTANDER,JOAO,SAQUE,2022-04-25T20:28:33,3870.44
1520,1,SANTANDER,JOAO,SAQUE,2022-11-06T22:49:40,2311.66
3090,6,SANTANDER,PEDRO,SAQUE,2022-03-21T02:51:36,8806.65
1520,1,SANTANDER,JOAO,SAQUE,2022-04-22T01:08:37,1494.3
4110,7,SANTANDER,LUCAS,SAQUE,2022-12-09T11:15:43,8342.68
1044,2,SANTANDER,FELIPE,DEPOSITO,2022-07-30T11:10:33,8107.49
4110,7,SANTANDER,LUCAS,SAQUE,2022-03-15T14:34:01,2560.7
1520,1,SANTANDER,JOAO,SAQUE,2022-08-25T20:25:28,4429.11
2220,2,SANTANDER,JULIA,SAQUE,2022-01-23T18:16:02,4601.31
1260,8,SANTANDER,BEATRIZ,DEPOSITO,2022-07-20T11:03:14,5528.89
1520,1,SANTANDER,JOAO,DEPOSITO,2022-12-19T10:34:57,7545.6
2750,5,SANTANDER,ANA,SAQUE,2022-11-07T14:32:16,7875.12
4110,7,SANTANDER,LUCAS,SAQUE,2022-01-25T00:07:21,9906.64
1520,1,SANTANDER,JOAO,SAQUE,2022-11-25T15:31:13,4057.5
2870,9,SANTANDER,PAULO,DEPOSITO,2022-04-27T20:56:16,6592.58
4110,7,SANTANDER,LUCAS,SAQUE,2022-11-11T11:43:16,1327.82
2750,5,SANTANDER,ANA,SAQUE,2022-04-17T14:25:12,5195.93
1044,2,SANTANDER,FELIPE,SAQUE,2022-11-08T00:51:26,3662.84
4110,7,SANTANDER,LUCAS,SAQUE,2022-02-07T03:45:57,201.25
2750,5,SANTANDER,ANA,SAQUE,2022-07-30T08:13:11,9509.8
2870,9,SANTANDER,PAULO,SAQUE,2022-05-01T10:30:54,4146.46
4110,7,SANTANDER,LUCAS,SAQUE,2022-08-26T14:20:00,5840.84
2220,2,SANTANDER,JULIA,DEPOSITO,2022-03-30T18:16:27,664.63
2870,9,SANTANDER,PAULO,SAQUE,2022-11-04T14:48:31,7284.12
4110,7,SANTANDER,LUCAS,DEPOSITO,2022-05-11T07:54:23,2486.02
1260,8,SANTANDER,BEATRIZ,SAQUE,2022-01-25T00:16:59,688.4
1520,1,SANTANDER,JOAO,DEPOSITO,2022-12-20T06:29:36,6276.77
2750,5,SANTANDER,ANA,DEPOSITO,2022-11-23T05:50:43,6814.45
3090,6,SANTANDER,PEDRO,DEPOSITO,2022-03-14T08:38:40,3943.47
1260,8,SANTANDER,BEATRIZ,DEPOSITO,2022-04-24T16:11:55,5598.85
4110,7,SANTANDER,LUCAS,DEPOSITO,2022-02-19T10:59:45,2918.81
4110,7,SANTANDER,LUCAS,SAQUE,2022-02-13T23:07:14,7473.9
2750,5,SANTANDER,ANA,SAQUE,2022-11-14T18:18:04,9619.68
1810,3,SANTANDER,CARLOS,DEPOSITO,2022-07-21T08:46:27,3707.24
2750,5,SANTANDER,ANA,SAQUE,2022-07-30T20:07:39,5969.21
2870,9,SANTANDER,PAULO,SAQUE,2022-07-01T10:54:27,5134.57
1044,2,SANTANDER,FELIPE,DEPOSITO,2022-01-22T07:00:42,4398.26
2220,2,SANTANDER,JULIA,DEPOSITO,2022-04-15T10:40:25,354.54
3090,6,SANTANDER,PEDRO,SAQUE,2022-01-16T12:45:18,9549.68
2750,5,SANTANDER,ANA,SAQUE,2022-01-17T22:27:07,7285.53
1044,2,SANTANDER,FELIPE,SAQUE,2022-06-08T01:12:35,7171.35
3090,6,SANTANDER,PEDRO,SAQUE,2022-11-12T10:06:20,8354.45
2870,9,SANTANDER,PAULO,SAQUE,2022-11-27T00:02:54,9174.25
3090,6,SANTANDER,PEDRO,DEPOSITO,2022-07-08T07:45:48,3356.72
2870,9,SANTANDER,PAULO,SAQUE,2022-01-05T14:09:41,5556.8
2750,5,SANTANDER,ANA,DEPOSITO,2022-05-19T18:27:23,1151.31
3090,6,SANTANDER,PEDRO,DEPOSITO,2022-08-04T06:06:07,8540.71
2870,9,SANTANDER,PAULO,SAQUE,2022-01-19T03:07:34,3214.56
2750,5,SANTANDER,ANA,DEPOSITO,2022-08-27T01:07:44,803.53
1260,8,SANTANDER,BEATRIZ,DEPOSITO,2022-08-01T21:21:09,3506.07
2750,5,SANTANDER,ANA,DEPOSITO,2022-02-28T13:47:32,2480.96
2750,5,SANTANDER,ANA,SAQUE,2022-01-20T22:34:46,2719.46
2220,2,SANTANDER,JULIA,DEPOSITO,2022-04-27T20:16:15,6373.2
1810,3,SANTANDER,CARLOS,SAQUE,2022-07-14T20:32:04,4709.26
1810,3,SANTANDER,CARLOS,SAQUE,2022-04-06T15:58:23,5512.95
1520,1,SANTANDER,JOAO,DEPOSITO,2022-01-18T14:17:27,8469.95
3090,6,SANTANDER,PEDRO,SAQUE,2022-04-19T11:05:05,9097.66
2750,5,SANTANDER,ANA,DEPOSITO,2022-04-06T04:44:45,9742.74
1810,3,SANTANDER,CARLOS,SAQUE,2022-12-26T14:36:47,5412.51
4110,7,SANTANDER,LUCAS,DEPOSITO,2022-12-05T16:59:28,6506.47
4110,7,SANTANDER,LUCAS,DEPOSITO,2022-04-13T12:41:29,6101.42
3320,4,SANTANDER,MARIA,SAQUE,2022-12-08T07:09:29,930.76
3320,4,SANTANDER,MARIA,SAQUE,2022-11-26T02:57:12,9134.59
4110,7,SANTANDER,LUCAS,SAQUE,2022-04-18T12:42:15,7989.35
2750,5,SANTANDER,ANA,DEPOSITO,2022-10-30T06:33:03,5102.43
1260,8,SANTANDER,BEATRIZ,DEPOSITO,2022-06-23T02:34:41,1226.4
3090,6,SANTANDER,PEDRO,DEPOSITO,2022-02-06T07:01:14,701.35
4110,7,SANTANDER,LUCAS,DEPOSITO,2022-12-26T07:20:47,3946.59
3090,6,SANTANDER,PEDRO,DEPOSITO,2022-08-08T19:52:51,3930.48
1044,2,SANTANDER,FELIPE,DEPOSITO,2022-08-07T03:23:29,2888.49
1044,2,SANTANDER,FELIPE,DEPOSITO,2022-07-31T06:11:43,5366.35
3320,4,SANTANDER,MARIA,SAQUE,2022-02-20T23:14:01,328.76
3090,6,SANTANDER,PEDRO,DEPOSITO,2022-03-12T17:08:10,5753.44
4110,7,SANTANDER,LUCAS,SAQUE,2022-05-07T20:09:30,4547.29
3320,4,SANTANDER,MARIA,SAQUE,2022-04-16T05:59:35,9465.42
1810,3,SANTANDER,CARLOS,DEPOSITO,2022-09-23T00:02:44,5363.84
3090,6,SANTANDER,PEDRO,SAQUE,2022-03-21T02:31:55,687.93
4110,7,SANTANDER,LUCAS,SAQUE,2022-09-14T01:22:48,2156.18
2870,9,SANTANDER,PAULO,SAQUE,2022-09-11T14:25:49,3777.08
4110,7,SANTANDER,LUCAS,DEPOSITO,2022-11-03T18:44:40,1424.64
3320,4,SANTANDER,MARIA,SAQUE,2022-06-20T08:26:52,3494.83
3320,4,SANTANDER,MARIA,SAQUE,2022-11-04T03:32:41,2757.88
1260,8,SANTANDER,BEATRIZ,DEPOSITO,2022-06-17T16:11:36,9091.62
1260,8,SANTANDER,BEATRIZ,DEPOSITO,2022-05-29T04:33:40,8406.38
1044,2,SANTANDER,FELIPE,DEPOSITO,2022-06-27T12:58:09,4559.39
1260,8,SANTANDER,BEATRIZ,SAQUE,2022-01-12T15:26:23,3015.61
2750,5,SANTANDER,ANA,DEPOSITO,2022-10-30T23:47:54,6661.88
3090,6,SANTANDER,PEDRO,DEPOSITO,2022-01-10T05:38:03,2271.13
1810,3,SANTANDER,CARLOS,SAQUE,2022-09-07T23:55:26,8136.63
1520,1,SANTANDER,JOAO,DEPOSITO,2022-12-26T13:11:02,9942.74
4110,7,SANTANDER,LUCAS,SAQUE,2022-09-05T12:02:00,8712.52
3090,6,SANTANDER,PEDRO,SAQUE,2022-06-10T17:37:22,5378.36
1520,1,SANTANDER,JOAO,DEPOSITO,2022-07-01T00:47:36,6666.28
4110,7,SANTANDER,LUCAS,SAQUE,2022-02-08T13:59:52,7567.45
1260,8,SANTANDER,BEATRIZ,SAQUE,2022-09-02T11:53:56,3546.54
4110,7,SANTANDER,LUCAS,SAQUE,2022-12-01T12:01:12,7547.12
2750,5,SANTANDER,ANA,DEPOSITO,2022-05-02T01:50:58,5165.91
2870,9,SANTANDER,PAULO,SAQUE,2022-03-20T11:27:29,8636.95
2870,9,SANTANDER,PAULO,SAQUE,2022-01-10T00:51:58,1045.51
2750,5,SANTANDER,ANA,DEPOSITO,2022-10-03T11:09:37,1307.54
1520,1,SANTANDER,JOAO,SAQUE,2022-06-25T14:48:29,9912.93
3090,6,SANTANDER,PEDRO,SAQUE,2022-03-17T16:58:40,3840.29
1044,2,SANTANDER,FELIPE,SAQUE,2022-04-06T10:41:28,5040.58
3320,4,SANTANDER,MARIA,SAQUE,2022-12-31T04:37:44,3365.31
1520,1,SANTANDER,JOAO,SAQUE,2022-04-24T14:48:36,4038.91
1810,3,SANTANDER,CARLOS,SAQUE,2022-05-02T03:52:45,162.44
1044,2,SANTANDER,FELIPE,SAQUE,2022-09-15T15:33:52,7123.41
3320,4,SANTANDER,MARIA,SAQUE,2022-09-12T09:38:31,3081.73
2220,2,SANTANDER,JULIA,SAQUE,2022-09-19T16:44:17,7765.78
1260,8,SANTANDER,BEATRIZ,SAQUE,2022-12-31T07:19:01,8134.23
1810,3,SANTANDER,CARLOS,DEPOSITO,2022-08-05T14:01:47,6680.98
1044,2,SANTANDER,FELIPE,SAQUE,2022-09-19T20:02:20,6255.61
3320,4,SANTANDER,MARIA,SAQUE,2022-12-07T03:53:08,7988.03
3320,4,SANTANDER,MARIA,DEPOSITO,2022-09-17T12:06:19,2140.02
2870,9,SANTANDER,PAULO,DEPOSITO,2022-09-16T15:32:41,6338.5
1044,2,SANTANDER,FELIPE,DEPOSITO,2022-01-27T14:08:44,9405.59
2750,5,SANTANDER,ANA,DEPOSITO,2022-07-13T11:46:10,6663.8
2220,2,SANTANDER,JULIA,SAQUE,2022-03-10T14:50:17,5472.31
3090,6,SANTANDER,PEDRO,DEPOSITO,2022-04-28T22:36:02,3021.44
2750,5,SANTANDER,ANA,DEPOSITO,2022-06-08T15:40:03,7896.36
1260,8,SANTANDER,BEATRIZ,SAQUE,2022-01-15T00:20:56,6746.5
1810,3,SANTANDER,CARLOS,SAQUE,2022-06-28T21:37:47,3284.5
1044,2,SANTANDER,FELIPE,DEPOSITO,2022-04-10T23:02:46,5305.68
1044,2,SANTANDER,FELIPE,DEPOSITO,2022-10-10T01:55:54,1254.45
2750,5,SANTANDER,ANA,DEPOSITO,2022-01-29T09:08:53,4566.61
3090,6,SANTANDER,PEDRO,SAQUE,2022-03-11T20:38:58,3143.45
1044,2,SANTANDER,FELIPE,SAQUE,2022-08-13T18:55:42,489.87
2870,9,SANTANDER,PAULO,SAQUE,2022-09-20T03:34:51,4743.82
2220,2,SANTANDER,JULIA,SAQUE,2022-03-03T08:15:00,777.79
1810,3,SANTANDER,CARLOS,SAQUE,2022-12-21T23:23:24,2394.64
1260,8,SANTANDER,BEATRIZ,DEPOSITO,2022-09-24T03:34:27,5258.44
2750,5,SANTANDER,ANA,SAQUE,2022-01-24T05:27:44,5611.79
4110,7,SANTANDER,LUCAS,SAQUE,2022-08-15T20:49:05,7942.57
2220,2,SANTANDER,JULIA,SAQUE,2022-12-26T13:10:31,2279.69
2870,9,SANTANDER,PAULO,SAQUE,2022-12-04T21:41:37,6920.91
2870,9,SANTANDER,PAULO,DEPOSITO,2022-04-05T14:49:16,5117.36
2220,2,SANTANDER,JULIA,SAQUE,2022-07-13T18:07:59,8796.65
2750,5,SANTANDER,ANA,SAQUE,2022-10-06T02:35:29,9263.84
2220,2,SANTANDER,JULIA,SAQUE,2022-12-25T07:29:04,2964.92
1810,3,SANTANDER,CARLOS,SAQUE,2022-12-28T13:32:26,1169.27
3320,4,SANTANDER,MARIA,SAQUE,2022-10-25T18:44:45,4732.39
1810,3,SANTANDER,CARLOS,SAQUE,2022-08-10T16:00:52,4377.27
3090,6,SANTANDER,PEDRO,SAQUE,2022-01-14T14:38:27,5377.16
3090,6,SANTANDER,PEDRO,SAQUE,2022-10-10T18:19:12,5059.39
1520,1,SANTANDER,JOAO,DEPOSITO,2022-07-24T09:19:55,7706.59
1810,3,SANTANDER,CARLOS,DEPOSITO,2022-08-26T08:45:33,6987.92
2750,5,SANTANDER,ANA,DEPOSITO,2022-09-12T05:46:27,474.57
4110,7,SANTANDER,LUCAS,DEPOSITO,2022-09-01T06:04:03,7992.19
2870,9,SANTANDER,PAULO,DEPOSITO,2022-01-11T02:21:07,7548.01
2220,2,SANTANDER,JULIA,SAQUE,2022-06-21T14:37:15,3013.65
1810,3,SANTANDER,CARLOS,SAQUE,2022-01-24T15:53:16,1863.76
2220,2,SANTANDER,JULIA,DEPOSITO,2022-09-07T07:53:15,7057.93
1044,2,SANTANDER,FELIPE,SAQUE,2022-10-02T08:02:04,756.08
2870,9,SANTANDER,PAULO,SAQUE,2022-11-05T01:01:56,2290.42
2750,5,SANTANDER,ANA,SAQUE,2022-06-13T12:36:11,883.37
4110,7,SANTANDER,LUCAS,SAQUE,2022-04-21T17:45:26,9700.66
3090,6,SANTANDER,PEDRO,SAQUE,2022-06-07T00:19:56,7897.25
1044,2,SANTANDER,FELIPE,SAQUE,2022-02-11T23:44:47,7372.4
3090,6,SANTANDER,PEDRO,SAQUE,2022-06-07T01:37:28,2715.63
1044,2,SANTANDER,FELIPE,SAQUE,2022-03-28T01:08:28,56.31
1044,2,SANTANDER,FELIPE,DEPOSITO,2022-09-18T15:21:50,9801.8
2750,5,SANTANDER,ANA,SAQUE,2022-07-11T12:58:35,2118.74
1260,8,SANTANDER,BEATRIZ,DEPOSITO,2022-12-13T22:00:16,2174.3
1520,1,SANTANDER,JOAO,SAQUE,2022-06-07T16:42:04,1443.56
2220,2,SANTANDER,JULIA,SAQUE,2022-04-08T10:31:39,662.68
2220,2,SANTANDER,JULIA,SAQUE,2022-07-15T06:57:30,3991.73
3090,6,SANTANDER,PEDRO,SAQUE,2022-10-18T07:02:30,5279.86
1044,2,SANTANDER,FELIPE,SAQUE,2022-09-08T12:26:57,7499.78
3090,6,SANTANDER,PEDRO,SAQUE,2022-03-23T21:16:05,1798.14
2750,5,SANTANDER,ANA,SAQUE,2022-03-05T20:51:48,93.16
2220,2,SANTANDER,JULIA,SAQUE,2022-05-19T03:38:42,6459.89
4110,7,SANTANDER,LUCAS,SAQUE,2022-01-05T14:28:51,7858.33
2750,5,SANTANDER,ANA,SAQUE,2022-09-12T12:06:11,1395.39
3320,4,SANTANDER,MARIA,DEPOSITO,2022-04-27T03:43:01,7138.08
4110,7,SANTANDER,LUCAS,SAQUE,2022-01-17T22:26:42,5682.83
1260,8,SANTANDER,BEATRIZ,DEPOSITO,2022-10-21T18:41:08,9156.18
2220,2,SANTANDER,JULIA,DEPOSITO,2022-08-21T11:01:05,7990.56
1810,3,SANTANDER,CARLOS,SAQUE,2022-11-18T17:28:41,8275.52
4110,7,SANTANDER,LUCAS,DEPOSITO,2022-03-09T06:03:22,5546.82
4110,7,SANTANDER,LUCAS,SAQUE,2022-10-07T15:25:15,4843.38
1810,3,SANTANDER,CARLOS,SAQUE,2022-03-22T07:30:28,7782.9
1044,2,SANTANDER,FELIPE,SAQUE,2022-01-01T20:13:51,613.75
1044,2,SANTANDER,FELIPE,DEPOSITO,2022-05-12T21:40:13,8640.95
2870,9,SANTANDER,PAULO,SAQUE,2022-01-08T20:42:06,1488.35
2870,9,SANTANDER,PAULO,DEPOSITO,2022-06-25T16:26:51,7857.04
1260,8,SANTANDER,BEATRIZ,SAQUE,2022-05-22T10:55:07,1729.88
3320,4,SANTANDER,MARIA,DEPOSITO,2022-07-21T06:56:56,3485.8
4110,7,SANTANDER,LUCAS,DEPOSITO,2022-09-10T20:23:14,1881.52
2220,2,SANTANDER,JULIA,SAQUE,2022-10-29T22:16:47,5360.19
1260,8,SANTANDER,BEATRIZ,DEPOSITO,2022-01-07T06:53:48,5148.26
1260,8,SANTANDER,BEATRIZ,DEPOSITO,2022-01-02T08:34:41,8241.59
2750,5,SANTANDER,ANA,SAQUE,2022-09-20T01:12:03,1478.49
2750,5,SANTANDER,ANA,SAQUE,2022-05-23T02:29:23,9191.63
2750,5,SANTANDER,ANA,DEPOSITO,2022-04-10T11:47:43,4968.09
2750,5,SANTANDER,ANA,DEPOSITO,2022-09-26T06:38:18,2809.77
1044,2,SANTANDER,FELIPE,DEPOSITO,2022-07-12T04:06:28,9691.62
4110,7,SANTANDER,LUCAS,DEPOSITO,2022-12-02T18:22:26,8590.34
4110,7,SANTANDER,LUCAS,SAQUE,2022-03-13T08:14:08,9637.55
2750,5,SANTANDER,ANA,SAQUE,2022-03-16T06:10:51,6806.41
2870,9,SANTANDER,PAULO,SAQUE,2022-08-08T00:49:41,9500.08
1810,3,SANTANDER,CARLOS,DEPOSITO,2022-06-27T06:06:43,1348.41
2750,5,SANTANDER,ANA,SAQUE,2022-11-18T02:44:01,6132.6
3320,4,SANTANDER,MARIA,SAQUE,2022-05-05T04:57:36,3834.1
3320,4,SANTANDER,MARIA,SAQUE,2022-10-22T09:54:39,3889.65
1260,8,SANTANDER,BEATRIZ,DEPOSITO,2022-04-05T19:12:07,1884.43
1260,8,SANTANDER,BEATRIZ,DEPOSITO,2022-02-15T19:50:31,2489.3
1810,3,SANTANDER,CARLOS,DEPOSITO,2022-09-02T00:05:02,4023.66
3090,6,SANTANDER,PEDRO,DEPOSITO,2022-05-20T03:25:48,7192.64
2870,9,SANTANDER,PAULO,SAQUE,2022-05-19T02:40:00,5799.18
2220,2,SANTANDER,JULIA,DEPOSITO,2022-05-03T12:37:21,3047.31
3090,6,SANTANDER,PEDRO,DEPOSITO,2022-02-08T13:21:25,6588.29
1810,3,SANTANDER,CARLOS,SAQUE,2022-06-30T02:39:05,9190.77
2750,5,SANTANDER,ANA,DEPOSITO,2022-05-09T02:55:02,977.63
2750,5,SANTANDER,ANA,SAQUE,2022-08-01T08:04:12,5835.85
1260,8,SANTANDER,BEATRIZ,DEPOSITO,2022-07-12T17:22:52,7471.87
3320,4,SANTANDER,MARIA,SAQUE,2022-05-07T11:57:45,8532.43
1520,1,SANTANDER,JOAO,DEPOSITO,2022-11-30T03:42:01,3303.93
3090,6,SANTANDER,PEDRO,DEPOSITO,2022-05-06T10:42:03,9067.05
2870,9,SANTANDER,PAULO,DEPOSITO,2022-05-15T03:43:28,5211.04
3320,4,SANTANDER,MARIA,SAQUE,2022-09-25T19:59:46,2034.39
2870,9,SANTANDER,PAULO,DEPOSITO,2022-10-27T00:28:01,642.59
1810,3,SANTANDER,CARLOS,SAQUE,2022-09-09T18:12:34,6745.25
3320,4,SANTANDER,MARIA,SAQUE,2022-07-02T14:16:35,4754.79
1044,2,SANTANDER,FELIPE,DEPOSITO,2022-11-12T19:19:55,3719.07
1520,1,SANTANDER,JOAO,SAQUE,2022-04-12T15:29:55,7122.5
2220,2,SANTANDER,JULIA,SAQUE,2022-12-31T11:46:27,2884.96
3320,4,SANTANDER,MARIA,DEPOSITO,2022-08-19T03:22:58,1732.68
2220,2,SANTANDER,JULIA,DEPOSITO,2022-09-15T08:26:44,9304.84
2750,5,SANTANDER,ANA,DEPOSITO,2022-10-12T16:08:52,5218.74
1520,1,SANTANDER,JOAO,SAQUE,2022-12-19T12:32:24,805.54
1810,3,SANTANDER,CARLOS,DEPOSITO,2022-06-29T03:17:22,7225.26
2750,5,SANTANDER,ANA,DEPOSITO,2022-03-12T02:48:28,6415.36
2220,2,SANTANDER,JULIA,SAQUE,2022-04-12T06:51:40,9407.89
3320,4,SANTANDER,MARIA,DEPOSITO,2022-12-28T00:41:16,297.58
3090,6,SANTANDER,PEDRO,SAQUE,2022-11-16T04:35:02,7420.03
3320,4,SANTANDER,MARIA,SAQUE,2022-06-10T21:39:55,5526.26
3320,4,SANTANDER,MARIA,SAQUE,2022-01-28T23:17:58,5872.26
3090,6,SANTANDER,PEDRO,SAQUE,2022-07-31T14:43:40,3571.86
1810,3,SANTANDER,CARLOS,SAQUE,2022-07-15T10:59:51,5842.34
2750,5,SANTANDER,ANA,SAQUE,2022-12-23T18:32:33,1087.43
2870,9,SANTANDER,PAULO,SAQUE,2022-12-29T18:14:28,2375.75
1044,2,SANTANDER,FELIPE,SAQUE,2022-01-16T14:33:39,8073.98
1044,2,SANTANDER,FELIPE,SAQUE,2022-02-18T14:51:40,5587.5
1044,2,SANTANDER,FELIPE,SAQUE,2022-08-19T22:02:56,554.97
2750,5,SANTANDER,ANA,DEPOSITO,2022-08-10T21:51:23,9659.88
1044,2,SANTANDER,FELIPE,DEPOSITO,2022-06-22T04:27:47,3630.68
1810,3,SANTANDER,CARLOS,DEPOSITO,2022-06-27T18:54:01,6982.02
3320,4,SANTANDER,MARIA,DEPOSITO,2022-10-22T15:37:43,5947.3
4110,7,SANTANDER,LUCAS,SAQUE,2022-05-10T19:30:46,9529.63
2870,9,SANTANDER,PAULO,DEPOSITO,2022-09-27T23:40:57,6679.21
2750,5,SANTANDER,ANA,SAQUE,2022-10-31T09:26:03,9877.96
2870,9,SANTANDER,PAULO,DEPOSITO,2022-05-25T13:01:05,3449.49
3090,6,SANTANDER,PEDRO,SAQUE,2022-11-22T23:58:39,7129.24
1520,1,SANTANDER,JOAO,SAQUE,2022-10-04T04:06:01,5764.46
1520,1,SANTANDER,JOAO,DEPOSITO,2022-08-16T08:26:29,871.77
4110,7,SANTANDER,LUCAS,DEPOSITO,2022-03-07T03:45:55,3826.48
1810,3,SANTANDER,CARLOS,DEPOSITO,2022-11-14T13:24:47,4292.65
1044,2,SANTANDER,FELIPE,SAQUE,2022-12-09T01:44:44,3695.44
1520,1,SANTANDER,JOAO,DEPOSITO,2022-03-29T18:33:52,5702.93
1260,8,SANTANDER,BEATRIZ,SAQUE,2022-09-29T13:28:15,7622.35
2750,5,SANTANDER,ANA,DEPOSITO,2022-10-28T21:48:59,8487.77
1260,8,SANTANDER,BEATRIZ,DEPOSITO,2022-07-02T21:18:47,8627.48
3090,6,SANTANDER,PEDRO,SAQUE,2022-12-10T23:04:34,6659.88
2870,9,SANTANDER,PAULO,DEPOSITO,2022-11-11T11:48:05,3781.98
1520,1,SANTANDER,JOAO,DEPOSITO,2022-04-26T12:37:17,1277.72
2870,9,SANTANDER,PAULO,SAQUE,2022-06-29T16:22:44,7890.96
1044,2,SANTANDER,FELIPE,DEPOSITO,2022-12-20T06:44:41,9373.62
1044,2,SANTANDER,FELIPE,SAQUE,2022-09-26T20:06:56,7054.77
2870,9,SANTANDER,PAULO,DEPOSITO,2022-11-08T05:21:02,6268.46
1810,3,SANTANDER,CARLOS,DEPOSITO,2022-12-03T23:46:03,8134.96
4110,7,SANTANDER,LUCAS,SAQUE,2022-02-09T04:08:02,5147.89
1044,2,SANTANDER,FELIPE,SAQUE,2022-11-11T17:17:17,9878.14
1044,2,SANTANDER,FELIPE,SAQUE,2022-07-23T06:08:49,3734.24
1520,1,SANTANDER,JOAO,SAQUE,2022-10-31T07:21:47,1811.29
3320,4,SANTANDER,MARIA,DEPOSITO,2022-06-18T17:30:32,1554.4
1810,3,SANTANDER,CARLOS,SAQUE,2022-12-16T22:10:30,283.75
2220,2,SANTANDER,JULIA,SAQUE,2022-11-05T15:05:19,265.1
4110,7,SANTANDER,LUCAS,DEPOSITO,2022-04-08T14:39:14,260.25
3090,6,SANTANDER,PEDRO,DEPOSITO,2022-02-24T18:13:50,5477.55
3320,4,SANTANDER,MARIA,DEPOSITO,2022-11-21T13:32:38,4152.95
1810,3,SANTANDER,CARLOS,DEPOSITO,2022-04-18T19:05:11,4031.09
1520,1,SANTANDER,JOAO,SAQUE,2022-12-27T20:08:28,6946.79
2870,9,SANTANDER,PAULO,DEPOSITO,2022-07-07T09:21:11,7665.26
3320,4,SANTANDER,MARIA,SAQUE,2022-03-30T16:20:52,4270.18
1260,8,SANTANDER,BEATRIZ,DEPOSITO,2022-03-13T12:24:38,2443.73
2220,2,SANTANDER,JULIA,SAQUE,2022-06-08T20:16:58,6293.82
3090,6,SANTANDER,PEDRO,DEPOSITO,2022-09-13T21:31:06,5101.57
1044,2,SANTANDER,FELIPE,SAQUE,2022-01-03T20:59:44,2691.46
2750,5,SANTANDER,ANA,SAQUE,2022-04-13T07:46:48,2936.02
1044,2,SANTANDER,FELIPE,DEPOSITO,2022-08-08T17:33:44,8317.62
3090,6,SANTANDER,PEDRO,DEPOSITO,2022-01-31T08:35:58,9575.03
1520,1,SANTANDER,JOAO,DEPOSITO,2022-10-15T16:29:48,310.14
1044,2,SANTANDER,FELIPE,DEPOSITO,2022-07-15T00:59:33,7313.54
1520,1,SANTANDER,JOAO,DEPOSITO,2022-03-30T15:17:32,5245.16
3320,4,SANTANDER,MARIA,DEPOSITO,2022-09-09T05:19:21,8677.25
1044,2,SANTANDER,FELIPE,DEPOSITO,2022-08-04T15:31:06,6151.86
1044,2,SANTANDER,FELIPE,DEPOSITO,2022-08-07T22:25:25,293.63
1520,1,SANTANDER,JOAO,SAQUE,2022-03-01T01:24:49,5738.16
2870,9,SANTANDER,PAULO,SAQUE,2022-10-29T12:08:48,1746.18
3320,4,SANTANDER,MARIA,SAQUE,2022-11-25T21:31:24,8083.09
3320,4,SANTANDER,MARIA,SAQUE,2022-07-29T09:16:15,3483.65
1260,8,SANTANDER,BEATRIZ,SAQUE,2022-03-11T22:08:50,8453.87
4110,7,SANTANDER,LUCAS,DEPOSITO,2022-10-24T02:14:37,2024.47
3090,6,SANTANDER,PEDRO,DEPOSITO,2022-02-06T03:31:50,8985.11
1520,1,SANTANDER,JOAO,SAQUE,2022-03-16T00:19:36,2100.18
2220,2,SANTANDER,JULIA,SAQUE,2022-11-09T07:13:23,1612.01
3320,4,SANTANDER,MARIA,SAQUE,2022-10-06T19:27:30,2176.53
1810,3,SANTANDER,CARLOS,SAQUE,2022-11-07T21:31:23,8657.01
1810,3,SANTANDER,CARLOS,SAQUE,2022-10-17T09:16:49,3160.0
2220,2,SANTANDER,JULIA,SAQUE,2022-02-01T18:30:47,4220.31
1260,8,SANTANDER,BEATRIZ,DEPOSITO,2022-12-09T05:15:37,4194.03
2750,5,SANTANDER,ANA,DEPOSITO,2022-10-17T01:32:42,5732.28
1810,3,SANTANDER,CARLOS,SAQUE,2022-03-04T17:57:21,8822.07
2870,9,SANTANDER,PAULO,SAQUE,2022-08-04T14:54:55,7574.81
1810,3,SANTANDER,CARLOS,DEPOSITO,2022-04-06T22:34:34,365.85
1520,1,SANTANDER,JOAO,DEPOSITO,2022-09-06T08:43:33,7258.45
4110,7,SANTANDER,LUCAS,DEPOSITO,2022-04-17T02:07:58,9568.41
3320,4,SANTANDER,MARIA,DEPOSITO,2022-05-19T13:13:55,4486.93
4110,7,SANTANDER,LUCAS,SAQUE,2022-02-11T09:36:33,2001.74
4110,7,SANTANDER,LUCAS,SAQUE,2022-01-31T11:20:31,9950.09
1260,8,SANTANDER,BEATRIZ,DEPOSITO,2022-06-27T05:46:20,1992.33
1044,2,SANTANDER,FELIPE,DEPOSITO,2022-03-09T13:59:21,563.36
4110,7,SANTANDER,LUCAS,SAQUE,2022-04-29T03:18:01,3281.73
1044,2,SANTANDER,FELIPE,DEPOSITO,2022-03-06T10:28:58,1845.69
3090,6,SANTANDER,PEDRO,SAQUE,2022-09-05T15:52:58,7291.55
4110,7,SANTANDER,LUCAS,DEPOSITO,2022-11-03T07:58:59,7273.32
1810,3,SANTANDER,CARLOS,SAQUE,2022-03-14T06:05:51,1563.84
1810,3,SANTANDER,CARLOS,DEPOSITO,2022-10-22T21:28:51,5728.77
4110,7,SANTANDER,LUCAS,DEPOSITO,2022-04-03T19:01:41,3315.29
4110,7,SANTANDER,LUCAS,SAQUE,2022-12-25T10:32:01,4462.02
3090,6,SANTANDER,PEDRO,DEPOSITO,2022-10-31T12:42:05,3209.12
3320,4,SANTANDER,MARIA,SAQUE,2022-11-15T01:59:08,7428.73
3090,6,SANTANDER,PEDRO,SAQUE,2022-04-20T22:59:28,6931.58
1520,1,SANTANDER,JOAO,DEPOSITO,2022-09-20T16:40:40,630.54
1044,2,SANTANDER,FELIPE,DEPOSITO,2022-12-13T03:29:00,3506.84
1260,8,SANTANDER,BEATRIZ,DEPOSITO,2022-03-30T17:36:56,2530.5
1520,1,SANTANDER,JOAO,DEPOSITO,2022-07-28T08:18:37,7932.9
1810,3,SANTANDER,CARLOS,SAQUE,2022-09-18T03:00:13,3846.18
3320,4,SANTANDER,MARIA,DEPOSITO,2022-04-08T12:03:11,3753.62
2750,5,SANTANDER,ANA,DEPOSITO,2022-05-21T05:03:49,9355.04
2870,9,SANTANDER,PAULO,SAQUE,2022-11-07T04:11:10,244.62
1520,1,SANTANDER,JOAO,DEPOSITO,2022-01-16T04:29:33,61.32
3320,4,SANTANDER,MARIA,DEPOSITO,2022-06-27T07:30:28,9548.39
1044,2,SANTANDER,FELIPE,DEPOSITO,2022-02-18T04:58:40,3570.36
1260,8,SANTANDER,BEATRIZ,DEPOSITO,2022-08-18T13:35:29,2615.08
2220,2,SANTANDER,JULIA,SAQUE,2022-05-28T16:26:15,1791.34
1810,3,SANTANDER,CARLOS,DEPOSITO,2022-11-03T17:41:11,2829.42
2220,2,SANTANDER,JULIA,DEPOSITO,2022-05-15T04:14:49,9549.23
3090,6,SANTANDER,PEDRO,DEPOSITO,2022-02-13T13:08:13,2259.06
1044,2,SANTANDER,FELIPE,DEPOSITO,2022-06-28T05:06:10,6584.44
2750,5,SANTANDER,ANA,SAQUE,2022-11-02T18:47:50,5291.58
2870,9,SANTANDER,PAULO,DEPOSITO,2022-09-11T08:08:01,1098.93
1520,1,SANTANDER,JOAO,SAQUE,2022-12-30T01:14:01,4964.62
1520,1,SANTANDER,JOAO,DEPOSITO,2022-12-28T13:57:39,1500.37
1520,1,SANTANDER,JOAO,SAQUE,2022-03-17T15:53:48,9164.56
4110,7,SANTANDER,LUCAS,DEPOSITO,2022-03-22T23:15:15,8603.9
3090,6,SANTANDER,PEDRO,SAQUE,2022-05-23T21:10:50,82.54
3090,6,SANTANDER,PEDRO,DEPOSITO,2022-09-18T07:20:07,3323.95
2870,9,SANTANDER,PAULO,SAQUE,2022-06-19T23:53:47,9095.42
1044,2,SANTANDER,FELIPE,DEPOSITO,2022-12-08T02:49:12,7151.07
1044,2,SANTANDER,FELIPE,DEPOSITO,2022-08-04T07:42:16,313.51
1810,3,SANTANDER,CARLOS,SAQUE,2022-02-07T14:24:50,4877.2
3320,4,SANTANDER,MARIA,DEPOSITO,2022-02-28T22:32:56,8872.0
1260,8,SANTANDER,BEATRIZ,DEPOSITO,2022-12-24T00:30:05,9290.49
3090,6,SANTANDER,PEDRO,DEPOSITO,2022-01-05T11:46:21,4563.15
2750,5,SANTANDER,ANA,SAQUE,2022-01-29T16:47:35,5242.33
2220,2,SANTANDER,JULIA,SAQUE,2022-05-29T06:09:28,9344.28
2750,5,SANTANDER,ANA,SAQUE,2022-07-15T07:47:30,1876.45
1260,8,SANTANDER,BEATRIZ,DEPOSITO,2022-12-02T04:01:26,6786.89
1044,2,SANTANDER,FELIPE,DEPOSITO,2022-09-16T13:37:11,6981.28
1810,3,SANTANDER,CARLOS,DEPOSITO,2022-02-21T19:51:08,5511.16
3090,6,SANTANDER,PEDRO,SAQUE,2022-03-28T09:16:33,8057.46
1520,1,SANTANDER,JOAO,SAQUE,2022-03-22T03:10:45,754.1
1260,8,SANTANDER,BEATRIZ,DEPOSITO,2022-05-17T13:30:49,7456.0
3090,6,SANTANDER,PEDRO,SAQUE,2022-10-10T18:19:12,5059.39
2870,9,SANTANDER,PAULO,SAQUE,2022-06-12T02:17:52,1853.15
1044,2,SANTANDER,FELIPE,SAQUE,2022-04-17T02:31:52,2895.61
2750,5,SANTANDER,ANA,SAQUE,2022-10-17T22:59:07,432.66
3320,4,SANTANDER,MARIA,DEPOSITO,2022-04-27T03:43:01,7138.08
1044,2,SANTANDER,FELIPE,SAQUE,2022-04-04T17:22:07,8741.54
3320,4,SANTANDER,MARIA,SAQUE,2022-02-13T13:39:03,3281.05
3090,6,SANTANDER,PEDRO,SAQUE,2022-05-19T08:04:28,1972.48
4110,7,SANTANDER,LUCAS,DEPOSITO,2022-02-27T02:35:25,5904.77
2750,5,SANTANDER,ANA,DEPOSITO,2022-11-15T14:13:27,9426.9
2750,5,SANTANDER,ANA,SAQUE,2022-11-14T23:09:10,7795.36
2220,2,SANTANDER,JULIA,SAQUE,2022-06-21T11:54:31,1972.61
2750,5,SANTANDER,ANA,SAQUE,2022-11-24T16:04:56,7873.41
3320,4,SANTANDER,MARIA,DEPOSITO,2022-06-02T17:52:23,1917.69
1044,2,SANTANDER,FELIPE,SAQUE,2022-02-16T13:35:52,536.03
1810,3,SANTANDER,CARLOS,SAQUE,2022-10-05T03:02:17,3719.43
3320,4,SANTANDER,MARIA,SAQUE,2022-04-21T23:21:37,6527.81
1044,2,SANTANDER,FELIPE,SAQUE,2022-08-08T15:32:22,226.2
1810,3,SANTANDER,CARLOS,DEPOSITO,2022-06-15T12:36:50,421.91
2870,9,SANTANDER,PAULO,DEPOSITO,2022-04-17T19:23:57,7822.7
1520,1,SANTANDER,JOAO,SAQUE,2022-07-21T05:40:19,5546.9
1260,8,SANTANDER,BEATRIZ,DEPOSITO,2022-08-05T14:45:53,8631.44
3320,4,SANTANDER,MARIA,DEPOSITO,2022-03-21T23:08:54,6685.98
1810,3,SANTANDER,CARLOS,SAQUE,2022-03-17T09:51:26,7319.81
1810,3,SANTANDER,CARLOS,DEPOSITO,2022-08-13T10:10:14,7101.99
4110,7,SANTANDER,LUCAS,DEPOSITO,2022-11-22T16:57:19,4255.73
1260,8,SANTANDER,BEATRIZ,SAQUE,2022-02-22T09:36:51,8573.16
1520,1,SANTANDER,JOAO,DEPOSITO,2022-02-26T19:15:14,3573.05
3320,4,SANTANDER,MARIA,SAQUE,2022-01-12T03:06:38,3971.79
2750,5,SANTANDER,ANA,DEPOSITO,2022-11-16T23:54:00,7812.79
2750,5,SANTANDER,ANA,DEPOSITO,2022-05-29T01:46:55,2381.66
4110,7,SANTANDER,LUCAS,SAQUE,2022-01-07T18:36:07,5916.8
2750,5,SANTANDER,ANA,DEPOSITO,2022-01-02T08:46:58,6652.17
1520,1,SANTANDER,JOAO,DEPOSITO,2022-03-04T23:38:39,9519.22
1044,2,SANTANDER,FELIPE,SAQUE,2022-07-31T20:51:58,5052.17
1044,2,SANTANDER,FELIPE,DEPOSITO,2022-01-17T13:16:40,1192.25
1520,1,SANTANDER,JOAO,SAQUE,2022-04-05T23:45:04,4665.96
2750,5,SANTANDER,ANA,SAQUE,2022-04-18T09:26:19,9090.64
2870,9,SANTANDER,PAULO,SAQUE,2022-03-23T09:16:48,7539.15
1260,8,SANTANDER,BEATRIZ,SAQUE,2022-07-22T00:30:22,7178.51
1810,3,SANTANDER,CARLOS,SAQUE,2022-09-11T15:53:54,8338.99
2220,2,SANTANDER,JULIA,DEPOSITO,2022-06-15T08:02:15,5995.91
1520,1,SANTANDER,JOAO,SAQUE,2022-08-28T21:10:05,3889.01
1810,3,SANTANDER,CARLOS,SAQUE,2022-10-06T00:49:02,7008.78
2220,2,SANTANDER,JULIA,SAQUE,2022-08-07T17:43:09,8405.78
3090,6,SANTANDER,PEDRO,DEPOSITO,2022-12-23T07:44:46,2034.28
2220,2,SANTANDER,JULIA,SAQUE,2022-08-15T10:21:26,9853.75
1260,8,SANTANDER,BEATRIZ,DEPOSITO,2022-09-19T18:10:47,5647.63
3090,6,SANTANDER,PEDRO,DEPOSITO,2022-10-29T08:05:55,1795.13
3090,6,SANTANDER,PEDRO,SAQUE,2022-10-13T06:28:38,8436.32
2870,9,SANTANDER,PAULO,DEPOSITO,2022-11-01T00:55:48,1706.1
1044,2,SANTANDER,FELIPE,DEPOSITO,2022-08-24T09:51:12,3907.5
1044,2,SANTANDER,FELIPE,SAQUE,2022-10-17T16:44:47,646.56
1810,3,SANTANDER,CARLOS,DEPOSITO,2022-04-08T00:40:16,1717.42
2220,2,SANTANDER,JULIA,SAQUE,2022-09-23T10:12:02,7268.21
1260,8,SANTANDER,BEATRIZ,DEPOSITO,2022-01-23T10:07:06,6015.37
1520,1,SANTANDER,JOAO,SAQUE,2022-04-02T21:51:00,1033.31
1520,1,SANTANDER,JOAO,DEPOSITO,2022-12-10T13:35:09,7076.47
2220,2,SANTANDER,JULIA,SAQUE,2022-04-23T22:30:04,8078.44
3090,6,SANTANDER,PEDRO,SAQUE,2022-06-30T19:14:32,1633.82
2220,2,SANTANDER,JULIA,DEPOSITO,2022-06-10T10:52:44,418.95
3320,4,SANTANDER,MARIA,SAQUE,2022-06-13T16:23:35,9544.23
2750,5,SANTANDER,ANA,DEPOSITO,2022-12-05T12:20:11,495.8
1810,3,SANTANDER,CARLOS,DEPOSITO,2022-02-05T12:12:04,129.62
1260,8,SANTANDER,BEATRIZ,SAQUE,2022-08-20T05:53:39,3163.91
2870,9,SANTANDER,PAULO,SAQUE,2022-07-02T14:15:58,9661.93
2870,9,SANTANDER,PAULO,SAQUE,2022-06-29T04:37:42,2120.17
4110,7,SANTANDER,LUCAS,DEPOSITO,2022-12-06T15:27:35,2978.45
2750,5,SANTANDER,ANA,DEPOSITO,2022-01-09T15:26:14,4376.62
1260,8,SANTANDER,BEATRIZ,DEPOSITO,2022-07-16T03:08:39,3981.63
1044,2,SANTANDER,FELIPE,SAQUE,2022-11-05T06:31:51,4141.44
2220,2,SANTANDER,JULIA,SAQUE,2022-07-25T13:00:48,9574.71
1810,3,SANTANDER,CARLOS,DEPOSITO,2022-08-17T12:47:23,1119.81
1810,3,SANTANDER,CARLOS,DEPOSITO,2022-03-26T01:33:35,9209.95
1810,3,SANTANDER,CARLOS,SAQUE,2022-09-27T23:53:00,7425.05
2870,9,SANTANDER,PAULO,SAQUE,2022-10-05T10:38:00,373.62
1520,1,SANTANDER,JOAO,SAQUE,2022-01-26T08:55:32,150.63
3090,6,SANTANDER,PEDRO,SAQUE,2022-05-21T17:49:14,1149.92
3090,6,SANTANDER,PEDRO,DEPOSITO,2022-10-02T10:27:12,1708.07
1260,8,SANTANDER,BEATRIZ,DEPOSITO,2022-03-30T23:37:46,2418.8
3320,4,SANTANDER,MARIA,SAQUE,2022-08-31T16:38:03,5487.28
2870,9,SANTANDER,PAULO,SAQUE,2022-12-14T05:48:20,4770.41
1260,8,SANTANDER,BEATRIZ,DEPOSITO,2022-04-16T15:40:36,3836.22
2220,2,SANTANDER,JULIA,SAQUE,2022-10-16T06:13:52,4949.34
1260,8,SANTANDER,BEATRIZ,SAQUE,2022-01-13T01:56:36,1658.14
2870,9,SANTANDER,PAULO,SAQUE,2022-10-21T20:21:41,390.97
1260,8,SANTANDER,BEATRIZ,SAQUE,2022-11-08T09:03:46,8401.63
2750,5,SANTANDER,ANA,DEPOSITO,2022-01-17T22:45:22,9561.29
1044,2,SANTANDER,FELIPE,DEPOSITO,2022-05-10T20:43:49,5738.71
1810,3,SANTANDER,CARLOS,SAQUE,2022-05-01T19:23:07,949.94
1044,2,SANTANDER,FELIPE,DEPOSITO,2022-01-18T14:17:42,5739.13
1044,2,SANTANDER,FELIPE,DEPOSITO,2022-02-16T23:02:53,2946.01
3090,6,SANTANDER,PEDRO,DEPOSITO,2022-05-01T11:43:15,8735.97
3090,6,SANTANDER,PEDRO,SAQUE,2022-04-21T10:52:58,6260.78
2750,5,SANTANDER,ANA,SAQUE,2022-09-29T08:14:34,336.97
4110,7,SANTANDER,LUCAS,SAQUE,2022-05-23T10:12:44,1897.71
3090,6,SANTANDER,PEDRO,SAQUE,2022-06-21T17:25:51,9525.08
4110,7,SANTANDER,LUCAS,SAQUE,2022-01-14T22:02:21,1555.6
3320,4,SANTANDER,MARIA,SAQUE,2022-10-06T04:13:47,7003.47
3090,6,SANTANDER,PEDRO,SAQUE,2022-03-24T06:50:34,6137.06
2220,2,SANTANDER,JULIA,DEPOSITO,2022-07-14T13:19:51,4956.94
2220,2,SANTANDER,JULIA,DEPOSITO,2022-03-25T10:53:51,4749.67
3090,6,SANTANDER,PEDRO,DEPOSITO,2022-03-31T18:16:55,792.69
1810,3,SANTANDER,CARLOS,DEPOSITO,2022-05-21T05:48:54,8929.59
3090,6,SANTANDER,PEDRO,DEPOSITO,2022-12-15T02:46:18,5538.12
2750,5,SANTANDER,ANA,SAQUE,2022-03-22T03:00:56,4329.14
2870,9,SANTANDER,PAULO,DEPOSITO,2022-01-31T11:44:48,2659.04
1520,1,SANTANDER,JOAO,SAQUE,2022-08-02T01:40:30,1283.28
1260,8,SANTANDER,BEATRIZ,SAQUE,2022-12-02T18:41:30,3848.8
4110,7,SANTANDER,LUCAS,DEPOSITO,2022-01-08T17:08:39,9866.14
2750,5,SANTANDER,ANA,SAQUE,2022-04-10T14:47:08,9411.23
2870,9,SANTANDER,PAULO,SAQUE,2022-11-12T01:49:02,4367.25
3320,4,SANTANDER,MARIA,SAQUE,2022-07-29T20:30:17,4210.58
2750,5,SANTANDER,ANA,DEPOSITO,2022-02-23T19:53:32,8736.72
1044,2,SANTANDER,FELIPE,SAQUE,2022-07-26T19:16:35,218.84
1520,1,SANTANDER,JOAO,SAQUE,2022-06-22T17:30:44,3427.45
2220,2,SANTANDER,JULIA,SAQUE,2022-06-17T18:38:04,9682.39
2870,9,SANTANDER,PAULO,DEPOSITO,2022-06-14T10:12:21,9404.04
2750,5,SANTANDER,ANA,SAQUE,2022-05-17T21:08:54,1425.01
1044,2,SANTANDER,FELIPE,SAQUE,2022-12-18T13:26:35,9291.66
3090,6,SANTANDER,PEDRO,DEPOSITO,2022-01-14T12:29:18,9474.1
3090,6,SANTANDER,PEDRO,SAQUE,2022-04-10T02:30:15,8290.75
3090,6,SANTANDER,PEDRO,SAQUE,2022-10-12T08:11:13,585.49
4110,7,SANTANDER,LUCAS,DEPOSITO,2022-10-12T20:39:53,7830.98
3090,6,SANTANDER,PEDRO,SAQUE,2022-03-28T15:52:29,4941.24
3090,6,SANTANDER,PEDRO,DEPOSITO,2022-12-13T12:42:26,3847.35
3320,4,SANTANDER,MARIA,DEPOSITO,2022-02-08T17:10:00,6163.44
4110,7,SANTANDER,LUCAS,SAQUE,2022-02-03T12:52:28,7095.91
1044,2,SANTANDER,FELIPE,SAQUE,2022-06-16T10:33:05,7008.1
4110,7,SANTANDER,LUCAS,DEPOSITO,2022-08-19T21:36:25,2416.52
2750,5,SANTANDER,ANA,SAQUE,2022-02-10T01:27:44,3005.74
2750,5,SANTANDER,ANA,DEPOSITO,2022-03-19T06:36:09,2804.5
1260,8,SANTANDER,BEATRIZ,SAQUE,2022-08-20T21:49:06,4035.83
1260,8,SANTANDER,BEATRIZ,SAQUE,2022-06-12T11:52:17,7677.57
3090,6,SANTANDER,PEDRO,DEPOSITO,2022-04-21T15:40:17,7421.88
2220,2,SANTANDER,JULIA,DEPOSITO,2022-10-25T04:06:21,9530.17
1520,1,SANTANDER,JOAO,SAQUE,2022-02-07T18:47:52,9118.91
3090,6,SANTANDER,PEDRO,DEPOSITO,2022-01-07T23:04:17,2854.43
4110,7,SANTANDER,LUCAS,SAQUE,2022-02-14T17:11:08,671.85
2750,5,SANTANDER,ANA,SAQUE,2022-08-06T07:21:02,7517.68
2870,9,SANTANDER,PAULO,SAQUE,2022-06-24T05:09:08,6974.47
3090,6,SANTANDER,PEDRO,SAQUE,2022-03-11T20:38:58,3143.45
1044,2,SANTANDER,FELIPE,DEPOSITO,2022-02-23T18:44:27,645.21
3090,6,SANTANDER,PEDRO,SAQUE,2022-07-03T14:30:00,3132.37
2870,9,SANTANDER,PAULO,DEPOSITO,2022-04-18T10:20:18,2206.17
1520,1,SANTANDER,JOAO,SAQUE,2022-11-15T18:56:56,2250.08
3090,6,SANTANDER,PEDRO,DEPOSITO,2022-11-23T16:54:08,1590.59
3320,4,SANTANDER,MARIA,DEPOSITO,2022-10-21T03:15:45,7511.13
2870,9,SANTANDER,PAULO,DEPOSITO,2022-01-11T05:42:59,4911.04
1260,8,SANTANDER,BEATRIZ,SAQUE,2022-08-10T14:05:22,2233.99
2220,2,SANTANDER,JULIA,DEPOSITO,2022-01-30T15:41:09,774.0
1260,8,SANTANDER,BEATRIZ,SAQUE,2022-07-02T22:24:01,3626.71
1520,1,SANTANDER,JOAO,SAQUE,2022-02-15T22:36:03,656.49
1810,3,SANTANDER,CARLOS,DEPOSITO,2022-06-07T06:45:05,1987.68
3320,4,SANTANDER,MARIA,DEPOSITO,2022-11-10T23:28:45,7948.72
2870,9,SANTANDER,PAULO,SAQUE,2022-09-02T06:44:45,4166.69
3090,6,SANTANDER,PEDRO,DEPOSITO,2022-11-30T21:52:01,2268.01
4110,7,SANTANDER,LUCAS,SAQUE,2022-05-15T01:50:42,3317.5
3320,4,SANTANDER,MARIA,SAQUE,2022-08-21T17:13:24,359.25
2220,2,SANTANDER,JULIA,SAQUE,2022-12-10T04:00:56,8604.25
1810,3,SANTANDER,CARLOS,SAQUE,2022-07-07T15:45:03,9166.23
2220,2,SANTANDER,JULIA,SAQUE,2022-05-05T08:20:21,2710.33
4110,7,SANTANDER,LUCAS,DEPOSITO,2022-03-22T13:15:21,525.57
4110,7,SANTANDER,LUCAS,DEPOSITO,2022-05-23T11:32:08,4605.93
1044,2,SANTANDER,FELIPE,SAQUE,2022-12-06T09:14:37,1969.37
2220,2,SANTANDER,JULIA,SAQUE,2022-12-10T04:00:56,8604.25
1044,2,SANTANDER,FELIPE,DEPOSITO,2022-07-25T16:39:37,8227.23
2750,5,SANTANDER,ANA,SAQUE,2022-11-29T09:32:09,1793.54
3320,4,SANTANDER,MARIA,SAQUE,2022-02-11T11:02:14,2201.51
1044,2,SANTANDER,FELIPE,DEPOSITO,2022-05-31T18:16:07,9967.68
3320,4,SANTANDER,MARIA,DEPOSITO,2022-05-04T23:26:31,3797.62
3090,6,SANTANDER,PEDRO,DEPOSITO,2022-07-19T03:52:10,4069.21
1810,3,SANTANDER,CARLOS,DEPOSITO,2022-03-22T12:52:44,2510.76
3090,6,SANTANDER,PEDRO,SAQUE,2022-02-15T09:37:06,1284.55
2220,2,SANTANDER,JULIA,SAQUE,2022-03-14T11:26:07,2493.72
1260,8,SANTANDER,BEATRIZ,SAQUE,2022-07-11T19:31:22,9209.6
3320,4,SANTANDER,MARIA,SAQUE,2022-08-04T14:38:49,1309.78
2870,9,SANTANDER,PAULO,DEPOSITO,2022-10-07T07:23:13,9404.26
1810,3,SANTANDER,CARLOS,DEPOSITO,2022-11-12T17:56:16,1732.38
2220,2,SANTANDER,JULIA,SAQUE,2022-05-18T02:54:09,6103.73
3320,4,SANTANDER,MARIA,DEPOSITO,2022-03-19T16:32:13,2828.64
2750,5,SANTANDER,ANA,DEPOSITO,2022-11-13T10:05:53,9846.23
1810,3,SANTANDER,CARLOS,DEPOSITO,2022-01-14T09:40:26,8467.47
1810,3,SANTANDER,CARLOS,SAQUE,2022-01-31T16:07:28,1125.19
2220,2,SANTANDER,JULIA,SAQUE,2022-11-17T00:52:21,2968.31
4110,7,SANTANDER,LUCAS,DEPOSITO,2022-04-21T19:56:24,2268.68
3090,6,SANTANDER,PEDRO,SAQUE,2022-02-11T14:45:55,650.48
1810,3,SANTANDER,CARLOS,SAQUE,2022-04-28T01:23:51,7517.7
1044,2,SANTANDER,FELIPE,DEPOSITO,2022-06-14T22:54:02,8067.47
1810,3,SANTANDER,CARLOS,DEPOSITO,2022-11-19T21:25:47,8318.67
1260,8,SANTANDER,BEATRIZ,SAQUE,2022-12-05T23:32:31,227.32
3090,6,SANTANDER,PEDRO,SAQUE,2022-05-20T01:13:43,7907.85
1810,3,SANTANDER,CARLOS,DEPOSITO,2022-08-26T03:28:21,5709.63
2220,2,SANTANDER,JULIA,DEPOSITO,2022-04-21T09:01:00,1788.1
3320,4,SANTANDER,MARIA,DEPOSITO,2022-07-31T21:24:20,3612.58
2870,9,SANTANDER,PAULO,DEPOSITO,2022-07-05T03:01:27,1891.92
3090,6,SANTANDER,PEDRO,SAQUE,2022-12-05T05:11:16,243.58
2750,5,SANTANDER,ANA,SAQUE,2022-12-21T19:19:33,4531.17
3090,6,SANTANDER,PEDRO,SAQUE,2022-11-05T02:30:54,9070.26
1044,2,SANTANDER,FELIPE,SAQUE,2022-03-22T00:56:28,4573.04
2220,2,SANTANDER,JULIA,DEPOSITO,2022-12-15T03:48:02,7918.57
2750,5,SANTANDER,ANA,SAQUE,2022-02-14T05:04:54,2408.99
1520,1,SANTANDER,JOAO,SAQUE,2022-01-19T21:23:11,4021.33
1520,1,SANTANDER,JOAO,DEPOSITO,2022-03-04T10:56:32,4679.35
2220,2,SANTANDER,JULIA,SAQUE,2022-04-29T09:54:53,9253.13
1520,1,SANTANDER,JOAO,SAQUE,2022-07-07T18:51:24,9743.0
2870,9,SANTANDER,PAULO,SAQUE,2022-02-18T03:13:47,2426.78
2220,2,SANTANDER,JULIA,SAQUE,2022-08-21T08:49:59,3426.61
1520,1,SANTANDER,JOAO,DEPOSITO,2022-08-22T20:25:16,7802.34
3090,6,SANTANDER,PEDRO,SAQUE,2022-12-02T20:15:08,1606.26
1810,3,SANTANDER,CARLOS,SAQUE,2022-04-13T08:59:22,5827.14
2750,5,SANTANDER,ANA,SAQUE,2022-11-30T00:05:27,316.89
1520,1,SANTANDER,JOAO,SAQUE,2022-07-30T11:04:01,2661.4
3320,4,SANTANDER,MARIA,DEPOSITO,2022-08-12T22:22:18,476.25
2750,5,SANTANDER,ANA,SAQUE,2022-06-15T13:24:28,672.22
1260,8,SANTANDER,BEATRIZ,DEPOSITO,2022-10-06T20:57:36,4672.64
1044,2,SANTANDER,FELIPE,SAQUE,2022-12-26T10:10:09,7500.19
4110,7,SANTANDER,LUCAS,DEPOSITO,2022-04-07T02:11:33,4637.83
2220,2,SANTANDER,JULIA,DEPOSITO,2022-06-05T05:38:35,4095.83
1810,3,SANTANDER,CARLOS,DEPOSITO,2022-07-09T11:52:19,3877.05
1260,8,SANTANDER,BEATRIZ,DEPOSITO,2022-11-10T14:21:35,5896.42
1810,3,SANTANDER,CARLOS,SAQUE,2022-09-08T04:08:35,3025.85
1810,3,SANTANDER,CARLOS,DEPOSITO,2022-01-23T05:15:11,8623.59
2870,9,SANTANDER,PAULO,DEPOSITO,2022-04-24T11:36:26,9346.38
1520,1,SANTANDER,JOAO,SAQUE,2022-03-26T03:45:18,1339.89
1520,1,SANTANDER,JOAO,SAQUE,2022-01-20T10:03:06,6293.96
1520,1,SANTANDER,JOAO,DEPOSITO,2022-05-15T12:40:29,7970.16
1520,1,SANTANDER,JOAO,DEPOSITO,2022-02-11T14:28:13,877.87
4110,7,SANTANDER,LUCAS,SAQUE,2022-12-06T09:17:09,8467.22
3320,4,SANTANDER,MARIA,SAQUE,2022-10-02T03:20:24,568.83
4110,7,SANTANDER,LUCAS,SAQUE,2022-08-06T22:10:54,6095.08
2220,2,SANTANDER,JULIA,DEPOSITO,2022-10-13T16:03:12,8478.66
4110,7,SANTANDER,LUCAS,SAQUE,2022-05-01T21:25:58,6959.45
3090,6,SANTANDER,PEDRO,DEPOSITO,2022-09-15T02:07:03,9050.16
1260,8,SANTANDER,BEATRIZ,DEPOSITO,2022-07-22T17:08:10,9130.4
4110,7,SANTANDER,LUCAS,DEPOSITO,2022-04-19T04:36:38,3644.82
3090,6,SANTANDER,PEDRO,SAQUE,2022-06-19T08:39:56,54.37
1810,3,SANTANDER,CARLOS,SAQUE,2022-01-18T18:10:43,9742.67
1810,3,SANTANDER,CARLOS,DEPOSITO,2022-03-04T09:59:18,2699.35
2750,5,SANTANDER,ANA,DEPOSITO,2022-11-14T19:55:56,3733.18
3320,4,SANTANDER,MARIA,DEPOSITO,2022-06-16T20:22:38,8261.7
2750,5,SANTANDER,ANA,DEPOSITO,2022-09-29T15:23:29,9718.2
2870,9,SANTANDER,PAULO,SAQUE,2022-10-05T19:54:41,3698.62
2220,2,SANTANDER,JULIA,DEPOSITO,2022-07-19T21:33:43,1492.22
4110,7,SANTANDER,LUCAS,DEPOSITO,2022-06-18T05:29:24,4686.35
4110,7,SANTANDER,LUCAS,DEPOSITO,2022-08-24T17:30:15,1610.26
1260,8,SANTANDER,BEATRIZ,DEPOSITO,2022-10-17T19:38:58,9126.37
2870,9,SANTANDER,PAULO,DEPOSITO,2022-12-28T16:26:20,6236.71
1520,1,SANTANDER,JOAO,SAQUE,2022-07-26T09:08:23,6073.31
3320,4,SANTANDER,MARIA,DEPOSITO,2022-10-29T09:56:53,8312.11
2750,5,SANTANDER,ANA,SAQUE,2022-07-20T14:03:51,308.45
3090,6,SANTANDER,PEDRO,SAQUE,2022-03-13T19:55:40,7446.19
4110,7,SANTANDER,LUCAS,DEPOSITO,2022-03-21T13:15:26,2803.95
2220,2,SANTANDER,JULIA,DEPOSITO,2022-12-05T01:55:01,237.81
3090,6,SANTANDER,PEDRO,DEPOSITO,2022-09-13T14:29:19,6688.78
1260,8,SANTANDER,BEATRIZ,DEPOSITO,2022-08-30T16:45:32,5774.39
1044,2,SANTANDER,FELIPE,SAQUE,2022-09-24T23:23:18,4253.72
1810,3,SANTANDER,CARLOS,SAQUE,2022-09-24T07:58:59,4329.32
1260,8,SANTANDER,BEATRIZ,DEPOSITO,2022-06-06T12:03:11,1265.07
1520,1,SANTANDER,JOAO,DEPOSITO,2022-12-26T02:55:17,9957.45
1260,8,SANTANDER,BEATRIZ,SAQUE,2022-12-25T13:28:54,2087.83
1810,3,SANTANDER,CARLOS,SAQUE,2022-02-19T02:25:16,372.92
1260,8,SANTANDER,BEATRIZ,SAQUE,2022-10-15T21:22:35,7636.96
3090,6,SANTANDER,PEDRO,SAQUE,2022-11-15T11:41:00,1765.42
3320,4,SANTANDER,MARIA,DEPOSITO,2022-01-06T11:06:52,9407.55
3320,4,SANTANDER,MARIA,SAQUE,2022-01-04T14:34:41,2766.48
1044,2,SANTANDER,FELIPE,SAQUE,2022-10-04T15:51:16,4481.78
1260,8,SANTANDER,BEATRIZ,SAQUE,2022-09-05T19:22:14,8584.53
1810,3,SANTANDER,CARLOS,DEPOSITO,2022-07-19T19:29:56,7871.09
1044,2,SANTANDER,FELIPE,SAQUE,2022-09-14T22:01:55,281.99
1520,1,SANTANDER,JOAO,DEPOSITO,2022-07-04T07:17:08,3828.98
1520,1,SANTANDER,JOAO,SAQUE,2022-12-26T11:14:31,1380.59
3090,6,SANTANDER,PEDRO,DEPOSITO,2022-02-26T20:16:10,3413.85
2220,2,SANTANDER,JULIA,DEPOSITO,2022-06-29T06:28:19,243.12
1520,1,SANTANDER,JOAO,SAQUE,2022-09-04T15:21:39,15.38
1260,8,SANTANDER,BEATRIZ,SAQUE,2022-06-24T23:27:51,7822.18
1520,1,SANTANDER,JOAO,SAQUE,2022-03-27T16:53:03,4133.09
4110,7,SANTANDER,LUCAS,DEPOSITO,2022-07-01T09:13:13,1881.49
1810,3,SANTANDER,CARLOS,SAQUE,2022-12-12T22:24:33,154.95
1810,3,SANTANDER,CARLOS,SAQUE,2022-03-07T08:38:52,5406.15
4110,7,SANTANDER,LUCAS,DEPOSITO,2022-03-28T21:34:50,2925.73
3090,6,SANTANDER,PEDRO,SAQUE,2022-01-20T20:32:34,8149.19
3320,4,SANTANDER,MARIA,DEPOSITO,2022-02-10T22:07:40,7026.2
2220,2,SANTANDER,JULIA,DEPOSITO,2022-09-07T03:27:08,8858.65
1044,2,SANTANDER,FELIPE,DEPOSITO,2022-09-14T16:58:55,5353.79
3320,4,SANTANDER,MARIA,SAQUE,2022-01-01T18:18:40,6062.6
2750,5,SANTANDER,ANA,DEPOSITO,2022-06-12T08:53:33,1575.05
1260,8,SANTANDER,BEATRIZ,DEPOSITO,2022-07-21T01:41:27,4463.97
3320,4,SANTANDER,MARIA,SAQUE,2022-11-24T19:41:59,8500.8
1810,3,SANTANDER,CARLOS,SAQUE,2022-03-04T21:27:03,8751.67
1520,1,SANTANDER,JOAO,SAQUE,2022-04-10T07:27:50,9439.05
1520,1,SANTANDER,JOAO,SAQUE,2022-09-22T10:22:35,2704.34
3090,6,SANTANDER,PEDRO,SAQUE,2022-08-12T15:17:33,3513.39
2750,5,SANTANDER,ANA,DEPOSITO,2022-07-12T16:28:19,2813.9
4110,7,SANTANDER,LUCAS,DEPOSITO,2022-06-19T05:54:21,9115.9
1260,8,SANTANDER,BEATRIZ,DEPOSITO,2022-07-31T07:41:04,59.53
3320,4,SANTANDER,MARIA,DEPOSITO,2022-06-17T23:42:03,2397.57
3090,6,SANTANDER,PEDRO,DEPOSITO,2022-07-19T12:57:17,7717.33
3090,6,SANTANDER,PEDRO,DEPOSITO,2022-06-11T22:07:47,1882.78
1810,3,SANTANDER,CARLOS,SAQUE,2022-09-19T22:33:18,7449.82
2750,5,SANTANDER,ANA,SAQUE,2022-05-24T10:32:01,4044.61
1044,2,SANTANDER,FELIPE,DEPOSITO,2022-04-13T21:09:01,2734.78
1810,3,SANTANDER,CARLOS,DEPOSITO,2022-09-13T18:48:01,1438.75
1810,3,SANTANDER,CARLOS,DEPOSITO,2022-06-13T02:34:28,9935.75
2220,2,SANTANDER,JULIA,DEPOSITO,2022-03-27T09:42:44,1340.56
1520,1,SANTANDER,JOAO,DEPOSITO,2022-11-12T06:20:01,1835.65
1260,8,SANTANDER,BEATRIZ,DEPOSITO,2022-02-01T04:34:01,7906.2
1520,1,SANTANDER,JOAO,SAQUE,2022-10-24T10:53:43,4378.42
1044,2,SANTANDER,FELIPE,SAQUE,2022-09-03T07:58:16,8919.39
4110,7,SANTANDER,LUCAS,SAQUE,2022-08-25T19:57:51,9573.15
4110,7,SANTANDER,LUCAS,SAQUE,2022-05-21T03:44:39,6949.4
2870,9,SANTANDER,PAULO,SAQUE,2022-03-20T16:09:49,5045.45
4110,7,SANTANDER,LUCAS,DEPOSITO,2022-11-27T09:41:16,8840.01
1044,2,SANTANDER,FELIPE,DEPOSITO,2022-10-30T19:10:20,7619.55
1044,2,SANTANDER,FELIPE,SAQUE,2022-03-12T12:19:13,9422.69
4110,7,SANTANDER,LUCAS,SAQUE,2022-10-23T09:23:01,1114.33
2870,9,SANTANDER,PAULO,SAQUE,2022-08-30T13:29:15,1392.72
1044,2,SANTANDER,FELIPE,DEPOSITO,2022-08-05T23:18:35,8880.03
1260,8,SANTANDER,BEATRIZ,DEPOSITO,2022-05-05T06:18:47,904.59
1520,1,SANTANDER,JOAO,DEPOSITO,2022-08-28T20:48:16,8047.48
2750,5,SANTANDER,ANA,SAQUE,2022-07-07T03:53:20,5885.75
2220,2,SANTANDER,JULIA,SAQUE,2022-05-23T03:00:07,8858.01
4110,7,SANTANDER,LUCAS,DEPOSITO,2022-03-27T07:54:24,7624.3
2220,2,SANTANDER,JULIA,DEPOSITO,2022-10-28T18:53:04,9916.6
4110,7,SANTANDER,LUCAS,DEPOSITO,2022-11-21T04:20:22,8272.33
2750,5,SANTANDER,ANA,DEPOSITO,2022-06-12T20:54:11,1530.62
1260,8,SANTANDER,BEATRIZ,DEPOSITO,2022-10-02T22:16:43,91.41
2750,5,SANTANDER,ANA,DEPOSITO,2022-12-29T07:10:09,58.23
1044,2,SANTANDER,FELIPE,DEPOSITO,2022-12-23T20:53:09,5621.41
1044,2,SANTANDER,FELIPE,SAQUE,2022-09-19T11:50:44,8630.92
1260,8,SANTANDER,BEATRIZ,SAQUE,2022-07-05T12:12:25,6292.61
2750,5,SANTANDER,ANA,DEPOSITO,2022-09-13T05:00:31,8248.25
2220,2,SANTANDER,JULIA,DEPOSITO,2022-02-21T09:41:49,8235.67
3320,4,SANTANDER,MARIA,DEPOSITO,2022-02-21T07:15:38,2422.63
1810,3,SANTANDER,CARLOS,SAQUE,2022-02-10T07:14:59,3581.87
1044,2,SANTANDER,FELIPE,SAQUE,2022-05-13T05:59:07,5199.85
1044,2,SANTANDER,FELIPE,DEPOSITO,2022-08-15T18:15:21,1702.62
2750,5,SANTANDER,ANA,DEPOSITO,2022-03-29T19:42:48,7234.42
4110,7,SANTANDER,LUCAS,DEPOSITO,2022-07-29T01:16:29,2229.93
3320,4,SANTANDER,MARIA,SAQUE,2022-01-14T02:38:25,574.42
3090,6,SANTANDER,PEDRO,SAQUE,2022-03-27T08:04:17,5123.76
1044,2,SANTANDER,FELIPE,SAQUE,2022-06-18T08:39:01,1388.29
1520,1,SANTANDER,JOAO,DEPOSITO,2022-12-25T09:46:37,3547.97
3320,4,SANTANDER,MARIA,DEPOSITO,2022-01-22T00:12:29,3638.93
3320,4,SANTANDER,MARIA,SAQUE,2022-05-07T11:57:45,8532.43
2220,2,SANTANDER,JULIA,DEPOSITO,2022-03-19T15:59:01,6798.38
1260,8,SANTANDER,BEATRIZ,DEPOSITO,2022-01-26T12:28:56,4529.74
1520,1,SANTANDER,JOAO,SAQUE,2022-11-06T12:26:32,2408.87
2750,5,SANTANDER,ANA,DEPOSITO,2022-08-08T17:19:10,8336.26
2750,5,SANTANDER,ANA,DEPOSITO,2022-02-21T22:41:00,9595.11
1044,2,SANTANDER,FELIPE,SAQUE,2022-11-01T09:52:28,1944.58
2870,9,SANTANDER,PAULO,DEPOSITO,2022-07-31T06:57:35,3163.14
2750,5,SANTANDER,ANA,SAQUE,2022-07-03T07:15:15,9374.01
2750,5,SANTANDER,ANA,DEPOSITO,2022-01-08T02:48:12,4686.16
2870,9,SANTANDER,PAULO,SAQUE,2022-06-10T15:17:41,6477.42
2750,5,SANTANDER,ANA,DEPOSITO,2022-04-03T13:14:53,4536.71
4110,7,SANTANDER,LUCAS,SAQUE,2022-09-28T15:41:02,3851.88
4110,7,SANTANDER,LUCAS,DEPOSITO,2022-09-13T14:22:17,478.39
4110,7,SANTANDER,LUCAS,SAQUE,2022-06-07T15:52:34,4223.07
1520,1,SANTANDER,JOAO,DEPOSITO,2022-08-06T09:00:57,7570.93
1810,3,SANTANDER,CARLOS,SAQUE,2022-05-20T09:18:14,2203.69
3090,6,SANTANDER,PEDRO,DEPOSITO,2022-02-13T18:57:56,3102.04
4110,7,SANTANDER,LUCAS,SAQUE,2022-06-19T07:11:18,6897.34
3090,6,SANTANDER,PEDRO,DEPOSITO,2022-05-15T08:07:18,701.26
1810,3,SANTANDER,CARLOS,SAQUE,2022-08-06T19:48:53,5446.52
1520,1,SANTANDER,JOAO,DEPOSITO,2022-08-01T07:30:11,953.2
4110,7,SANTANDER,LUCAS,DEPOSITO,2022-06-19T12:26:50,1848.12
2870,9,SANTANDER,PAULO,SAQUE,2022-06-26T19:19:28,2252.57
1044,2,SANTANDER,FELIPE,DEPOSITO,2022-04-18T15:35:10,9037.74
2220,2,SANTANDER,JULIA,DEPOSITO,2022-05-16T15:24:30,5961.55
4110,7,SANTANDER,LUCAS,DEPOSITO,2022-12-18T17:13:50,4034.6
3320,4,SANTANDER,MARIA,DEPOSITO,2022-02-18T18:08:45,9996.24
2220,2,SANTANDER,JULIA,DEPOSITO,2022-09-06T13:05:27,9323.41
1044,2,SANTANDER,FELIPE,SAQUE,2022-04-12T03:13:08,3693.29
1520,1,SANTANDER,JOAO,DEPOSITO,2022-03-16T00:25:00,7984.73
1260,8,SANTANDER,BEATRIZ,SAQUE,2022-03-27T18:51:10,7195.28
1520,1,SANTANDER,JOAO,SAQUE,2022-12-01T11:43:46,8801.65
2220,2,SANTANDER,JULIA,SAQUE,2022-02-23T13:53:29,3597.06
2750,5,SANTANDER,ANA,DEPOSITO,2022-09-21T13:53:49,6046.87
3090,6,SANTANDER,PEDRO,DEPOSITO,2022-09-29T09:31:47,4853.41
1810,3,SANTANDER,CARLOS,DEPOSITO,2022-01-29T13:09:20,5423.09
1044,2,SANTANDER,FELIPE,DEPOSITO,2022-12-13T10:51:45,6168.99
1810,3,SANTANDER,CARLOS,DEPOSITO,2022-07-12T09:54:35,3124.77
3090,6,SANTANDER,PEDRO,SAQUE,2022-10-02T01:39:58,7168.45
3320,4,SANTANDER,MARIA,SAQUE,2022-10-08T19:19:33,6461.04
1044,2,SANTANDER,FELIPE,SAQUE,2022-11-13T21:11:27,370.93
3320,4,SANTANDER,MARIA,SAQUE,2022-02-16T12:46:47,211.48
3090,6,SANTANDER,PEDRO,DEPOSITO,2022-08-25T14:27:39,7772.21
1810,3,SANTANDER,CARLOS,DEPOSITO,2022-11-06T13:21:00,3217.35
2750,5,SANTANDER,ANA,DEPOSITO,2022-08-10T21:06:16,7238.48
1810,3,SANTANDER,CARLOS,DEPOSITO,2022-05-28T21:48:33,8394.25
2220,2,SANTANDER,JULIA,SAQUE,2022-05-09T21:29:21,6984.61
3090,6,SANTANDER,PEDRO,DEPOSITO,2022-09-18T18:38:56,4003.97
2870,9,SANTANDER,PAULO,SAQUE,2022-11-02T22:10:10,9774.93
2220,2,SANTANDER,JULIA,SAQUE,2022-10-24T20:37:05,1547.07
1810,3,SANTANDER,CARLOS,SAQUE,2022-05-06T05:30:04,4605.74
1044,2,SANTANDER,FELIPE,SAQUE,2022-01-19T22:17:10,5854.72
4110,7,SANTANDER,LUCAS,SAQUE,2022-09-12T05:51:31,447.85
3090,6,SANTANDER,PEDRO,SAQUE,2022-11-08T00:56:46,6777.87
1044,2,SANTANDER,FELIPE,SAQUE,2022-10-24T10:17:32,3928.66
1810,3,SANTANDER,CARLOS,DEPOSITO,2022-10-25T11:13:30,5777.98
2220,2,SANTANDER,JULIA,SAQUE,2022-03-18T03:51:05,2261.18
3320,4,SANTANDER,MARIA,DEPOSITO,2022-11-30T02:42:31,9693.33
3090,6,SANTANDER,PEDRO,DEPOSITO,2022-06-20T03:52:25,1596.31
1260,8,SANTANDER,BEATRIZ,SAQUE,2022-09-18T13:48:04,1924.29
4110,7,SANTANDER,LUCAS,DEPOSITO,2022-02-15T00:32:32,6835.88
2750,5,SANTANDER,ANA,SAQUE,2022-01-15T03:29:45,7263.81
3320,4,SANTANDER,MARIA,DEPOSITO,2022-10-31T17:17:02,5446.3
1044,2,SANTANDER,FELIPE,SAQUE,2022-01-10T12:45:27,7035.08
3320,4,SANTANDER,MARIA,SAQUE,2022-06-04T18:27:12,7007.45
1260,8,SANTANDER,BEATRIZ,SAQUE,2022-05-28T20:43:37,3867.56
2870,9,SANTANDER,PAULO,DEPOSITO,2022-01-04T15:59:53,8735.84
1810,3,SANTANDER,CARLOS,SAQUE,2022-02-06T00:00:52,6810.59
4110,7,SANTANDER,LUCAS,DEPOSITO,2022-07-10T23:22:58,1516.03
3320,4,SANTANDER,MARIA,SAQUE,2022-05-02T08:37:41,9017.25
4110,7,SANTANDER,LUCAS,DEPOSITO,2022-07-01T23:03:01,4922.03
2220,2,SANTANDER,JULIA,SAQUE,2022-09-29T13:41:28,6771.42
3090,6,SANTANDER,PEDRO,DEPOSITO,2022-05-07T13:24:04,6677.93
2750,5,SANTANDER,ANA,SAQUE,2022-03-21T13:36:23,6641.16
2870,9,SANTANDER,PAULO,SAQUE,2022-10-06T16:14:08,9478.18
1520,1,SANTANDER,JOAO,DEPOSITO,2022-12-20T05:30:41,9542.3
1044,2,SANTANDER,FELIPE,DEPOSITO,2022-08-01T21:30:27,383.18
3320,4,SANTANDER,MARIA,SAQUE,2022-02-05T02:34:14,4225.7
1044,2,SANTANDER,FELIPE,SAQUE,2022-05-25T04:27:42,1589.57
1260,8,SANTANDER,BEATRIZ,DEPOSITO,2022-04-01T01:04:45,1438.35
3090,6,SANTANDER,PEDRO,DEPOSITO,2022-12-09T09:17:50,6639.37
1520,1,SANTANDER,JOAO,DEPOSITO,2022-12-04T02:17:14,4844.94
1520,1,SANTANDER,JOAO,SAQUE,2022-03-27T17:13:24,3773.88
2870,9,SANTANDER,PAULO,DEPOSITO,2022-02-21T02:26:33,9663.04
2220,2,SANTANDER,JULIA,SAQUE,2022-10-27T07:01:40,9368.29
1520,1,SANTANDER,JOAO,SAQUE,2022-10-06T23:50:38,4388.12
2220,2,SANTANDER,JULIA,DEPOSITO,2022-08-13T04:58:53,9225.27
1810,3,SANTANDER,CARLOS,SAQUE,2022-06-10T18:26:19,298.55
4110,7,SANTANDER,LUCAS,DEPOSITO,2022-07-06T09:58:17,783.07
1044,2,SANTANDER,FELIPE,SAQUE,2022-10-03T17:29:33,9579.32
2750,5,SANTANDER,ANA,DEPOSITO,2022-05-28T23:14:25,2144.36
2220,2,SANTANDER,JULIA,SAQUE,2022-05-29T13:42:23,9557.84
1520,1,SANTANDER,JOAO,DEPOSITO,2022-06-16T13:48:19,3608.82
1044,2,SANTANDER,FELIPE,DEPOSITO,2022-10-04T08:44:24,9067.39
2750,5,SANTANDER,ANA,DEPOSITO,2022-09-19T01:29:35,3393.03
1810,3,SANTANDER,CARLOS,SAQUE,2022-09-01T12:29:31,4645.63
1810,3,SANTANDER,CARLOS,SAQUE,2022-11-12T06:03:27,5971.14
2750,5,SANTANDER,ANA,SAQUE,2022-11-26T08:51:00,1949.06
1520,1,SANTANDER,JOAO,SAQUE,2022-03-25T00:09:21,3285.2
2220,2,SANTANDER,JULIA,SAQUE,2022-06-18T23:14:19,3529.97
3090,6,SANTANDER,PEDRO,DEPOSITO,2022-05-05T16:39:12,5136.74
4110,7,SANTANDER,LUCAS,DEPOSITO,2022-08-09T11:41:54,3402.99
2220,2,SANTANDER,JULIA,DEPOSITO,2022-07-11T04:06:22,471.78
1260,8,SANTANDER,BEATRIZ,SAQUE,2022-01-22T03:50:19,2394.3
2870,9,SANTANDER,PAULO,DEPOSITO,2022-03-22T14:29:35,8151.36
4110,7,SANTANDER,LUCAS,SAQUE,2022-12-06T09:42:07,9880.75
3320,4,SANTANDER,MARIA,SAQUE,2022-12-23T15:17:51,2881.92
1260,8,SANTANDER,BEATRIZ,SAQUE,2022-02-20T08:57:11,459.03
1260,8,SANTANDER,BEATRIZ,SAQUE,2022-04-15T03:57:44,6538.56
1260,8,SANTANDER,BEATRIZ,SAQUE,2022-11-25T15:09:34,6960.96
2870,9,SANTANDER,PAULO,DEPOSITO,2022-12-16T01:07:34,1543.12
1260,8,SANTANDER,BEATRIZ,SAQUE,2022-06-04T20:13:31,8316.4
2220,2,SANTANDER,JULIA,SAQUE,2022-07-03T06:19:14,2167.04
3320,4,SANTANDER,MARIA,DEPOSITO,2022-04-13T14:28:52,8382.66
3090,6,SANTANDER,PEDRO,DEPOSITO,2022-09-19T17:31:20,4325.64
3320,4,SANTANDER,MARIA,SAQUE,2022-08-24T23:29:16,9054.17
1260,8,SANTANDER,BEATRIZ,SAQUE,2022-11-29T11:33:38,6448.12
2750,5,SANTANDER,ANA,SAQUE,2022-07-16T22:04:09,1648.25
4110,7,SANTANDER,LUCAS,SAQUE,2022-05-26T21:29:12,7561.2
1044,2,SANTANDER,FELIPE,DEPOSITO,2022-05-17T08:30:34,3197.04
2750,5,SANTANDER,ANA,DEPOSITO,2022-05-18T17:33:02,4710.09
3090,6,SANTANDER,PEDRO,DEPOSITO,2022-06-03T12:18:18,6943.4
1260,8,SANTANDER,BEATRIZ,SAQUE,2022-01-17T16:00:55,7951.92
4110,7,SANTANDER,LUCAS,SAQUE,2022-12-28T16:40:19,5677.48
1044,2,SANTANDER,FELIPE,DEPOSITO,2022-06-21T11:13:29,8264.09
2870,9,SANTANDER,PAULO,DEPOSITO,2022-07-23T02:51:51,4960.56
4110,7,SANTANDER,LUCAS,DEPOSITO,2022-08-21T06:07:46,6494.5
2220,2,SANTANDER,JULIA,DEPOSITO,2022-07-02T11:30:18,4708.52
4110,7,SANTANDER,LUCAS,SAQUE,2022-11-05T11:24:35,9938.05
3320,4,SANTANDER,MARIA,DEPOSITO,2022-11-26T10:37:57,2035.6
3320,4,SANTANDER,MARIA,SAQUE,2022-05-05T09:22:37,3481.19
1260,8,SANTANDER,BEATRIZ,DEPOSITO,2022-05-02T09:35:43,2534.99
3090,6,SANTANDER,PEDRO,SAQUE,2022-02-14T09:13:28,3583.38
3320,4,SANTANDER,MARIA,DEPOSITO,2022-09-02T16:07:40,8346.47
1520,1,SANTANDER,JOAO,SAQUE,2022-05-26T07:18:39,6067.43
3090,6,SANTANDER,PEDRO,SAQUE,2022-02-11T04:27:19,6568.54
2870,9,SANTANDER,PAULO,SAQUE,2022-09-01T07:04:22,7355.9
3320,4,SANTANDER,MARIA,DEPOSITO,2022-08-03T05:29:44,2562.16
2870,9,SANTANDER,PAULO,DEPOSITO,2022-04-12T06:58:07,4418.23
1520,1,SANTANDER,JOAO,DEPOSITO,2022-10-11T20:11:58,3854.94
1044,2,SANTANDER,FELIPE,SAQUE,2022-06-12T02:19:58,7627.64
3320,4,SANTANDER,MARIA,DEPOSITO,2022-11-15T01:55:07,1679.03
3320,4,SANTANDER,MARIA,DEPOSITO,2022-10-18T02:51:08,812.88
1260,8,SANTANDER,BEATRIZ,DEPOSITO,2022-04-18T06:02:15,1028.28
1520,1,SANTANDER,JOAO,SAQUE,2022-10-12T06:23:44,7393.81
4110,7,SANTANDER,LUCAS,SAQUE,2022-06-10T19:42:10,8104.97
1044,2,SANTANDER,FELIPE,DEPOSITO,2022-05-10T11:36:04,3426.97
2750,5,SANTANDER,ANA,SAQUE,2022-07-31T11:28:34,3743.12
2220,2,SANTANDER,JULIA,SAQUE,2022-07-31T16:46:15,2192.71
1810,3,SANTANDER,CARLOS,DEPOSITO,2022-04-19T21:43:27,2584.35
1260,8,SANTANDER,BEATRIZ,DEPOSITO,2022-11-12T05:56:39,8055.34
3320,4,SANTANDER,MARIA,DEPOSITO,2022-11-09T00:13:51,285.28
3090,6,SANTANDER,PEDRO,SAQUE,2022-10-16T03:21:23,5736.44
1520,1,SANTANDER,JOAO,DEPOSITO,2022-03-01T16:20:52,5410.78
3320,4,SANTANDER,MARIA,DEPOSITO,2022-01-16T18:16:27,8670.62
3320,4,SANTANDER,MARIA,DEPOSITO,2022-02-24T07:11:01,8801.94
1044,2,SANTANDER,FELIPE,DEPOSITO,2022-05-21T17:59:40,9351.72
4110,7,SANTANDER,LUCAS,DEPOSITO,2022-12-10T12:36:17,2806.92
3090,6,SANTANDER,PEDRO,DEPOSITO,2022-05-20T06:44:22,4599.47
1044,2,SANTANDER,FELIPE,DEPOSITO,2022-09-14T15:20:12,9331.84
2220,2,SANTANDER,JULIA,SAQUE,2022-10-15T23:02:12,7124.06
1520,1,SANTANDER,JOAO,SAQUE,2022-07-17T00:57:28,884.85
3090,6,SANTANDER,PEDRO,SAQUE,2022-02-11T09:30:13,9538.32
1044,2,SANTANDER,FELIPE,SAQUE,2022-06-25T14:21:33,7537.67
1044,2,SANTANDER,FELIPE,DEPOSITO,2022-07-06T04:42:09,3680.41
2220,2,SANTANDER,JULIA,DEPOSITO,2022-05-26T14:56:39,9833.38
3090,6,SANTANDER,PEDRO,DEPOSITO,2022-04-01T18:00:01,9249.19
1520,1,SANTANDER,JOAO,DEPOSITO,2022-09-05T00:13:23,2840.23
1810,3,SANTANDER,CARLOS,DEPOSITO,2022-07-09T00:09:32,5822.91
4110,7,SANTANDER,LUCAS,SAQUE,2022-07-26T20:44:59,6782.48
1520,1,SANTANDER,JOAO,DEPOSITO,2022-11-25T03:32:00,707.27
1520,1,SANTANDER,JOAO,DEPOSITO,2022-11-10T07:32:36,2988.36
1260,8,SANTANDER,BEATRIZ,SAQUE,2022-08-26T22:53:23,894.95
4110,7,SANTANDER,LUCAS,DEPOSITO,2022-02-06T18:06:50,5554.96
1044,2,SANTANDER,FELIPE,SAQUE,2022-07-03T01:43:36,5515.94
1810,3,SANTANDER,CARLOS,DEPOSITO,2022-11-23T12:40:43,5402.79
1810,3,SANTANDER,CARLOS,SAQUE,2022-01-30T03:49:26,7545.63
1810,3,SANTANDER,CARLOS,SAQUE,2022-07-05T23:27:57,7647.66
1260,8,SANTANDER,BEATRIZ,SAQUE,2022-10-28T01:37:03,9347.15
3320,4,SANTANDER,MARIA,SAQUE,2022-01-16T08:50:30,2125.33
1520,1,SANTANDER,JOAO,DEPOSITO,2022-10-20T00:18:15,1483.88
1810,3,SANTANDER,CARLOS,SAQUE,2022-05-08T05:38:10,2166.03
4110,7,SANTANDER,LUCAS,DEPOSITO,2022-11-30T21:30:00,505.82
1810,3,SANTANDER,CARLOS,SAQUE,2022-05-26T12:00:40,4297.87
1260,8,SANTANDER,BEATRIZ,DEPOSITO,2022-01-28T16:29:48,2666.83
1810,3,SANTANDER,CARLOS,DEPOSITO,2022-08-08T16:09:12,364.47
1520,1,SANTANDER,JOAO,DEPOSITO,2022-09-01T03:30:58,1344.01
1810,3,SANTANDER,CARLOS,DEPOSITO,2022-11-21T09:11:02,2392.25
4110,7,SANTANDER,LUCAS,SAQUE,2022-03-04T14:11:24,9402.67
2870,9,SANTANDER,PAULO,SAQUE,2022-02-12T14:31:24,3989.31
3320,4,SANTANDER,MARIA,SAQUE,2022-01-04T14:34:41,2766.48
2220,2,SANTANDER,JULIA,SAQUE,2022-12-19T00:49:39,4392.12
1810,3,SANTANDER,CARLOS,SAQUE,2022-12-20T06:29:07,6940.25
1260,8,SANTANDER,BEATRIZ,DEPOSITO,2022-06-19T05:50:43,1195.64
4110,7,SANTANDER,LUCAS,SAQUE,2022-05-29T22:40:33,9779.8
1520,1,SANTANDER,JOAO,SAQUE,2022-02-20T01:05:43,5279.25
2870,9,SANTANDER,PAULO,DEPOSITO,2022-02-03T18:06:13,1650.42
1810,3,SANTANDER,CARLOS,SAQUE,2022-07-07T18:33:08,8677.41
1520,1,SANTANDER,JOAO,SAQUE,2022-09-10T23:35:14,6726.98
2220,2,SANTANDER,JULIA,SAQUE,2022-08-19T05:28:30,716.4
2220,2,SANTANDER,JULIA,SAQUE,2022-08-20T21:32:12,911.93
3320,4,SANTANDER,MARIA,DEPOSITO,2022-04-21T21:31:55,5394.56
3090,6,SANTANDER,PEDRO,DEPOSITO,2022-02-06T05:42:30,1447.96
1520,1,SANTANDER,JOAO,SAQUE,2022-10-06T23:50:38,4388.12
1520,1,SANTANDER,JOAO,DEPOSITO,2022-01-07T19:10:02,2584.75
3090,6,SANTANDER,PEDRO,DEPOSITO,2022-05-10T04:38:45,83.12
2220,2,SANTANDER,JULIA,DEPOSITO,2022-09-02T09:20:15,7353.68
2220,2,SANTANDER,JULIA,DEPOSITO,2022-01-28T15:21:44,5122.24
1810,3,SANTANDER,CARLOS,DEPOSITO,2022-12-05T10:09:03,5780.23
2870,9,SANTANDER,PAULO,SAQUE,2022-02-21T19:29:28,7199.04
4110,7,SANTANDER,LUCAS,SAQUE,2022-10-17T11:51:48,9457.54
1520,1,SANTANDER,JOAO,DEPOSITO,2022-10-06T16:12:34,2753.42
2220,2,SANTANDER,JULIA,SAQUE,2022-12-11T23:54:47,3559.99
4110,7,SANTANDER,LUCAS,DEPOSITO,2022-07-19T20:01:33,1301.33
2750,5,SANTANDER,ANA,SAQUE,2022-10-19T21:01:47,8470.63
1044,2,SANTANDER,FELIPE,SAQUE,2022-05-21T16:22:15,7515.76
2750,5,SANTANDER,ANA,DEPOSITO,2022-05-27T23:16:14,4516.05
1260,8,SANTANDER,BEATRIZ,SAQUE,2022-11-27T05:07:26,2322.77
1260,8,SANTANDER,BEATRIZ,DEPOSITO,2022-07-29T05:35:16,9747.1
1520,1,SANTANDER,JOAO,SAQUE,2022-01-19T17:36:12,3813.58
2750,5,SANTANDER,ANA,DEPOSITO,2022-08-23T01:56:28,4872.31
1520,1,SANTANDER,JOAO,DEPOSITO,2022-01-14T10:13:25,7125.71
4110,7,SANTANDER,LUCAS,SAQUE,2022-05-15T05:10:19,3416.33
4110,7,SANTANDER,LUCAS,SAQUE,2022-09-04T20:40:48,7102.38
3320,4,SANTANDER,MARIA,SAQUE,2022-08-20T05:15:35,4376.0
1044,2,SANTANDER,FELIPE,SAQUE,2022-02-07T08:46:26,8503.78
2750,5,SANTANDER,ANA,SAQUE,2022-05-21T00:49:47,6681.05
4110,7,SANTANDER,LUCAS,DEPOSITO,2022-08-01T04:34:34,6214.47
2870,9,SANTANDER,PAULO,DEPOSITO,2022-07-05T15:26:17,8246.92
1260,8,SANTANDER,BEATRIZ,DEPOSITO,2022-12-06T22:59:02,6669.39
3320,4,SANTANDER,MARIA,DEPOSITO,2022-04-24T13:58:29,9861.89
1044,2,SANTANDER,FELIPE,DEPOSITO,2022-04-10T22:46:33,2800.91
1520,1,SANTANDER,JOAO,DEPOSITO,2022-06-19T06:13:35,7776.04
3320,4,SANTANDER,MARIA,SAQUE,2022-11-29T05:13:17,8963.2
1260,8,SANTANDER,BEATRIZ,SAQUE,2022-02-04T07:38:31,4003.91
4110,7,SANTANDER,LUCAS,SAQUE,2022-10-20T06:08:54,9615.01
2750,5,SANTANDER,ANA,DEPOSITO,2022-10-03T15:04:32,3947.22
3090,6,SANTANDER,PEDRO,SAQUE,2022-12-19T14:40:08,6220.59
4110,7,SANTANDER,LUCAS,SAQUE,2022-04-11T02:09:51,6092.83
1810,3,SANTANDER,CARLOS,SAQUE,2022-06-10T20:18:25,8426.3
3320,4,SANTANDER,MARIA,SAQUE,2022-08-24T01:08:42,2152.72
3320,4,SANTANDER,MARIA,DEPOSITO,2022-10-18T01:10:02,5439.76
2220,2,SANTANDER,JULIA,DEPOSITO,2022-07-22T21:57:03,6636.6
2750,5,SANTANDER,ANA,DEPOSITO,2022-10-04T18:34:57,8958.4
1520,1,SANTANDER,JOAO,SAQUE,2022-03-23T20:37:33,2311.46
3090,6,SANTANDER,PEDRO,SAQUE,2022-10-20T02:46:49,8038.7
1044,2,SANTANDER,FELIPE,DEPOSITO,2022-02-14T15:10:07,7354.46
1810,3,SANTANDER,CARLOS,DEPOSITO,2022-11-30T17:21:10,2663.22
2870,9,SANTANDER,PAULO,SAQUE,2022-09-21T13:06:27,8003.23
1520,1,SANTANDER,JOAO,SAQUE,2022-03-24T21:25:18,5565.55
1044,2,SANTANDER,FELIPE,DEPOSITO,2022-06-04T23:55:42,8373.99
3090,6,SANTANDER,PEDRO,DEPOSITO,2022-08-07T16:31:12,9994.44
2750,5,SANTANDER,ANA,DEPOSITO,2022-04-14T22:10:11,2915.52
3320,4,SANTANDER,MARIA,SAQUE,2022-02-13T19:16:54,4660.9
2220,2,SANTANDER,JULIA,DEPOSITO,2022-03-04T11:40:17,9724.32
2750,5,SANTANDER,ANA,SAQUE,2022-12-21T19:07:06,5331.16
3320,4,SANTANDER,MARIA,DEPOSITO,2022-01-28T06:11:11,3929.02
2870,9,SANTANDER,PAULO,SAQUE,2022-03-06T19:23:28,9201.69
3320,4,SANTANDER,MARIA,DEPOSITO,2022-09-20T09:10:32,7665.04
2220,2,SANTANDER,JULIA,SAQUE,2022-08-08T11:14:01,7597.88
4110,7,SANTANDER,LUCAS,SAQUE,2022-09-03T07:12:47,9825.39
3090,6,SANTANDER,PEDRO,DEPOSITO,2022-05-16T15:31:54,4897.29
3090,6,SANTANDER,PEDRO,SAQUE,2022-11-21T21:04:08,3546.95
2750,5,SANTANDER,ANA,SAQUE,2022-12-19T20:33:46,9567.56
2220,2,SANTANDER,JULIA,SAQUE,2022-08-30T22:55:54,1518.1
3320,4,SANTANDER,MARIA,SAQUE,2022-11-17T15:26:33,716.81
4110,7,SANTANDER,LUCAS,DEPOSITO,2022-09-28T01:17:59,2596.3
2220,2,SANTANDER,JULIA,DEPOSITO,2022-09-08T11:45:46,5498.47
1810,3,SANTANDER,CARLOS,DEPOSITO,2022-02-11T04:51:13,8545.37
3090,6,SANTANDER,PEDRO,DEPOSITO,2022-06-29T02:55:56,1406.13
3090,6,SANTANDER,PEDRO,DEPOSITO,2022-08-08T04:47:28,2599.69
1520,1,SANTANDER,JOAO,DEPOSITO,2022-12-26T09:39:40,6779.56
1260,8,SANTANDER,BEATRIZ,DEPOSITO,2022-01-15T00:52:45,5212.47
2220,2,SANTANDER,JULIA,DEPOSITO,2022-11-07T10:21:13,3216.54
3090,6,SANTANDER,PEDRO,SAQUE,2022-12-28T20:55:21,6604.17
3090,6,SANTANDER,PEDRO,SAQUE,2022-12-09T08:05:17,301.85
3320,4,SANTANDER,MARIA,SAQUE,2022-09-05T21:31:30,7642.2
4110,7,SANTANDER,LUCAS,DEPOSITO,2022-11-01T07:58:12,859.37
2750,5,SANTANDER,ANA,DEPOSITO,2022-04-14T16:23:42,4078.56
2220,2,SANTANDER,JULIA,DEPOSITO,2022-07-10T19:43:28,1193.66
2220,2,SANTANDER,JULIA,DEPOSITO,2022-11-20T08:50:09,3578.54
2750,5,SANTANDER,ANA,DEPOSITO,2022-05-30T04:17:55,8828.77
2870,9,SANTANDER,PAULO,SAQUE,2022-08-31T15:48:10,4653.42
1810,3,SANTANDER,CARLOS,DEPOSITO,2022-08-18T13:51:55,3138.84
1810,3,SANTANDER,CARLOS,SAQUE,2022-07-10T07:10:03,8763.51
1520,1,SANTANDER,JOAO,DEPOSITO,2022-02-18T08:02:18,8987.6
3090,6,SANTANDER,PEDRO,SAQUE,2022-01-17T05:01:18,9423.15
2750,5,SANTANDER,ANA,DEPOSITO,2022-12-17T11:44:40,8874.09
3090,6,SANTANDER,PEDRO,DEPOSITO,2022-02-11T03:59:11,6933.24
2220,2,SANTANDER,JULIA,SAQUE,2022-08-24T19:43:37,4502.74
1260,8,SANTANDER,BEATRIZ,SAQUE,2022-11-14T17:33:03,3446.7
1044,2,SANTANDER,FELIPE,DEPOSITO,2022-09-04T10:00:46,1003.32
4110,7,SANTANDER,LUCAS,SAQUE,2022-04-25T22:48:55,4274.68
4110,7,SANTANDER,LUCAS,SAQUE,2022-08-14T23:21:51,1641.41
1810,3,SANTANDER,CARLOS,DEPOSITO,2022-08-08T04:13:53,3732.76
2220,2,SANTANDER,JULIA,SAQUE,2022-12-01T13:49:07,7847.74
1520,1,SANTANDER,JOAO,SAQUE,2022-06-19T16:04:29,9328.78
4110,7,SANTANDER,LUCAS,SAQUE,2022-04-27T11:06:15,8644.75
1260,8,SANTANDER,BEATRIZ,DEPOSITO,2022-05-15T09:52:51,9552.98
3320,4,SANTANDER,MARIA,DEPOSITO,2022-10-04T11:52:12,2342.29
1520,1,SANTANDER,JOAO,SAQUE,2022-04-02T21:51:00,1033.31
4110,7,SANTANDER,LUCAS,SAQUE,2022-05-05T00:57:03,3253.04
3320,4,SANTANDER,MARIA,SAQUE,2022-11-27T16:45:28,2786.14
1520,1,SANTANDER,JOAO,SAQUE,2022-07-21T08:19:50,9791.37
4110,7,SANTANDER,LUCAS,DEPOSITO,2022-07-09T09:50:57,6298.4
3090,6,SANTANDER,PEDRO,DEPOSITO,2022-01-24T05:51:51,2727.03
4110,7,SANTANDER,LUCAS,SAQUE,2022-05-04T02:42:12,6619.4
1260,8,SANTANDER,BEATRIZ,DEPOSITO,2022-03-09T16:58:18,1168.44
1260,8,SANTANDER,BEATRIZ,SAQUE,2022-04-13T20:38:53,8952.05
1520,1,SANTANDER,JOAO,DEPOSITO,2022-01-02T14:44:42,4592.02
3320,4,SANTANDER,MARIA,SAQUE,2022-09-19T01:13:44,9317.05
1810,3,SANTANDER,CARLOS,DEPOSITO,2022-03-16T19:04:26,7320.65
1810,3,SANTANDER,CARLOS,SAQUE,2022-06-28T10:40:50,9516.31
3090,6,SANTANDER,PEDRO,DEPOSITO,2022-06-08T23:32:08,4405.83
1520,1,SANTANDER,JOAO,DEPOSITO,2022-12-25T09:46:37,3547.97
3090,6,SANTANDER,PEDRO,DEPOSITO,2022-02-07T13:43:31,3436.05
1810,3,SANTANDER,CARLOS,SAQUE,2022-07-09T15:22:45,6335.37
1810,3,SANTANDER,CARLOS,SAQUE,2022-08-24T08:26:14,8901.98
2750,5,SANTANDER,ANA,SAQUE,2022-10-27T13:08:44,4872.27
1260,8,SANTANDER,BEATRIZ,DEPOSITO,2022-09-25T11:30:02,5062.05
1520,1,SANTANDER,JOAO,SAQUE,2022-02-15T08:34:17,9418.76
2870,9,SANTANDER,PAULO,DEPOSITO,2022-06-16T08:57:54,4479.38
1260,8,SANTANDER,BEATRIZ,SAQUE,2022-09-03T10:42:49,2907.83
1044,2,SANTANDER,FELIPE,DEPOSITO,2022-05-26T22:57:10,815.53
2220,2,SANTANDER,JULIA,DEPOSITO,2022-07-16T12:07:38,6494.24
3320,4,SANTANDER,MARIA,DEPOSITO,2022-07-10T11:17:10,221.91
2220,2,SANTANDER,JULIA,DEPOSITO,2022-03-15T02:49:40,6031.06
3090,6,SANTANDER,PEDRO,DEPOSITO,2022-02-10T16:25:06,9658.43
1260,8,SANTANDER,BEATRIZ,DEPOSITO,2022-01-18T06:17:09,8511.36
3320,4,SANTANDER,MARIA,DEPOSITO,2022-07-08T06:49:07,7792.97
2870,9,SANTANDER,PAULO,DEPOSITO,2022-09-11T23:35:41,8944.48
3090,6,SANTANDER,PEDRO,DEPOSITO,2022-08-13T12:15:28,6434.41
2870,9,SANTANDER,PAULO,DEPOSITO,2022-11-06T12:31:06,2551.97
3320,4,SANTANDER,MARIA,DEPOSITO,2022-07-09T09:05:57,7358.95
1520,1,SANTANDER,JOAO,SAQUE,2022-09-18T05:57:53,9141.13
3090,6,SANTANDER,PEDRO,DEPOSITO,2022-01-15T21:53:50,7529.57
1520,1,SANTANDER,JOAO,DEPOSITO,2022-08-27T07:19:53,5713.73
3320,4,SANTANDER,MARIA,DEPOSITO,2022-11-04T20:44:24,5975.95
3090,6,SANTANDER,PEDRO,SAQUE,2022-05-16T21:48:10,7407.61
2750,5,SANTANDER,ANA,SAQUE,2022-06-16T12:30:56,5206.94
3320,4,SANTANDER,MARIA,DEPOSITO,2022-11-13T15:00:50,998.88
2870,9,SANTANDER,PAULO,DEPOSITO,2022-05-18T22:16:04,2996.69
3090,6,SANTANDER,PEDRO,SAQUE,2022-01-21T06:07:16,9194.45
2750,5,SANTANDER,ANA,SAQUE,2022-07-28T12:15:50,8080.29
2750,5,SANTANDER,ANA,DEPOSITO,2022-09-21T10:24:25,7595.24
3320,4,SANTANDER,MARIA,DEPOSITO,2022-01-28T18:20:53,2262.29
1810,3,SANTANDER,CARLOS,DEPOSITO,2022-02-03T05:11:15,7358.91
1520,1,SANTANDER,JOAO,DEPOSITO,2022-01-13T10:04:20,3531.93
1260,8,SANTANDER,BEATRIZ,DEPOSITO,2022-01-31T09:31:33,9644.7
1260,8,SANTANDER,BEATRIZ,SAQUE,2022-02-19T02:19:51,1776.87
1810,3,SANTANDER,CARLOS,SAQUE,2022-10-06T10:28:46,3800.43
4110,7,SANTANDER,LUCAS,SAQUE,2022-09-10T16:00:39,1458.52
1260,8,SANTANDER,BEATRIZ,DEPOSITO,2022-07-09T18:40:02,1917.55
1520,1,SANTANDER,JOAO,DEPOSITO,2022-04-01T20:41:05,4812.36
1044,2,SANTANDER,FELIPE,SAQUE,2022-06-10T05:01:37,2538.38
2220,2,SANTANDER,JULIA,SAQUE,2022-02-28T20:17:11,9052.02
1260,8,SANTANDER,BEATRIZ,DEPOSITO,2022-09-29T23:42:00,8118.78
4110,7,SANTANDER,LUCAS,SAQUE,2022-04-27T18:00:26,593.72
1520,1,SANTANDER,JOAO,DEPOSITO,2022-06-10T14:58:59,4860.71
2750,5,SANTANDER,ANA,SAQUE,2022-02-25T21:24:15,2163.12
1044,2,SANTANDER,FELIPE,SAQUE,2022-08-04T16:18:08,7872.44
2750,5,SANTANDER,ANA,SAQUE,2022-01-19T01:55:01,651.7
1260,8,SANTANDER,BEATRIZ,DEPOSITO,2022-04-12T22:18:07,2292.84
1520,1,SANTANDER,JOAO,SAQUE,2022-07-09T10:59:03,3381.37
3320,4,SANTANDER,MARIA,SAQUE,2022-05-09T03:57:11,4533.3
1044,2,SANTANDER,FELIPE,SAQUE,2022-07-24T22:59:30,3449.58
1810,3,SANTANDER,CARLOS,DEPOSITO,2022-01-21T06:42:43,4426.97
1260,8,SANTANDER,BEATRIZ,SAQUE,2022-09-22T01:09:39,8968.24
1810,3,SANTANDER,CARLOS,DEPOSITO,2022-05-31T13:12:37,3162.66
1044,2,SANTANDER,FELIPE,DEPOSITO,2022-01-01T16:41:17,5421.55
3320,4,SANTANDER,MARIA,SAQUE,2022-11-19T07:35:00,7291.42
1044,2,SANTANDER,FELIPE,SAQUE,2022-10-06T16:58:36,2018.71
3320,4,SANTANDER,MARIA,SAQUE,2022-10-04T23:54:12,8349.81
1810,3,SANTANDER,CARLOS,DEPOSITO,2022-08-13T22:36:52,6018.17
4110,7,SANTANDER,LUCAS,SAQUE,2022-10-14T13:59:22,2614.83
1520,1,SANTANDER,JOAO,SAQUE,2022-09-10T21:35:28,1076.98
1260,8,SANTANDER,BEATRIZ,SAQUE,2022-01-07T22:25:28,6774.22
3320,4,SANTANDER,MARIA,SAQUE,2022-06-18T22:53:35,9305.08
2870,9,SANTANDER,PAULO,SAQUE,2022-05-03T21:08:15,8435.83
2750,5,SANTANDER,ANA,DEPOSITO,2022-11-15T22:44:43,6925.92
3320,4,SANTANDER,MARIA,DEPOSITO,2022-08-02T03:12:57,5912.15
2750,5,SANTANDER,ANA,SAQUE,2022-07-09T22:33:57,9644.21
2870,9,SANTANDER,PAULO,DEPOSITO,2022-06-10T19:30:30,5362.24
1810,3,SANTANDER,CARLOS,SAQUE,2022-03-25T01:15:09,2004.91
1520,1,SANTANDER,JOAO,SAQUE,2022-04-25T10:49:50,3976.48
1260,8,SANTANDER,BEATRIZ,DEPOSITO,2022-01-16T16:12:24,3712.19
1810,3,SANTANDER,CARLOS,DEPOSITO,2022-01-24T20:17:05,5536.92
3090,6,SANTANDER,PEDRO,SAQUE,2022-08-07T13:25:04,713.25
2220,2,SANTANDER,JULIA,SAQUE,2022-01-11T16:41:01,6634.03
1810,3,SANTANDER,CARLOS,SAQUE,2022-06-06T08:09:06,866.71
2750,5,SANTANDER,ANA,DEPOSITO,2022-07-25T19:44:59,6516.93
1810,3,SANTANDER,CARLOS,SAQUE,2022-04-24T06:36:12,4959.73
2750,5,SANTANDER,ANA,DEPOSITO,2022-07-18T06:46:38,6896.96
3090,6,SANTANDER,PEDRO,SAQUE,2022-08-07T16:59:14,9451.26
1810,3,SANTANDER,CARLOS,SAQUE,2022-01-24T22:54:32,7935.05
1520,1,SANTANDER,JOAO,DEPOSITO,2022-12-08T22:28:38,7831.93
2220,2,SANTANDER,JULIA,SAQUE,2022-09-14T06:25:10,6165.27
1520,1,SANTANDER,JOAO,DEPOSITO,2022-09-09T14:50:03,5254.67
4110,7,SANTANDER,LUCAS,DEPOSITO,2022-10-28T21:30:27,4672.15
1260,8,SANTANDER,BEATRIZ,DEPOSITO,2022-02-04T15:42:23,9192.34
2220,2,SANTANDER,JULIA,SAQUE,2022-05-12T10:07:20,3325.54
1260,8,SANTANDER,BEATRIZ,DEPOSITO,2022-10-22T14:04:52,9092.94
1520,1,SANTANDER,JOAO,SAQUE,2022-07-02T18:18:37,853.89
1810,3,SANTANDER,CARLOS,DEPOSITO,2022-04-11T18:27:20,1126.8
2870,9,SANTANDER,PAULO,DEPOSITO,2022-10-02T22:05:33,9153.49
2750,5,SANTANDER,ANA,SAQUE,2022-05-11T15:14:07,3643.51
2750,5,SANTANDER,ANA,SAQUE,2022-12-12T04:00:58,8846.56
2220,2,SANTANDER,JULIA,SAQUE,2022-04-16T12:56:25,132.93
1260,8,SANTANDER,BEATRIZ,SAQUE,2022-03-11T22:51:47,8754.42
2750,5,SANTANDER,ANA,DEPOSITO,2022-12-03T11:31:56,5028.37
2870,9,SANTANDER,PAULO,SAQUE,2022-05-15T11:39:12,6021.1
1520,1,SANTANDER,JOAO,SAQUE,2022-08-09T15:04:32,467.52
2750,5,SANTANDER,ANA,DEPOSITO,2022-05-10T02:51:50,7251.17
2750,5,SANTANDER,ANA,DEPOSITO,2022-07-08T21:11:05,917.43
1260,8,SANTANDER,BEATRIZ,SAQUE,2022-05-31T02:09:32,2710.59
1260,8,SANTANDER,BEATRIZ,SAQUE,2022-01-27T03:55:27,7874.74
1810,3,SANTANDER,CARLOS,DEPOSITO,2022-06-25T17:26:45,699.15
1044,2,SANTANDER,FELIPE,DEPOSITO,2022-12-07T11:09:04,13.25
1520,1,SANTANDER,JOAO,DEPOSITO,2022-04-10T02:18:04,1156.03
1260,8,SANTANDER,BEATRIZ,SAQUE,2022-10-10T19:18:21,7624.35
1044,2,SANTANDER,FELIPE,SAQUE,2022-02-27T19:22:31,7794.03
1520,1,SANTANDER,JOAO,DEPOSITO,2022-12-22T06:14:46,4519.01
4110,7,SANTANDER,LUCAS,DEPOSITO,2022-12-27T20:11:10,9902.16
4110,7,SANTANDER,LUCAS,DEPOSITO,2022-06-02T11:03:22,8740.88
3090,6,SANTANDER,PEDRO,SAQUE,2022-11-20T23:39:26,436.56
2220,2,SANTANDER,JULIA,DEPOSITO,2022-08-05T06:19:43,9135.49
1044,2,SANTANDER,FELIPE,SAQUE,2022-06-06T16:14:25,5085.35
2220,2,SANTANDER,JULIA,DEPOSITO,2022-03-10T22:26:15,8954.83
3320,4,SANTANDER,MARIA,DEPOSITO,2022-04-26T13:24:43,2490.62
3090,6,SANTANDER,PEDRO,DEPOSITO,2022-09-14T13:31:30,7702.66
2750,5,SANTANDER,ANA,DEPOSITO,2022-03-11T14:14:52,779.66
1260,8,SANTANDER,BEATRIZ,DEPOSITO,2022-01-30T01:26:44,1114.94
